RecID,Subject,Activity Date,Created Date,Status
00T0x00000EDVpdEAH,Opportunity Follow Up,2019-07-17,2019-07-15T17:49:09.000+0000,Not Started
00T0x00000ECSQNEA5,Opportunity Follow Up,2019-07-17,2019-07-15T17:33:19.000+0000,Not Started
00T0x00000EATmoEAH,Opportunity Follow Up,2019-07-17,2019-07-15T17:17:00.000+0000,Not Started
00T0x00000EA8TgEAL,Opportunity Follow Up,2019-07-17,2019-07-15T17:10:09.000+0000,Not Started
00T0x00000EA4kVEAT,Opportunity Follow Up,2019-07-17,2019-07-15T17:06:58.000+0000,Not Started
00T0x00000EA1GhEAL,Opportunity Follow Up,2019-07-17,2019-07-15T17:03:38.000+0000,Not Started
00T0x00000E9y2cEAB,Opportunity Follow Up,2019-07-17,2019-07-15T16:54:38.000+0000,Not Started
00T0x00000E9y0HEAR,Opportunity Follow Up,2019-07-17,2019-07-15T16:46:18.000+0000,Not Started
00T0x00000E9y02EAB,Opportunity Follow Up,2019-07-17,2019-07-15T16:38:48.000+0000,Not Started
00T0x00000E9xxaEAB,Opportunity Follow Up,2019-07-17,2019-07-15T16:16:38.000+0000,Not Started
00T0x00000E9xueEAB,Opportunity Follow Up,2019-07-17,2019-07-15T15:45:18.000+0000,Not Started
00T0x00000E9xuFEAR,Opportunity Follow Up,2019-07-17,2019-07-15T15:41:18.000+0000,Not Started
00T0x00000E9xtbEAB,Opportunity Follow Up,2019-07-17,2019-07-15T15:37:08.000+0000,Not Started
00T0x00000E9tsQEAR,Opportunity Follow Up,2019-07-16,2019-07-14T10:01:10.000+0000,Not Started
00T0x00000E9tsaEAB,Opportunity Follow Up,2019-07-16,2019-07-14T10:01:10.000+0000,Not Started
00T0x00000E9tsVEAR,Opportunity Follow Up,2019-07-16,2019-07-14T10:01:10.000+0000,Not Started
00T0x00000E9tsLEAR,Opportunity Follow Up,2019-07-16,2019-07-14T10:01:04.000+0000,Not Started
00T0x00000E9r5zEAB,Opportunity Follow Up,2019-07-15,2019-07-13T10:01:54.000+0000,Not Started
00T0x00000E9r5uEAB,Opportunity Follow Up,2019-07-15,2019-07-13T10:01:44.000+0000,Not Started
00T0x00000E9r5pEAB,Opportunity Follow Up,2019-07-15,2019-07-13T10:01:20.000+0000,Not Started
00T0x00000E9r5fEAB,Opportunity Follow Up,2019-07-15,2019-07-13T10:01:20.000+0000,Not Started
00T0x00000E9r5kEAB,Opportunity Follow Up,2019-07-15,2019-07-13T10:01:20.000+0000,Not Started
00T0x00000E9obQEAR,Opportunity Follow Up,2019-07-14,2019-07-12T20:39:21.000+0000,Not Started
00T0x00000E9obBEAR,Opportunity Follow Up,2019-07-14,2019-07-12T20:30:40.000+0000,Not Started
00T0x00000E9oaSEAR,Opportunity Follow Up,2019-07-14,2019-07-12T20:22:41.000+0000,Not Started
00T0x00000E9oAFEAZ,Opportunity Follow Up,2019-07-14,2019-07-12T17:54:00.000+0000,Not Started
00T0x00000E9muUEAR,Opportunity Follow Up,2019-07-14,2019-07-12T10:01:06.000+0000,Not Started
00T0x00000E9muZEAR,Opportunity Follow Up,2019-07-14,2019-07-12T10:01:06.000+0000,Not Started
00T0x00000E9muPEAR,Opportunity Follow Up,2019-07-14,2019-07-12T10:01:06.000+0000,Not Started
00T0x00000E9muKEAR,Opportunity Follow Up,2019-07-14,2019-07-12T10:01:06.000+0000,Not Started
00T0x00000E9mueEAB,Opportunity Follow Up,2019-07-14,2019-07-12T10:01:06.000+0000,Not Started
00T0x00000E9m55EAB,Opportunity Follow Up,2019-07-13,2019-07-11T21:37:04.000+0000,Not Started
00T0x00000E9lweEAB,Opportunity Follow Up,2019-07-13,2019-07-11T20:10:42.000+0000,Not Started
00T0x00000E9lwUEAR,Opportunity Follow Up,2019-07-13,2019-07-11T20:10:22.000+0000,Not Started
00T0x00000E9ludEAB,Opportunity Follow Up,2019-07-13,2019-07-11T20:02:17.000+0000,Not Started
00T0x00000E9luYEAR,Opportunity Follow Up,2019-07-13,2019-07-11T20:02:07.000+0000,Not Started
00T0x00000E9lswEAB,Opportunity Follow Up,2019-07-13,2019-07-11T19:52:37.000+0000,Not Started
00T0x00000E9lrtEAB,Opportunity Follow Up,2019-07-13,2019-07-11T19:43:37.000+0000,Not Started
00T0x00000E9euIEAR,Opportunity Follow Up,2019-07-13,2019-07-11T18:52:35.000+0000,Not Started
00T0x00000E9erxEAB,Opportunity Follow Up,2019-07-13,2019-07-11T18:41:26.000+0000,Not Started
00T0x00000E9ermEAB,Opportunity Follow Up,2019-07-13,2019-07-11T18:41:16.000+0000,Not Started
00T0x00000E9eqFEAR,Opportunity Follow Up,2019-07-13,2019-07-11T18:39:55.000+0000,Not Started
00T0x00000E9ehFEAR,Opportunity Follow Up,2019-07-13,2019-07-11T17:52:46.000+0000,Not Started
00T0x00000E9ehAEAR,Opportunity Follow Up,2019-07-13,2019-07-11T17:52:35.000+0000,Not Started
00T0x00000E9eaYEAR,Opportunity Follow Up,2019-07-13,2019-07-11T16:51:16.000+0000,Not Started
00T0x00000E9eaJEAR,Opportunity Follow Up,2019-07-13,2019-07-11T16:50:18.000+0000,Not Started
00T0x00000E9eWgEAJ,Opportunity Follow Up,2019-07-13,2019-07-11T16:20:47.000+0000,Not Started
00T0x00000E9eWREAZ,Opportunity Follow Up,2019-07-13,2019-07-11T16:15:37.000+0000,Not Started
00T0x00000E9eUuEAJ,Opportunity Follow Up,2019-07-13,2019-07-11T16:04:27.000+0000,Not Started
00T0x00000E9eUaEAJ,Opportunity Follow Up,2019-07-13,2019-07-11T16:01:02.000+0000,Not Started
00T0x00000E9eU6EAJ,Opportunity Follow Up,2019-07-13,2019-07-11T15:58:13.000+0000,Not Started
00T0x00000E9eTxEAJ,Opportunity Follow Up,2019-07-13,2019-07-11T15:58:03.000+0000,Not Started
00T0x00000E9eTNEAZ,Opportunity Follow Up,2019-07-13,2019-07-11T15:54:02.000+0000,Not Started
00T0x00000E9eTIEAZ,Opportunity Follow Up,2019-07-13,2019-07-11T15:53:53.000+0000,Not Started
00T0x00000E9eLsEAJ,Opportunity Follow Up,2019-07-13,2019-07-11T15:15:10.000+0000,Not Started
00T0x00000E9eGoEAJ,Opportunity Follow Up,2019-07-13,2019-07-11T14:34:22.000+0000,Not Started
00T0x00000E9eBtEAJ,Opportunity Follow Up,2019-07-13,2019-07-11T13:55:07.000+0000,Not Started
00T0x00000E9e9cEAB,Opportunity Follow Up,2019-07-13,2019-07-11T13:48:51.000+0000,Not Started
00T0x00000E9e9IEAR,Opportunity Follow Up,2019-07-13,2019-07-11T13:47:22.000+0000,Not Started
00T0x00000E9dUcEAJ,Opportunity Follow Up,2019-07-13,2019-07-11T11:31:44.000+0000,Not Started
00T0x00000E9dIeEAJ,Opportunity Follow Up,2019-07-13,2019-07-11T10:01:36.000+0000,Not Started
00T0x00000E9dIZEAZ,Opportunity Follow Up,2019-07-13,2019-07-11T10:01:27.000+0000,Not Started
00T0x00000E9dIUEAZ,Opportunity Follow Up,2019-07-13,2019-07-11T10:01:25.000+0000,Not Started
00T0x00000E9dHvEAJ,Opportunity Follow Up,2019-07-13,2019-07-11T10:01:18.000+0000,Not Started
00T0x00000E9dIAEAZ,Opportunity Follow Up,2019-07-13,2019-07-11T10:01:18.000+0000,Not Started
00T0x00000E9dIPEAZ,Opportunity Follow Up,2019-07-13,2019-07-11T10:01:18.000+0000,Not Started
00T0x00000E9dI0EAJ,Opportunity Follow Up,2019-07-13,2019-07-11T10:01:18.000+0000,Not Started
00T0x00000E9dIKEAZ,Opportunity Follow Up,2019-07-13,2019-07-11T10:01:18.000+0000,Not Started
00T0x00000E9dIFEAZ,Opportunity Follow Up,2019-07-13,2019-07-11T10:01:18.000+0000,Not Started
00T0x00000E9dI5EAJ,Opportunity Follow Up,2019-07-13,2019-07-11T10:01:18.000+0000,Not Started
00T0x00000DNMqeEAH,Opportunity Follow Up,2019-07-12,2019-07-10T21:04:48.000+0000,Not Started
00T0x00000DNMq0EAH,Opportunity Follow Up,2019-07-12,2019-07-10T21:02:02.000+0000,Not Started
00T0x00000DNMZhEAP,Opportunity Follow Up,2019-07-12,2019-07-10T19:48:56.000+0000,Not Started
00T0x00000DNMQuEAP,Opportunity Follow Up,2019-07-12,2019-07-10T19:35:56.000+0000,Not Started
00T0x00000DNMPDEA5,Opportunity Follow Up,2019-07-12,2019-07-10T19:24:38.000+0000,Not Started
00T0x00000DNMHHEA5,Opportunity Follow Up,2019-07-12,2019-07-10T18:55:37.000+0000,Not Started
00T0x00000DNMAGEA5,Opportunity Follow Up,2019-07-12,2019-07-10T18:50:16.000+0000,Not Started
00T0x00000DNLI6EAP,Opportunity Follow Up,2019-07-12,2019-07-10T17:16:26.000+0000,Not Started
00T0x00000DNKpCEAX,Opportunity Follow Up,2019-07-12,2019-07-10T16:05:06.000+0000,Not Started
00T0x00000DNKp7EAH,Opportunity Follow Up,2019-07-12,2019-07-10T16:05:05.000+0000,Not Started
00T0x00000DNKo9EAH,Opportunity Follow Up,2019-07-12,2019-07-10T15:57:11.000+0000,Not Started
00T0x00000DNKo4EAH,Opportunity Follow Up,2019-07-12,2019-07-10T15:57:11.000+0000,Not Started
00T0x00000DNKn6EAH,Opportunity Follow Up,2019-07-12,2019-07-10T15:52:02.000+0000,Not Started
00T0x00000DNKm8EAH,Opportunity Follow Up,2019-07-12,2019-07-10T15:47:23.000+0000,Not Started
00T0x00000DNKHDEA5,Opportunity Follow Up,2019-07-12,2019-07-10T14:04:19.000+0000,Not Started
00T0x00000DNItoEAH,Opportunity Follow Up,2019-07-12,2019-07-10T10:01:17.000+0000,Not Started
00T0x00000DNItZEAX,Opportunity Follow Up,2019-07-12,2019-07-10T10:01:11.000+0000,Not Started
00T0x00000DNIt0EAH,Opportunity Follow Up,2019-07-12,2019-07-10T10:01:11.000+0000,Not Started
00T0x00000DNItKEAX,Opportunity Follow Up,2019-07-12,2019-07-10T10:01:11.000+0000,Not Started
00T0x00000DNItFEAX,Opportunity Follow Up,2019-07-12,2019-07-10T10:01:11.000+0000,Not Started
00T0x00000DNIteEAH,Opportunity Follow Up,2019-07-12,2019-07-10T10:01:11.000+0000,Not Started
00T0x00000DNIt5EAH,Opportunity Follow Up,2019-07-12,2019-07-10T10:01:11.000+0000,Not Started
00T0x00000DNItjEAH,Opportunity Follow Up,2019-07-12,2019-07-10T10:01:11.000+0000,Not Started
00T0x00000DNItPEAX,Opportunity Follow Up,2019-07-12,2019-07-10T10:01:11.000+0000,Not Started
00T0x00000DNItUEAX,Opportunity Follow Up,2019-07-12,2019-07-10T10:01:11.000+0000,Not Started
00T0x00000DNItAEAX,Opportunity Follow Up,2019-07-12,2019-07-10T10:01:11.000+0000,Not Started
00T0x00000DMxhZEAT,Opportunity Follow Up,2019-07-11,2019-07-09T20:44:15.000+0000,Not Started
00T0x00000DMxQZEA1,Opportunity Follow Up,2019-07-11,2019-07-09T19:18:25.000+0000,Not Started
00T0x00000DMxMhEAL,Opportunity Follow Up,2019-07-11,2019-07-09T19:11:55.000+0000,Not Started
00T0x00000DMwiwEAD,Opportunity Follow Up,2019-07-11,2019-07-09T18:59:35.000+0000,Not Started
00T0x00000DMwaYEAT,Opportunity Follow Up,2019-07-11,2019-07-09T18:48:04.000+0000,Not Started
00T0x00000DMwaTEAT,Opportunity Follow Up,2019-07-11,2019-07-09T18:48:04.000+0000,Not Started
00T0x00000DMwZLEA1,Opportunity Follow Up,2019-07-11,2019-07-09T18:37:25.000+0000,Not Started
00T0x00000DMwYIEA1,Opportunity Follow Up,2019-07-11,2019-07-09T18:31:04.000+0000,Not Started
00T0x00000DMwW1EAL,Opportunity Follow Up,2019-07-11,2019-07-09T18:12:55.000+0000,Not Started
00T0x00000DMwT7EAL,Opportunity Follow Up,2019-07-11,2019-07-09T17:56:43.000+0000,Not Started
00T0x00000DMwQiEAL,Opportunity Follow Up,2019-07-11,2019-07-09T17:46:54.000+0000,Not Started
00T0x00000DMwFQEA1,Opportunity Follow Up,2019-07-11,2019-07-09T16:51:43.000+0000,Not Started
00T0x00000DMwAzEAL,Opportunity Follow Up,2019-07-11,2019-07-09T16:35:12.000+0000,Not Started
00T0x00000DMwAVEA1,Opportunity Follow Up,2019-07-11,2019-07-09T16:28:42.000+0000,Not Started
00T0x00000DMw9NEAT,Opportunity Follow Up,2019-07-11,2019-07-09T16:14:22.000+0000,Not Started
00T0x00000DMw41EAD,Opportunity Follow Up,2019-07-11,2019-07-09T15:52:23.000+0000,Not Started
00T0x00000DMw3mEAD,Opportunity Follow Up,2019-07-11,2019-07-09T15:48:32.000+0000,Not Started
00T0x00000DMvzLEAT,Opportunity Follow Up,2019-07-11,2019-07-09T15:26:42.000+0000,Not Started
00T0x00000DMvr3EAD,Opportunity Follow Up,2019-07-11,2019-07-09T14:29:54.000+0000,Not Started
00T0x00000DMvqtEAD,Opportunity Follow Up,2019-07-11,2019-07-09T14:26:37.000+0000,Not Started
00T0x00000DMvl4EAD,Opportunity Follow Up,2019-07-11,2019-07-09T14:07:52.000+0000,Not Started
00T0x00000DMuMWEA1,Opportunity Follow Up,2019-07-11,2019-07-09T10:01:27.000+0000,Not Started
00T0x00000DMuMREA1,Opportunity Follow Up,2019-07-11,2019-07-09T10:01:26.000+0000,Not Started
00T0x00000DMuMCEA1,Opportunity Follow Up,2019-07-11,2019-07-09T10:01:17.000+0000,Not Started
00T0x00000DMuMHEA1,Opportunity Follow Up,2019-07-11,2019-07-09T10:01:17.000+0000,Not Started
00T0x00000DMuMMEA1,Opportunity Follow Up,2019-07-11,2019-07-09T10:01:17.000+0000,Not Started
00T0x00000DMuM7EAL,Opportunity Follow Up,2019-07-11,2019-07-09T10:01:16.000+0000,Not Started
00T0x00000DMuM2EAL,Opportunity Follow Up,2019-07-11,2019-07-09T10:01:06.000+0000,Not Started
00T0x00000DMuLxEAL,Opportunity Follow Up,2019-07-11,2019-07-09T10:01:06.000+0000,Not Started
00T0x00000DMs6PEAT,Opportunity Follow Up,2019-07-10,2019-07-08T20:56:55.000+0000,Not Started
00T0x00000DMryQEAT,Opportunity Follow Up,2019-07-10,2019-07-08T20:01:26.000+0000,Not Started
00T0x00000DMrxNEAT,Opportunity Follow Up,2019-07-10,2019-07-08T19:52:54.000+0000,Not Started
00T0x00000DMrwFEAT,Opportunity Follow Up,2019-07-10,2019-07-08T19:37:28.000+0000,Not Started
00T0x00000DMrc8EAD,Opportunity Follow Up,2019-07-10,2019-07-08T17:12:08.000+0000,Not Started
00T0x00000DMrGaEAL,Opportunity Follow Up,2019-07-10,2019-07-08T15:15:32.000+0000,Not Started
