{"id":"9DADD1FC4E19A91AEC182A9FBE021DE1","name":"Overall Claims Report","status":1,"instanceId":"6D6C472C462AEF9CA4CED995BF990340","source":{"name":"Overall Claims Report Cube"},"result":{"definition":{"attributes":[{"name":"Year","id":"98C25C894E95C81F05D4B68836B11430","type":"Attribute","forms":[{"id":"45C11FA478E745FEA08D781CEA190FE5","name":"ID","dataType":"Real","baseFormType":"Number"}]}],"metrics":[{"name":"Clms Rpt","id":"C88CC6E64BDF128E8E0600B4077146D5","type":"Metric","min":0.0,"max":93389.0,"numberFormatting":{"category":0,"decimalPlaces":0,"thousandSeparator":true,"currencySymbol":"$","currencyPosition":0,"formatString":"#,##0","negativeType":1}},{"name":"Clms Clsd","id":"48C55AB2455B11E8FF8639B16E0EBA8E","type":"Metric","min":0.0,"max":95236.0,"numberFormatting":{"category":0,"formatString":"#,##0;(#,##0)"}},{"name":"Clms Out","id":"AE40682C45E0CFA8F56EB2BB1FD0AA58","type":"Metric","isDerived":true,"min":0.0,"max":5910.0,"numberFormatting":{"category":0,"decimalPlaces":0,"formatString":"#,##0;(#,##0)"}},{"name":"Loss","id":"C034459F4D246267BF195D97DE1F163E","type":"Metric","min":0.0,"max":1.617017698800002E8,"numberFormatting":{"category":1,"decimalPlaces":0,"thousandSeparator":true,"currencySymbol":"$","currencyPosition":0,"formatString":"\"$\"#,##0","negativeType":1}},{"name":"Exps","id":"C1ECE83D4997CEC58772258AE47141BC","type":"Metric","min":-22437.03,"max":7846127.0600000005,"numberFormatting":{"category":1,"decimalPlaces":0,"thousandSeparator":true,"currencySymbol":"$","currencyPosition":0,"formatString":"\"$\"#,##0","negativeType":1}},{"name":"Out Rsv","id":"11CCA8EB46DAD6E836F35DB899B19469","type":"Metric","isDerived":true,"min":0.0,"max":1.39524135E8,"numberFormatting":{"category":1,"decimalPlaces":0,"thousandSeparator":true,"currencySymbol":"$","currencyPosition":0,"formatString":"\"$\"#,##0","negativeType":1}},{"name":"Avg Rsv","id":"8C87E20144B1FFBDA3D879955CBC07BA","type":"Metric","isDerived":true,"min":60.0,"max":268315.6442307693,"numberFormatting":{"category":1,"decimalPlaces":0,"thousandSeparator":true,"currencySymbol":"$","currencyPosition":0,"formatString":"\"$\"#,##0","negativeType":1}}],"thresholds":[],"sorting":[]},"data":{"paging":{"total":12,"current":12,"offset":0,"limit":1000,"prev":null,"next":null},"root":{"isPartial":false,"children":[{"depth":0,"element":{"attributeIndex":0,"formValues":{"ID":"2008"},"name":"2008","id":"h2008;98C25C894E95C81F05D4B68836B11430"},"metrics":{"Clms Rpt":{"rv":277845.0,"fv":"277,845","mi":0},"Clms Clsd":{"rv":275139.0,"fv":"275,139","mi":1},"Clms Out":{"rv":51029.0,"fv":"51,029","mi":2},"Loss":{"rv":8.376922806699998E8,"fv":"$837,692,281","mi":3},"Exps":{"rv":3.849739779E7,"fv":"$38,497,398","mi":4},"Out Rsv":{"rv":5.847963694499999E8,"fv":"$584,796,369","mi":5},"Avg Rsv":{"rv":11460.0789639225,"fv":"$11,460","mi":6}}},{"depth":0,"element":{"attributeIndex":0,"formValues":{"ID":"2009"},"name":"2009","id":"h2009;98C25C894E95C81F05D4B68836B11430"},"metrics":{"Clms Rpt":{"rv":292022.0,"fv":"292,022","mi":0},"Clms Clsd":{"rv":294342.0,"fv":"294,342","mi":1},"Clms Out":{"rv":46827.0,"fv":"46,827","mi":2},"Loss":{"rv":8.636793831100006E8,"fv":"$863,679,383","mi":3},"Exps":{"rv":4.254354850999996E7,"fv":"$42,543,549","mi":4},"Out Rsv":{"rv":5.427515135100002E8,"fv":"$542,751,514","mi":5},"Avg Rsv":{"rv":11590.5676962009,"fv":"$11,591","mi":6}}},{"depth":0,"element":{"attributeIndex":0,"formValues":{"ID":"2010"},"name":"2010","id":"h2010;98C25C894E95C81F05D4B68836B11430"},"metrics":{"Clms Rpt":{"rv":325131.0,"fv":"325,131","mi":0},"Clms Clsd":{"rv":318656.0,"fv":"318,656","mi":1},"Clms Out":{"rv":51819.0,"fv":"51,819","mi":2},"Loss":{"rv":9.283923923100003E8,"fv":"$928,392,392","mi":3},"Exps":{"rv":4.382074494999996E7,"fv":"$43,820,745","mi":4},"Out Rsv":{"rv":5.728702620999999E8,"fv":"$572,870,262","mi":5},"Avg Rsv":{"rv":11055.216466933,"fv":"$11,055","mi":6}}},{"depth":0,"element":{"attributeIndex":0,"formValues":{"ID":"2011"},"name":"2011","id":"h2011;98C25C894E95C81F05D4B68836B11430"},"metrics":{"Clms Rpt":{"rv":376618.0,"fv":"376,618","mi":0},"Clms Clsd":{"rv":372075.0,"fv":"372,075","mi":1},"Clms Out":{"rv":55409.0,"fv":"55,409","mi":2},"Loss":{"rv":1.1286537061199994E9,"fv":"$1,128,653,706","mi":3},"Exps":{"rv":5.295237646999999E7,"fv":"$52,952,376","mi":4},"Out Rsv":{"rv":6.476165550199999E8,"fv":"$647,616,555","mi":5},"Avg Rsv":{"rv":11687.9307516829,"fv":"$11,688","mi":6}}},{"depth":0,"element":{"attributeIndex":0,"formValues":{"ID":"2012"},"name":"2012","id":"h2012;98C25C894E95C81F05D4B68836B11430"},"metrics":{"Clms Rpt":{"rv":343050.0,"fv":"343,050","mi":0},"Clms Clsd":{"rv":346001.0,"fv":"346,001","mi":1},"Clms Out":{"rv":53394.0,"fv":"53,394","mi":2},"Loss":{"rv":1.0493060784500005E9,"fv":"$1,049,306,078","mi":3},"Exps":{"rv":5.5366614669999994E7,"fv":"$55,366,615","mi":4},"Out Rsv":{"rv":7.3543699929E8,"fv":"$735,436,999","mi":5},"Avg Rsv":{"rv":13773.776066412,"fv":"$13,774","mi":6}}},{"depth":0,"element":{"attributeIndex":0,"formValues":{"ID":"2013"},"name":"2013","id":"h2013;98C25C894E95C81F05D4B68836B11430"},"metrics":{"Clms Rpt":{"rv":337890.0,"fv":"337,890","mi":0},"Clms Clsd":{"rv":341222.0,"fv":"341,222","mi":1},"Clms Out":{"rv":51049.0,"fv":"51,049","mi":2},"Loss":{"rv":1.0628872172799996E9,"fv":"$1,062,887,217","mi":3},"Exps":{"rv":5.568607182999998E7,"fv":"$55,686,072","mi":4},"Out Rsv":{"rv":7.5693412481E8,"fv":"$756,934,125","mi":5},"Avg Rsv":{"rv":14827.5994595389,"fv":"$14,828","mi":6}}},{"depth":0,"element":{"attributeIndex":0,"formValues":{"ID":"2014"},"name":"2014","id":"h2014;98C25C894E95C81F05D4B68836B11430"},"metrics":{"Clms Rpt":{"rv":345224.0,"fv":"345,224","mi":0},"Clms Clsd":{"rv":345796.0,"fv":"345,796","mi":1},"Clms Out":{"rv":51016.0,"fv":"51,016","mi":2},"Loss":{"rv":1.1170831658599994E9,"fv":"$1,117,083,166","mi":3},"Exps":{"rv":5.965001891999998E7,"fv":"$59,650,019","mi":4},"Out Rsv":{"rv":7.8060685641E8,"fv":"$780,606,856","mi":5},"Avg Rsv":{"rv":15301.2164107339,"fv":"$15,301","mi":6}}},{"depth":0,"element":{"attributeIndex":0,"formValues":{"ID":"2015"},"name":"2015","id":"h2015;98C25C894E95C81F05D4B68836B11430"},"metrics":{"Clms Rpt":{"rv":382741.0,"fv":"382,741","mi":0},"Clms Clsd":{"rv":380043.0,"fv":"380,043","mi":1},"Clms Out":{"rv":54979.0,"fv":"54,979","mi":2},"Loss":{"rv":1.3988231471099997E9,"fv":"$1,398,823,147","mi":3},"Exps":{"rv":6.779459634E7,"fv":"$67,794,596","mi":4},"Out Rsv":{"rv":8.416477502099999E8,"fv":"$841,647,750","mi":5},"Avg Rsv":{"rv":15308.5314430965,"fv":"$15,309","mi":6}}},{"depth":0,"element":{"attributeIndex":0,"formValues":{"ID":"2016"},"name":"2016","id":"h2016;98C25C894E95C81F05D4B68836B11430"},"metrics":{"Clms Rpt":{"rv":383129.0,"fv":"383,129","mi":0},"Clms Clsd":{"rv":377847.0,"fv":"377,847","mi":1},"Clms Out":{"rv":57843.0,"fv":"57,843","mi":2},"Loss":{"rv":1.4544283278299994E9,"fv":"$1,454,428,328","mi":3},"Exps":{"rv":7.129908857999995E7,"fv":"$71,299,089","mi":4},"Out Rsv":{"rv":8.890780884E8,"fv":"$889,078,088","mi":5},"Avg Rsv":{"rv":15370.5390176858,"fv":"$15,371","mi":6}}},{"depth":0,"element":{"attributeIndex":0,"formValues":{"ID":"2017"},"name":"2017","id":"h2017;98C25C894E95C81F05D4B68836B11430"},"metrics":{"Clms Rpt":{"rv":421182.0,"fv":"421,182","mi":0},"Clms Clsd":{"rv":418879.0,"fv":"418,879","mi":1},"Clms Out":{"rv":62397.0,"fv":"62,397","mi":2},"Loss":{"rv":1.6441845766699994E9,"fv":"$1,644,184,577","mi":3},"Exps":{"rv":7.666628735999997E7,"fv":"$76,666,287","mi":4},"Out Rsv":{"rv":9.02055045E8,"fv":"$902,055,045","mi":5},"Avg Rsv":{"rv":14456.7053704505,"fv":"$14,457","mi":6}}},{"depth":0,"element":{"attributeIndex":0,"formValues":{"ID":"2018"},"name":"2018","id":"h2018;98C25C894E95C81F05D4B68836B11430"},"metrics":{"Clms Rpt":{"rv":408871.0,"fv":"408,871","mi":0},"Clms Clsd":{"rv":410935.0,"fv":"410,935","mi":1},"Clms Out":{"rv":62959.0,"fv":"62,959","mi":2},"Loss":{"rv":1.6819033659799995E9,"fv":"$1,681,903,366","mi":3},"Exps":{"rv":7.717195857000002E7,"fv":"$77,171,959","mi":4},"Out Rsv":{"rv":8.9504882649E8,"fv":"$895,048,826","mi":5},"Avg Rsv":{"rv":14216.3761573405,"fv":"$14,216","mi":6}}},{"depth":0,"element":{"attributeIndex":0,"formValues":{"ID":"2019"},"name":"2019","id":"h2019;98C25C894E95C81F05D4B68836B11430"},"metrics":{"Clms Rpt":{"rv":142933.0,"fv":"142,933","mi":0},"Clms Clsd":{"rv":156199.0,"fv":"156,199","mi":1},"Clms Out":{"rv":58271.0,"fv":"58,271","mi":2},"Loss":{"rv":6.112041361000003E8,"fv":"$611,204,136","mi":3},"Exps":{"rv":3.007286513999997E7,"fv":"$30,072,865","mi":4},"Out Rsv":{"rv":8.7979426988E8,"fv":"$879,794,270","mi":5},"Avg Rsv":{"rv":15098.3211182235,"fv":"$15,098","mi":6}}}]}}}}