"Base OID","Base ONAME","Base DOID","Base DONAME","Base DOPATH","Base ProjectID"
"8FE05AA043D7B9991BE0018B60E14B0B","% Subro Recov","56584BF346189CCC1681469B224A1CCF","Overall Claims Report Cube","\Claims Management Reporting\Public Objects\Cubes\Overall Claims Report Cube",E37C06B844EC13D226F6428AF6133DEA
"A3E7AF8C4C9A1D2128E2AF89648BA788","% Subro Recov Coll","56584BF346189CCC1681469B224A1CCF","Overall Claims Report Cube","\Claims Management Reporting\Public Objects\Cubes\Overall Claims Report Cube",E37C06B844EC13D226F6428AF6133DEA
"9398A54B46F98A3A78B9DBB91BE1DD46","01 Auto Claims Reported YTD by Year Data","56584BF346189CCC1681469B224A1CCF","Overall Claims Report Cube","\Claims Management Reporting\Public Objects\Cubes\Overall Claims Report Cube",E37C06B844EC13D226F6428AF6133DEA
"0A6872FD4BD92A1E367ED98B7799ED78","02 Auto Claims Reported Total Loss No Injury","56584BF346189CCC1681469B224A1CCF","Overall Claims Report Cube","\Claims Management Reporting\Public Objects\Cubes\Overall Claims Report Cube",E37C06B844EC13D226F6428AF6133DEA
"5DE2729E4F48E3496C318DBE16990BDC","03 Auto Claims Reported Injury Breakouts","56584BF346189CCC1681469B224A1CCF","Overall Claims Report Cube","\Claims Management Reporting\Public Objects\Cubes\Overall Claims Report Cube",E37C06B844EC13D226F6428AF6133DEA
"5B812B0741C946BFF43CFA8A604FF3AF","04 Severity Total Loss - Auto","56584BF346189CCC1681469B224A1CCF","Overall Claims Report Cube","\Claims Management Reporting\Public Objects\Cubes\Overall Claims Report Cube",E37C06B844EC13D226F6428AF6133DEA
"07CBFB21481CA03E2F5E00BC7D9EB84F","05 Severity Total Loss - Auto Total Loss No Injury","56584BF346189CCC1681469B224A1CCF","Overall Claims Report Cube","\Claims Management Reporting\Public Objects\Cubes\Overall Claims Report Cube",E37C06B844EC13D226F6428AF6133DEA
"40A6AFE54008C3BD1B72A895ADBDDD5C","06 Severity Total Loss - Auto  Injury Breakouts","56584BF346189CCC1681469B224A1CCF","Overall Claims Report Cube","\Claims Management Reporting\Public Objects\Cubes\Overall Claims Report Cube",E37C06B844EC13D226F6428AF6133DEA
"69F8F9BE4A74A2E8D107E2B0FDCDEFD3","07 Outstanding Reserves -  Auto","56584BF346189CCC1681469B224A1CCF","Overall Claims Report Cube","\Claims Management Reporting\Public Objects\Cubes\Overall Claims Report Cube",E37C06B844EC13D226F6428AF6133DEA
"70FFC1404A8A42DAC32068BA69D5CC60","08 Outstanding Reserves - Auto Injury Breakouts","56584BF346189CCC1681469B224A1CCF","Overall Claims Report Cube","\Claims Management Reporting\Public Objects\Cubes\Overall Claims Report Cube",E37C06B844EC13D226F6428AF6133DEA
"6CD8915C40C84239CE15218FD3ED2706","09 Auto Claims Reported YTD by Year Data","56584BF346189CCC1681469B224A1CCF","Overall Claims Report Cube","\Claims Management Reporting\Public Objects\Cubes\Overall Claims Report Cube",E37C06B844EC13D226F6428AF6133DEA
"D8E6EB1744ED3BFC75CAEA868399E397","11 Average Reserves - Auto","56584BF346189CCC1681469B224A1CCF","Overall Claims Report Cube","\Claims Management Reporting\Public Objects\Cubes\Overall Claims Report Cube",E37C06B844EC13D226F6428AF6133DEA
"F999D1B14F444F58F0243EACBEEC47AD","12 Home Claims Reported YTD by Year Data","56584BF346189CCC1681469B224A1CCF","Overall Claims Report Cube","\Claims Management Reporting\Public Objects\Cubes\Overall Claims Report Cube",E37C06B844EC13D226F6428AF6133DEA
"F8266BD7436A91465CA4E0BFBBD6A0B3","13 Home Claims Reported Total Loss","56584BF346189CCC1681469B224A1CCF","Overall Claims Report Cube","\Claims Management Reporting\Public Objects\Cubes\Overall Claims Report Cube",E37C06B844EC13D226F6428AF6133DEA
"BEF8734E4449C40283A0BCB5F3A38430","14 Outstanding Reserves - Home","56584BF346189CCC1681469B224A1CCF","Overall Claims Report Cube","\Claims Management Reporting\Public Objects\Cubes\Overall Claims Report Cube",E37C06B844EC13D226F6428AF6133DEA
"868D61444E92EBA21582BDA650545812","15 Home Claims Reported YTD by Year Data","56584BF346189CCC1681469B224A1CCF","Overall Claims Report Cube","\Claims Management Reporting\Public Objects\Cubes\Overall Claims Report Cube",E37C06B844EC13D226F6428AF6133DEA
"B9A15892470FD6EA4C0E44B9AC92E316","16 Home Clms Rpt w/ %diff","56584BF346189CCC1681469B224A1CCF","Overall Claims Report Cube","\Claims Management Reporting\Public Objects\Cubes\Overall Claims Report Cube",E37C06B844EC13D226F6428AF6133DEA
"45761B6049CB2E84B714B3B44560F357","16 Home Incurred Loss w/ %diff","56584BF346189CCC1681469B224A1CCF","Overall Claims Report Cube","\Claims Management Reporting\Public Objects\Cubes\Overall Claims Report Cube",E37C06B844EC13D226F6428AF6133DEA
"E72B4C454186064535E43C959A316D8D","16 Home Loss w/ %diff","56584BF346189CCC1681469B224A1CCF","Overall Claims Report Cube","\Claims Management Reporting\Public Objects\Cubes\Overall Claims Report Cube",E37C06B844EC13D226F6428AF6133DEA
"429300A540C2558CCCCF26BA33697D87","19 Home CAT Claims Reported","56584BF346189CCC1681469B224A1CCF","Overall Claims Report Cube","\Claims Management Reporting\Public Objects\Cubes\Overall Claims Report Cube",E37C06B844EC13D226F6428AF6133DEA
"2C4E0783458F465633264299EBBA8058","20 Home CAT Incurred Loss","56584BF346189CCC1681469B224A1CCF","Overall Claims Report Cube","\Claims Management Reporting\Public Objects\Cubes\Overall Claims Report Cube",E37C06B844EC13D226F6428AF6133DEA
"4DCE45A14A52F9B302B381926C59FEED","21 Severity Average Rsv - Home CAT","56584BF346189CCC1681469B224A1CCF","Overall Claims Report Cube","\Claims Management Reporting\Public Objects\Cubes\Overall Claims Report Cube",E37C06B844EC13D226F6428AF6133DEA
"BC62BC10469D69F1C7645EAFEB78BC9B","21 Severity Average Rsv - Home Cov","56584BF346189CCC1681469B224A1CCF","Overall Claims Report Cube","\Claims Management Reporting\Public Objects\Cubes\Overall Claims Report Cube",E37C06B844EC13D226F6428AF6133DEA
"E83D035341D54DBE2C9276BF5D8DED18","21 Severity Average Rsv - Home Cov + CAT","56584BF346189CCC1681469B224A1CCF","Overall Claims Report Cube","\Claims Management Reporting\Public Objects\Cubes\Overall Claims Report Cube",E37C06B844EC13D226F6428AF6133DEA
"B1F18BA049B0269B458B0FBF7C2D9233","22 Severity Average Rsv - Auto","56584BF346189CCC1681469B224A1CCF","Overall Claims Report Cube","\Claims Management Reporting\Public Objects\Cubes\Overall Claims Report Cube",E37C06B844EC13D226F6428AF6133DEA
"46D3948D4F698B6FCB5D0A93D5642411","23 Auto Claims Rpt w/ % Diff","56584BF346189CCC1681469B224A1CCF","Overall Claims Report Cube","\Claims Management Reporting\Public Objects\Cubes\Overall Claims Report Cube",E37C06B844EC13D226F6428AF6133DEA
"E290FCD64FB1C6614733AB802E01EA6D","23 Auto Losses w/ % Diff","56584BF346189CCC1681469B224A1CCF","Overall Claims Report Cube","\Claims Management Reporting\Public Objects\Cubes\Overall Claims Report Cube",E37C06B844EC13D226F6428AF6133DEA
"A541DBD34E36631CE2BA64A6038CC652","23 Auto Rsv w/ % Diff","56584BF346189CCC1681469B224A1CCF","Overall Claims Report Cube","\Claims Management Reporting\Public Objects\Cubes\Overall Claims Report Cube",E37C06B844EC13D226F6428AF6133DEA
"2EED49A2454DCE3FC97F36B1C056926E","4FLPIP Claims","56584BF346189CCC1681469B224A1CCF","Overall Claims Report Cube","\Claims Management Reporting\Public Objects\Cubes\Overall Claims Report Cube",E37C06B844EC13D226F6428AF6133DEA
"3BDBB119402BB0B9F0DC5CB63CFB8580","Auto Average Reserve and Claims Outstanding","56584BF346189CCC1681469B224A1CCF","Overall Claims Report Cube","\Claims Management Reporting\Public Objects\Cubes\Overall Claims Report Cube",E37C06B844EC13D226F6428AF6133DEA
"BF95C4864B09F832C2554B87F162D959","Auto Average Reserve and Claims Outstanding Values","56584BF346189CCC1681469B224A1CCF","Overall Claims Report Cube","\Claims Management Reporting\Public Objects\Cubes\Overall Claims Report Cube",E37C06B844EC13D226F6428AF6133DEA
"D5FE035C40FEAA94DE78CCA7459E0F60","Auto Claims Outstanding","56584BF346189CCC1681469B224A1CCF","Overall Claims Report Cube","\Claims Management Reporting\Public Objects\Cubes\Overall Claims Report Cube",E37C06B844EC13D226F6428AF6133DEA
"483DE3814F581ED97DD6509267B639CC","Auto Claims Reported YTD by Year Data","56584BF346189CCC1681469B224A1CCF","Overall Claims Report Cube","\Claims Management Reporting\Public Objects\Cubes\Overall Claims Report Cube",E37C06B844EC13D226F6428AF6133DEA
"A6F4C987435A5E19B935C29A4E820BC3","Auto Injury Claims - Line Clms Out Reg BI","56584BF346189CCC1681469B224A1CCF","Overall Claims Report Cube","\Claims Management Reporting\Public Objects\Cubes\Overall Claims Report Cube",E37C06B844EC13D226F6428AF6133DEA
"28890E134C492540D543C8B5F2DCE46A","Auto Injury Claims - Line Clms Rpt & Out","56584BF346189CCC1681469B224A1CCF","Overall Claims Report Cube","\Claims Management Reporting\Public Objects\Cubes\Overall Claims Report Cube",E37C06B844EC13D226F6428AF6133DEA
"56438A1946015A5D3088E39BCCFDF71B","Auto Injury Claims - Line Rsv","56584BF346189CCC1681469B224A1CCF","Overall Claims Report Cube","\Claims Management Reporting\Public Objects\Cubes\Overall Claims Report Cube",E37C06B844EC13D226F6428AF6133DEA
"84909F054BDC4AFFFB43C79539D418A8","Auto Injury Losses - ECF","56584BF346189CCC1681469B224A1CCF","Overall Claims Report Cube","\Claims Management Reporting\Public Objects\Cubes\Overall Claims Report Cube",E37C06B844EC13D226F6428AF6133DEA
"5264BF2348B88EE36C7C908468B1C5A0","Auto Injury Losses - ECF_not presentation","56584BF346189CCC1681469B224A1CCF","Overall Claims Report Cube","\Claims Management Reporting\Public Objects\Cubes\Overall Claims Report Cube",E37C06B844EC13D226F6428AF6133DEA
"69E318A24045FA06D1B0F98B830087EC","Auto Losses Paid YTD","56584BF346189CCC1681469B224A1CCF","Overall Claims Report Cube","\Claims Management Reporting\Public Objects\Cubes\Overall Claims Report Cube",E37C06B844EC13D226F6428AF6133DEA
"36E2076944335914EDEAC09678924AF2","Auto Losses Paid YTD Values","56584BF346189CCC1681469B224A1CCF","Overall Claims Report Cube","\Claims Management Reporting\Public Objects\Cubes\Overall Claims Report Cube",E37C06B844EC13D226F6428AF6133DEA
"1626B4334A34BB75451F509FEBA2887B","Auto Physical Damage","56584BF346189CCC1681469B224A1CCF","Overall Claims Report Cube","\Claims Management Reporting\Public Objects\Cubes\Overall Claims Report Cube",E37C06B844EC13D226F6428AF6133DEA
"9ED90BF54A819ABA698698803DAA6B8E","Avg Outstanding Last Yr","56584BF346189CCC1681469B224A1CCF","Overall Claims Report Cube","\Claims Management Reporting\Public Objects\Cubes\Overall Claims Report Cube",E37C06B844EC13D226F6428AF6133DEA
"C91BF645411812E2C3F5E5840E7FE469","BI Claims Opened and Settled","56584BF346189CCC1681469B224A1CCF","Overall Claims Report Cube","\Claims Management Reporting\Public Objects\Cubes\Overall Claims Report Cube",E37C06B844EC13D226F6428AF6133DEA
"5A24E23C488AED87EDCB019C35300818","BI Claims Opened and Settled Values","56584BF346189CCC1681469B224A1CCF","Overall Claims Report Cube","\Claims Management Reporting\Public Objects\Cubes\Overall Claims Report Cube",E37C06B844EC13D226F6428AF6133DEA
"71BC095C4CC1C61B990F12929309D389","BI Regular Average Reserve","56584BF346189CCC1681469B224A1CCF","Overall Claims Report Cube","\Claims Management Reporting\Public Objects\Cubes\Overall Claims Report Cube",E37C06B844EC13D226F6428AF6133DEA
"A496FAAB4798E091BAEEFC8C87B8EABD","BI Regular Average Reserve Values","56584BF346189CCC1681469B224A1CCF","Overall Claims Report Cube","\Claims Management Reporting\Public Objects\Cubes\Overall Claims Report Cube",E37C06B844EC13D226F6428AF6133DEA
"FD95757548AD5B73289CEFBAFC4C486E","BI Reserves","56584BF346189CCC1681469B224A1CCF","Overall Claims Report Cube","\Claims Management Reporting\Public Objects\Cubes\Overall Claims Report Cube",E37C06B844EC13D226F6428AF6133DEA
"FACE4D0B42DA9563AB2FAB8F0C03D642","BI Reserves Values","56584BF346189CCC1681469B224A1CCF","Overall Claims Report Cube","\Claims Management Reporting\Public Objects\Cubes\Overall Claims Report Cube",E37C06B844EC13D226F6428AF6133DEA
"5284E704480DA9ADDC37ED9050C2D0F4","BI, MP, PIP All Losses Out","56584BF346189CCC1681469B224A1CCF","Overall Claims Report Cube","\Claims Management Reporting\Public Objects\Cubes\Overall Claims Report Cube",E37C06B844EC13D226F6428AF6133DEA
"3811AC3E49EBAE9D647B11A2E9E80147","BI, MP, PIP All Losses Out Values","56584BF346189CCC1681469B224A1CCF","Overall Claims Report Cube","\Claims Management Reporting\Public Objects\Cubes\Overall Claims Report Cube",E37C06B844EC13D226F6428AF6133DEA
"5913FFE2429C9E672EB0A18A632C5EA6","BI, MP, PIP All Reserves","56584BF346189CCC1681469B224A1CCF","Overall Claims Report Cube","\Claims Management Reporting\Public Objects\Cubes\Overall Claims Report Cube",E37C06B844EC13D226F6428AF6133DEA
"3899A0AE48AE7E243ADA9B94931B2869","BI, MP, PIP All Reserves Values","56584BF346189CCC1681469B224A1CCF","Overall Claims Report Cube","\Claims Management Reporting\Public Objects\Cubes\Overall Claims Report Cube",E37C06B844EC13D226F6428AF6133DEA
"DC38D0E24A88D357629377B46385E20C","Branch Visit Summary","56584BF346189CCC1681469B224A1CCF","Overall Claims Report Cube","\Claims Management Reporting\Public Objects\Cubes\Overall Claims Report Cube",E37C06B844EC13D226F6428AF6133DEA
"54CC30F9474FB81D1AD7EDAF6839DC8F","CAT Breakout","56584BF346189CCC1681469B224A1CCF","Overall Claims Report Cube","\Claims Management Reporting\Public Objects\Cubes\Overall Claims Report Cube",E37C06B844EC13D226F6428AF6133DEA
"77D15F9B4B627D98E3E35C9639D2C3D7","CAT Claims Reported","56584BF346189CCC1681469B224A1CCF","Overall Claims Report Cube","\Claims Management Reporting\Public Objects\Cubes\Overall Claims Report Cube",E37C06B844EC13D226F6428AF6133DEA
"4C368E9645631C973E8215930EF9C723","CAT Claims Summary","56584BF346189CCC1681469B224A1CCF","Overall Claims Report Cube","\Claims Management Reporting\Public Objects\Cubes\Overall Claims Report Cube",E37C06B844EC13D226F6428AF6133DEA
"C0FC89B0424F6F06758804ADE343240D","CAT Claims vs NonCAT Claims Reported All LOB","56584BF346189CCC1681469B224A1CCF","Overall Claims Report Cube","\Claims Management Reporting\Public Objects\Cubes\Overall Claims Report Cube",E37C06B844EC13D226F6428AF6133DEA
"7E2CE7D64D7B27ECAA584E8D9D338755","CAT Claims vs NonCAT Claims Reported Home and Auto BI","56584BF346189CCC1681469B224A1CCF","Overall Claims Report Cube","\Claims Management Reporting\Public Objects\Cubes\Overall Claims Report Cube",E37C06B844EC13D226F6428AF6133DEA
"E8BDD2124D8F9B6410F2858FCE89924A","CAT Losses by Paid Year","56584BF346189CCC1681469B224A1CCF","Overall Claims Report Cube","\Claims Management Reporting\Public Objects\Cubes\Overall Claims Report Cube",E37C06B844EC13D226F6428AF6133DEA
"3404DD1A41A7D8385D6F2A9BDBCA2F2A","Catastrophe Home Counts","56584BF346189CCC1681469B224A1CCF","Overall Claims Report Cube","\Claims Management Reporting\Public Objects\Cubes\Overall Claims Report Cube",E37C06B844EC13D226F6428AF6133DEA
"0EBFC589440FD2F875BC859BB2899009","Catastrophes Occurring YTD by Year Clms","56584BF346189CCC1681469B224A1CCF","Overall Claims Report Cube","\Claims Management Reporting\Public Objects\Cubes\Overall Claims Report Cube",E37C06B844EC13D226F6428AF6133DEA
"327B26AE442422BF236921B20D5482C8","Catastrophes Occurring YTD by Year Loss","56584BF346189CCC1681469B224A1CCF","Overall Claims Report Cube","\Claims Management Reporting\Public Objects\Cubes\Overall Claims Report Cube",E37C06B844EC13D226F6428AF6133DEA
"EBBC6AAE43522FC28E2026972FA0F879","Change in BI, UMBI, UDBIs Reported - All LOB","56584BF346189CCC1681469B224A1CCF","Overall Claims Report Cube","\Claims Management Reporting\Public Objects\Cubes\Overall Claims Report Cube",E37C06B844EC13D226F6428AF6133DEA
"CE73F4C3461BAAAAD8A50C85B0F17B17","Claim - % Closed Without Pay","56584BF346189CCC1681469B224A1CCF","Overall Claims Report Cube","\Claims Management Reporting\Public Objects\Cubes\Overall Claims Report Cube",E37C06B844EC13D226F6428AF6133DEA
"821693514A123271BC49D893A8879B33","Claim - Out BI","56584BF346189CCC1681469B224A1CCF","Overall Claims Report Cube","\Claims Management Reporting\Public Objects\Cubes\Overall Claims Report Cube",E37C06B844EC13D226F6428AF6133DEA
"38E3DE2A4E7DDF1CE4D68E9C519EF282","Claim - Outstanding","56584BF346189CCC1681469B224A1CCF","Overall Claims Report Cube","\Claims Management Reporting\Public Objects\Cubes\Overall Claims Report Cube",E37C06B844EC13D226F6428AF6133DEA
"36E08F364031F46CFC0D99BC085E057D","Claim - Outstanding as a % of Reported","56584BF346189CCC1681469B224A1CCF","Overall Claims Report Cube","\Claims Management Reporting\Public Objects\Cubes\Overall Claims Report Cube",E37C06B844EC13D226F6428AF6133DEA
"E2F68AA14FCE47B0DF4DBFACFD14365D","Claim - Outstanding CAT","56584BF346189CCC1681469B224A1CCF","Overall Claims Report Cube","\Claims Management Reporting\Public Objects\Cubes\Overall Claims Report Cube",E37C06B844EC13D226F6428AF6133DEA
"6C948AAC447388E65A3DD7A5C672A59A","Claim - Reported","56584BF346189CCC1681469B224A1CCF","Overall Claims Report Cube","\Claims Management Reporting\Public Objects\Cubes\Overall Claims Report Cube",E37C06B844EC13D226F6428AF6133DEA
"AFCC56E24DB0068645A7478B79191D22","Claim - Rpt & Out % by Party","56584BF346189CCC1681469B224A1CCF","Overall Claims Report Cube","\Claims Management Reporting\Public Objects\Cubes\Overall Claims Report Cube",E37C06B844EC13D226F6428AF6133DEA
"D3BB83894974CB72713BE8BD8044B063","Claim - Rpt CAT","56584BF346189CCC1681469B224A1CCF","Overall Claims Report Cube","\Claims Management Reporting\Public Objects\Cubes\Overall Claims Report Cube",E37C06B844EC13D226F6428AF6133DEA
"A960083347DCF63F379AAFA94E21B711","Claim Handler Report Last 30 Days","DC56BB2D4A043F9F43D4D78B8BDD4B48","Claim Handler Report Last 30 Days Cube","\Claims Management Reporting\Public Objects\Cubes\Claim Handler Report Last 30 Days Cube",E37C06B844EC13D226F6428AF6133DEA
"CE5232104BC328EDA6B989BDBD6D6F62","Claim Handler Report Last 30 Days Condensed","DC56BB2D4A043F9F43D4D78B8BDD4B48","Claim Handler Report Last 30 Days Cube","\Claims Management Reporting\Public Objects\Cubes\Claim Handler Report Last 30 Days Cube",E37C06B844EC13D226F6428AF6133DEA
"1AB04C2745D87597AC8B06A2B50C01FE","Claims Indemnity Payments","56584BF346189CCC1681469B224A1CCF","Overall Claims Report Cube","\Claims Management Reporting\Public Objects\Cubes\Overall Claims Report Cube",E37C06B844EC13D226F6428AF6133DEA
"9832322B4C97BF0DA9B661BBBC588793","Claims Reported and Expenses","56584BF346189CCC1681469B224A1CCF","Overall Claims Report Cube","\Claims Management Reporting\Public Objects\Cubes\Overall Claims Report Cube",E37C06B844EC13D226F6428AF6133DEA
"69EE9749486FCFA095A81092BC560C58","Claims Reported and Settled for Branch Costs","56584BF346189CCC1681469B224A1CCF","Overall Claims Report Cube","\Claims Management Reporting\Public Objects\Cubes\Overall Claims Report Cube",E37C06B844EC13D226F6428AF6133DEA
"89F6D3A64D41FB553DF903B61E92BACB","Claims Reported by Branch - Last Year","56584BF346189CCC1681469B224A1CCF","Overall Claims Report Cube","\Claims Management Reporting\Public Objects\Cubes\Overall Claims Report Cube",E37C06B844EC13D226F6428AF6133DEA
"E225C01248548BFCF357DF8ADCDDCD5B","Claims Reported by Branch - Year to Date by Year","56584BF346189CCC1681469B224A1CCF","Overall Claims Report Cube","\Claims Management Reporting\Public Objects\Cubes\Overall Claims Report Cube",E37C06B844EC13D226F6428AF6133DEA
"0A73C7954FB636C609305599D4D878D3","Claims Reported by Detail Claim Type - Last Year","56584BF346189CCC1681469B224A1CCF","Overall Claims Report Cube","\Claims Management Reporting\Public Objects\Cubes\Overall Claims Report Cube",E37C06B844EC13D226F6428AF6133DEA
"594024FD4896368A2678A6BB45E97D4E","Claims Reported by Line of Business","56584BF346189CCC1681469B224A1CCF","Overall Claims Report Cube","\Claims Management Reporting\Public Objects\Cubes\Overall Claims Report Cube",E37C06B844EC13D226F6428AF6133DEA
"8CEA8435451E204F1DF8FBAEE23D6357","Claims Reported by Line of Business","56584BF346189CCC1681469B224A1CCF","Overall Claims Report Cube","\Claims Management Reporting\Public Objects\Cubes\Overall Claims Report Cube",E37C06B844EC13D226F6428AF6133DEA
"9C6B6FC643512F40693F2BAF709AE1A9","Claims Reported by Qrt","56584BF346189CCC1681469B224A1CCF","Overall Claims Report Cube","\Claims Management Reporting\Public Objects\Cubes\Overall Claims Report Cube",E37C06B844EC13D226F6428AF6133DEA
"6708722345CA50CDB98C50BC9585FBCA","Claims Reported by Year and Month","56584BF346189CCC1681469B224A1CCF","Overall Claims Report Cube","\Claims Management Reporting\Public Objects\Cubes\Overall Claims Report Cube",E37C06B844EC13D226F6428AF6133DEA
"F596F39847D6E634D43E2BADCF828320","Claims Reported by Yr","56584BF346189CCC1681469B224A1CCF","Overall Claims Report Cube","\Claims Management Reporting\Public Objects\Cubes\Overall Claims Report Cube",E37C06B844EC13D226F6428AF6133DEA
"4242F6E04ED25F9EEC8C12A2CDDB75E7","Claims Reported vs. Claims Outstanding","56584BF346189CCC1681469B224A1CCF","Overall Claims Report Cube","\Claims Management Reporting\Public Objects\Cubes\Overall Claims Report Cube",E37C06B844EC13D226F6428AF6133DEA
"958998DF4002C6E51745F8BC49D75AFA","Claims Reported_Shameem","56584BF346189CCC1681469B224A1CCF","Overall Claims Report Cube","\Claims Management Reporting\Public Objects\Cubes\Overall Claims Report Cube",E37C06B844EC13D226F6428AF6133DEA
"CF70C31E4AEA85E9A51F2590C5C16281","Claims, Reserves & Suits Outstanding","56584BF346189CCC1681469B224A1CCF","Overall Claims Report Cube","\Claims Management Reporting\Public Objects\Cubes\Overall Claims Report Cube",E37C06B844EC13D226F6428AF6133DEA
"1EDFFD3944EAFD31BB861DB7B1FEFCCF","Compare Rolling 12 month Lag","56584BF346189CCC1681469B224A1CCF","Overall Claims Report Cube","\Claims Management Reporting\Public Objects\Cubes\Overall Claims Report Cube",E37C06B844EC13D226F6428AF6133DEA
"89E1130447E4B4BB996DD0BCD80F19C1","Comparison Month over Last Month","56584BF346189CCC1681469B224A1CCF","Overall Claims Report Cube","\Claims Management Reporting\Public Objects\Cubes\Overall Claims Report Cube",E37C06B844EC13D226F6428AF6133DEA
"BC676B4A4A2EBDEDEAAAE38FC2E3D747","Comparison Month over Month","56584BF346189CCC1681469B224A1CCF","Overall Claims Report Cube","\Claims Management Reporting\Public Objects\Cubes\Overall Claims Report Cube",E37C06B844EC13D226F6428AF6133DEA
"56F17E9E4D0504FA112B758BF5E62ABA","Comparison Year over Year","56584BF346189CCC1681469B224A1CCF","Overall Claims Report Cube","\Claims Management Reporting\Public Objects\Cubes\Overall Claims Report Cube",E37C06B844EC13D226F6428AF6133DEA
"E23BA01B418D37563DAA8794CF02CE2F","Comparison YTD over YTD","56584BF346189CCC1681469B224A1CCF","Overall Claims Report Cube","\Claims Management Reporting\Public Objects\Cubes\Overall Claims Report Cube",E37C06B844EC13D226F6428AF6133DEA
"E4BD922E41C5DF55BF7AE38EECF139BF","Deferred and Regular - All Auto - Loss (L4 Yrs) Pie","56584BF346189CCC1681469B224A1CCF","Overall Claims Report Cube","\Claims Management Reporting\Public Objects\Cubes\Overall Claims Report Cube",E37C06B844EC13D226F6428AF6133DEA
"417BB9944AB4C0C28CE04DACF030ADFB","Deferred and Regular - All Auto - Rpt (L4 Yrs) Pie","56584BF346189CCC1681469B224A1CCF","Overall Claims Report Cube","\Claims Management Reporting\Public Objects\Cubes\Overall Claims Report Cube",E37C06B844EC13D226F6428AF6133DEA
"FAD41B1A4B717C361BFD95A35CEACE80","Deferred and Regular - All Auto - Rsv LM Pie","56584BF346189CCC1681469B224A1CCF","Overall Claims Report Cube","\Claims Management Reporting\Public Objects\Cubes\Overall Claims Report Cube",E37C06B844EC13D226F6428AF6133DEA
"29D039D34CB299A425CBF1B0ED2A8778","Deferred and Regular - Home - Loss (L4 Yrs) Pie","56584BF346189CCC1681469B224A1CCF","Overall Claims Report Cube","\Claims Management Reporting\Public Objects\Cubes\Overall Claims Report Cube",E37C06B844EC13D226F6428AF6133DEA
"39C4362140F8EC77E6F1778483147E15","Deferred and Regular - Home - Rpt (L4 Yrs) Pie","56584BF346189CCC1681469B224A1CCF","Overall Claims Report Cube","\Claims Management Reporting\Public Objects\Cubes\Overall Claims Report Cube",E37C06B844EC13D226F6428AF6133DEA
"2E76869F45B8250D83FE95BA40C5C76B","Deferred and Regular - Home - Rsv LM Pie","56584BF346189CCC1681469B224A1CCF","Overall Claims Report Cube","\Claims Management Reporting\Public Objects\Cubes\Overall Claims Report Cube",E37C06B844EC13D226F6428AF6133DEA
"0A57708340ED65BBD7822686FC8F708C","Exp - Avg Expenses Closed and Reported Claims in Year","56584BF346189CCC1681469B224A1CCF","Overall Claims Report Cube","\Claims Management Reporting\Public Objects\Cubes\Overall Claims Report Cube",E37C06B844EC13D226F6428AF6133DEA
"DD2D0A484BA80C2A8060028E6B245141","Exp - Avg Expenses on Closed and Paid Year","56584BF346189CCC1681469B224A1CCF","Overall Claims Report Cube","\Claims Management Reporting\Public Objects\Cubes\Overall Claims Report Cube",E37C06B844EC13D226F6428AF6133DEA
"5462312D4E919B8FBEFB31B5F942A47A","HO Section II","56584BF346189CCC1681469B224A1CCF","Overall Claims Report Cube","\Claims Management Reporting\Public Objects\Cubes\Overall Claims Report Cube",E37C06B844EC13D226F6428AF6133DEA
"F299B66F4A0B8A9021F24EA60F6C557E","Home Average Reserve and Claims Outstanding","56584BF346189CCC1681469B224A1CCF","Overall Claims Report Cube","\Claims Management Reporting\Public Objects\Cubes\Overall Claims Report Cube",E37C06B844EC13D226F6428AF6133DEA
"00D9361C45E394531ABA81B16173EEDB","Home Average Reserve and Claims Outstanding Values","56584BF346189CCC1681469B224A1CCF","Overall Claims Report Cube","\Claims Management Reporting\Public Objects\Cubes\Overall Claims Report Cube",E37C06B844EC13D226F6428AF6133DEA
"88385EA74B09B9864701D9A557E0A172","Home CAT Claims Reported YTD by Year Data","56584BF346189CCC1681469B224A1CCF","Overall Claims Report Cube","\Claims Management Reporting\Public Objects\Cubes\Overall Claims Report Cube",E37C06B844EC13D226F6428AF6133DEA
"F50CBA8745D57F8FFA24EEA53640A303","Home Claims Outstanding","56584BF346189CCC1681469B224A1CCF","Overall Claims Report Cube","\Claims Management Reporting\Public Objects\Cubes\Overall Claims Report Cube",E37C06B844EC13D226F6428AF6133DEA
"E2B57D664E6A34E81020BC8063B0B39F","Home Claims Reported YTD by Year Data","56584BF346189CCC1681469B224A1CCF","Overall Claims Report Cube","\Claims Management Reporting\Public Objects\Cubes\Overall Claims Report Cube",E37C06B844EC13D226F6428AF6133DEA
"D92F2F8A42CBB1CDB729A99BB53CB625","Home Sec I Losses Paid YTD","56584BF346189CCC1681469B224A1CCF","Overall Claims Report Cube","\Claims Management Reporting\Public Objects\Cubes\Overall Claims Report Cube",E37C06B844EC13D226F6428AF6133DEA
"3F232DD04EAD9C7BD40F948A6DE1BA62","Home Sec I Losses Paid YTD Values","56584BF346189CCC1681469B224A1CCF","Overall Claims Report Cube","\Claims Management Reporting\Public Objects\Cubes\Overall Claims Report Cube",E37C06B844EC13D226F6428AF6133DEA
"CE0FC1004678F0846E7418B3D7D3029A","Homeowners Fire L3 Yrs","56584BF346189CCC1681469B224A1CCF","Overall Claims Report Cube","\Claims Management Reporting\Public Objects\Cubes\Overall Claims Report Cube",E37C06B844EC13D226F6428AF6133DEA
"968DDEFA4326C1E2BD4EB987EDFCBD8E","LAC Claims Reported Auto YTD Frequency","56584BF346189CCC1681469B224A1CCF","Overall Claims Report Cube","\Claims Management Reporting\Public Objects\Cubes\Overall Claims Report Cube",E37C06B844EC13D226F6428AF6133DEA
"E269B47D4F6C8571AE3D4D8CD9F9C6F3","LAC Claims Reported Home YTD Frequency","56584BF346189CCC1681469B224A1CCF","Overall Claims Report Cube","\Claims Management Reporting\Public Objects\Cubes\Overall Claims Report Cube",E37C06B844EC13D226F6428AF6133DEA
"E108FC6E45976A8010FAF8B3171BFB46","Legacy Clms Out","56584BF346189CCC1681469B224A1CCF","Overall Claims Report Cube","\Claims Management Reporting\Public Objects\Cubes\Overall Claims Report Cube",E37C06B844EC13D226F6428AF6133DEA
"9DA2F4104A70FD72C23F8C8EA92961E0","Legacy Clms YrEnd Detail Clm Type","56584BF346189CCC1681469B224A1CCF","Overall Claims Report Cube","\Claims Management Reporting\Public Objects\Cubes\Overall Claims Report Cube",E37C06B844EC13D226F6428AF6133DEA
"355AC01943157F36C06E41B828BFCD08","Legal - % Coll Clms Arb","56584BF346189CCC1681469B224A1CCF","Overall Claims Report Cube","\Claims Management Reporting\Public Objects\Cubes\Overall Claims Report Cube",E37C06B844EC13D226F6428AF6133DEA
"8FAA827843A765871EE849B432B786E7","Loss - All LOB Clms Pd DBI","56584BF346189CCC1681469B224A1CCF","Overall Claims Report Cube","\Claims Management Reporting\Public Objects\Cubes\Overall Claims Report Cube",E37C06B844EC13D226F6428AF6133DEA
"2058CB88441B76E0290B9ABC0FC56D58","Loss - Auto Clms Pd","56584BF346189CCC1681469B224A1CCF","Overall Claims Report Cube","\Claims Management Reporting\Public Objects\Cubes\Overall Claims Report Cube",E37C06B844EC13D226F6428AF6133DEA
"631A896E47BA5D01BDC0A695853EDD2F","Loss - Home Clms Pd Dwelling","56584BF346189CCC1681469B224A1CCF","Overall Claims Report Cube","\Claims Management Reporting\Public Objects\Cubes\Overall Claims Report Cube",E37C06B844EC13D226F6428AF6133DEA
"7F9B9EB14B3360BDDAFA73B52B4203FF","Loss - Home Clms Pd Section I","56584BF346189CCC1681469B224A1CCF","Overall Claims Report Cube","\Claims Management Reporting\Public Objects\Cubes\Overall Claims Report Cube",E37C06B844EC13D226F6428AF6133DEA
"9A9303A547CC147D205ACF9F458470F4","Loss - Home Clms Pd Section II","56584BF346189CCC1681469B224A1CCF","Overall Claims Report Cube","\Claims Management Reporting\Public Objects\Cubes\Overall Claims Report Cube",E37C06B844EC13D226F6428AF6133DEA
"EC5828F2486785BA7CF5C6A7278F0C52","Loss - Home Clms Pd Section II Total","56584BF346189CCC1681469B224A1CCF","Overall Claims Report Cube","\Claims Management Reporting\Public Objects\Cubes\Overall Claims Report Cube",E37C06B844EC13D226F6428AF6133DEA
"F1C6C0F54378E967AD00EAA78C2F574F","Loss - Home Clms Pd Total","56584BF346189CCC1681469B224A1CCF","Overall Claims Report Cube","\Claims Management Reporting\Public Objects\Cubes\Overall Claims Report Cube",E37C06B844EC13D226F6428AF6133DEA
"0BF14FDC434B2E5E9DE970A3A27F5B2B","Loss - Marine Clms Pd","56584BF346189CCC1681469B224A1CCF","Overall Claims Report Cube","\Claims Management Reporting\Public Objects\Cubes\Overall Claims Report Cube",E37C06B844EC13D226F6428AF6133DEA
"FEF789BF4D56A92F5968E9B2041716A0","Loss - Umb Clms Pd","56584BF346189CCC1681469B224A1CCF","Overall Claims Report Cube","\Claims Management Reporting\Public Objects\Cubes\Overall Claims Report Cube",E37C06B844EC13D226F6428AF6133DEA
"C24255D34717EFEDD22490AF889BFDF3","Loss + Reserve","56584BF346189CCC1681469B224A1CCF","Overall Claims Report Cube","\Claims Management Reporting\Public Objects\Cubes\Overall Claims Report Cube",E37C06B844EC13D226F6428AF6133DEA
"65EBCB5546C3BA25C13A73A00621E510","Loss by Month and Year Auto Claims","56584BF346189CCC1681469B224A1CCF","Overall Claims Report Cube","\Claims Management Reporting\Public Objects\Cubes\Overall Claims Report Cube",E37C06B844EC13D226F6428AF6133DEA
"C6E6EEDB45FF5DD2370DD89ABAD6BEE9","Loss by Month and Year Injury Claims","56584BF346189CCC1681469B224A1CCF","Overall Claims Report Cube","\Claims Management Reporting\Public Objects\Cubes\Overall Claims Report Cube",E37C06B844EC13D226F6428AF6133DEA
"6FEBA8D7477524211163699AC8914BF3","Loss Clms Rpt by Month and Year","56584BF346189CCC1681469B224A1CCF","Overall Claims Report Cube","\Claims Management Reporting\Public Objects\Cubes\Overall Claims Report Cube",E37C06B844EC13D226F6428AF6133DEA
"1194177943BA5C7CCE09709569874181","Loss Overall Claims Report","56584BF346189CCC1681469B224A1CCF","Overall Claims Report Cube","\Claims Management Reporting\Public Objects\Cubes\Overall Claims Report Cube",E37C06B844EC13D226F6428AF6133DEA
"D16DCE54494F183EF7B02EA28B561306","Loss Overall Claims Report_NoCov","56584BF346189CCC1681469B224A1CCF","Overall Claims Report Cube","\Claims Management Reporting\Public Objects\Cubes\Overall Claims Report Cube",E37C06B844EC13D226F6428AF6133DEA
"F8C6881744D2CD1FE53C69BA80FEC0DF","Loss Overall Claims Report-YTD","56584BF346189CCC1681469B224A1CCF","Overall Claims Report Cube","\Claims Management Reporting\Public Objects\Cubes\Overall Claims Report Cube",E37C06B844EC13D226F6428AF6133DEA
"00CE35734BED95BAEE4BC784F7A9C86D","Loss Overall Claims Report-YTD_NoCov","56584BF346189CCC1681469B224A1CCF","Overall Claims Report Cube","\Claims Management Reporting\Public Objects\Cubes\Overall Claims Report Cube",E37C06B844EC13D226F6428AF6133DEA
"51A52B2E4C6F4AB01FBDD6B62A8AFEDF","Loss Report - Auto & Other than Auto","56584BF346189CCC1681469B224A1CCF","Overall Claims Report Cube","\Claims Management Reporting\Public Objects\Cubes\Overall Claims Report Cube",E37C06B844EC13D226F6428AF6133DEA
"7E9F7DCA4A372A4FB7A124B3B9B65815","Loss Report - CAT","56584BF346189CCC1681469B224A1CCF","Overall Claims Report Cube","\Claims Management Reporting\Public Objects\Cubes\Overall Claims Report Cube",E37C06B844EC13D226F6428AF6133DEA
"54148D1949555ECD3FFAC0820CEFE515","Marine Claims Reported YTD by Year Data","56584BF346189CCC1681469B224A1CCF","Overall Claims Report Cube","\Claims Management Reporting\Public Objects\Cubes\Overall Claims Report Cube",E37C06B844EC13D226F6428AF6133DEA
"479467AF4D7A63CE3EFBB1B9E76A652C","NonCat Auto L12Mth Loss + Rsv by Dtl Clm Type","56584BF346189CCC1681469B224A1CCF","Overall Claims Report Cube","\Claims Management Reporting\Public Objects\Cubes\Overall Claims Report Cube",E37C06B844EC13D226F6428AF6133DEA
"E94BA4B8402EAFE31558DF90C1CD7C53","NonCat Auto L12Mth Loss + Rsv by Dtl Clm Type & Cov","56584BF346189CCC1681469B224A1CCF","Overall Claims Report Cube","\Claims Management Reporting\Public Objects\Cubes\Overall Claims Report Cube",E37C06B844EC13D226F6428AF6133DEA
"4A22B3A0467534B25E8B9EA4C5AA9071","NonCat Auto L12Mth Loss + Rsv by Oper Clm Type","56584BF346189CCC1681469B224A1CCF","Overall Claims Report Cube","\Claims Management Reporting\Public Objects\Cubes\Overall Claims Report Cube",E37C06B844EC13D226F6428AF6133DEA
"8CE25D7B49B960E1EEAAFB835228522E","NonCat Home L12Mth Loss + Rsv by Oper Clm Type","56584BF346189CCC1681469B224A1CCF","Overall Claims Report Cube","\Claims Management Reporting\Public Objects\Cubes\Overall Claims Report Cube",E37C06B844EC13D226F6428AF6133DEA
"AFA60AF94D6870347FD45AB39E3E1C87","NonCat Rolling 12 Mth Losses and Reserves","56584BF346189CCC1681469B224A1CCF","Overall Claims Report Cube","\Claims Management Reporting\Public Objects\Cubes\Overall Claims Report Cube",E37C06B844EC13D226F6428AF6133DEA
"1AF9D4A34E4BEAB34ABB419C6811513D","Outstanding Auto Reserves YTD","56584BF346189CCC1681469B224A1CCF","Overall Claims Report Cube","\Claims Management Reporting\Public Objects\Cubes\Overall Claims Report Cube",E37C06B844EC13D226F6428AF6133DEA
"E54F17CC43D07B8411819DA52E8B9567","Outstanding Auto Reserves YTD Values","56584BF346189CCC1681469B224A1CCF","Overall Claims Report Cube","\Claims Management Reporting\Public Objects\Cubes\Overall Claims Report Cube",E37C06B844EC13D226F6428AF6133DEA
"02827C2F499BB9E6EE5C66BB62F1FEB5","Outstanding Home Reserves YTD","56584BF346189CCC1681469B224A1CCF","Overall Claims Report Cube","\Claims Management Reporting\Public Objects\Cubes\Overall Claims Report Cube",E37C06B844EC13D226F6428AF6133DEA
"7B2509064843792374170DBA1B3DA53B","Outstanding Home Reserves YTD Values","56584BF346189CCC1681469B224A1CCF","Overall Claims Report Cube","\Claims Management Reporting\Public Objects\Cubes\Overall Claims Report Cube",E37C06B844EC13D226F6428AF6133DEA
"9DADD1FC4E19A91AEC182A9FBE021DE1","Overall Claims Report","56584BF346189CCC1681469B224A1CCF","Overall Claims Report Cube","\Claims Management Reporting\Public Objects\Cubes\Overall Claims Report Cube",E37C06B844EC13D226F6428AF6133DEA
"CE755E764DCD030F1A5A64ADD32EDA96","Reserve Change Since LYr End","56584BF346189CCC1681469B224A1CCF","Overall Claims Report Cube","\Claims Management Reporting\Public Objects\Cubes\Overall Claims Report Cube",E37C06B844EC13D226F6428AF6133DEA
"CA22C13E4D9B3EF0175B5B98DC774722","Revenue - Salvage","56584BF346189CCC1681469B224A1CCF","Overall Claims Report Cube","\Claims Management Reporting\Public Objects\Cubes\Overall Claims Report Cube",E37C06B844EC13D226F6428AF6133DEA
"C8012BA34A587385FD4497BEBD75657E","Revenue - Subrogation","56584BF346189CCC1681469B224A1CCF","Overall Claims Report Cube","\Claims Management Reporting\Public Objects\Cubes\Overall Claims Report Cube",E37C06B844EC13D226F6428AF6133DEA
"C3B18B8A45854F7FE05F4CB4ECBD4788","Rpt/Loss/Exp % Diff","56584BF346189CCC1681469B224A1CCF","Overall Claims Report Cube","\Claims Management Reporting\Public Objects\Cubes\Overall Claims Report Cube",E37C06B844EC13D226F6428AF6133DEA
"FED3700842FF86F033E0C9990DE70CC5","Rpt/Loss/Exp % Diff CAT","56584BF346189CCC1681469B224A1CCF","Overall Claims Report Cube","\Claims Management Reporting\Public Objects\Cubes\Overall Claims Report Cube",E37C06B844EC13D226F6428AF6133DEA
"6AE517784F7E914BA231668D0EF3FED4","Rpt/Loss/Exp % Diff Non CAT","56584BF346189CCC1681469B224A1CCF","Overall Claims Report Cube","\Claims Management Reporting\Public Objects\Cubes\Overall Claims Report Cube",E37C06B844EC13D226F6428AF6133DEA
"43A40BA34C5EEF85F16E0AB4EE843EE6","Rpt/Loss/Exp Auto % Diff","56584BF346189CCC1681469B224A1CCF","Overall Claims Report Cube","\Claims Management Reporting\Public Objects\Cubes\Overall Claims Report Cube",E37C06B844EC13D226F6428AF6133DEA
"D2325C624C4A50DCFA7CC68FE947CFEC","Rpt/Loss/Exp Auto % Diff BI All","56584BF346189CCC1681469B224A1CCF","Overall Claims Report Cube","\Claims Management Reporting\Public Objects\Cubes\Overall Claims Report Cube",E37C06B844EC13D226F6428AF6133DEA
"C563227A442288D8EB47AFA6A4890B99","Rpt/Loss/Exp Auto % Diff CAT","56584BF346189CCC1681469B224A1CCF","Overall Claims Report Cube","\Claims Management Reporting\Public Objects\Cubes\Overall Claims Report Cube",E37C06B844EC13D226F6428AF6133DEA
"804C95774F98C87ACD77D1BDAA50F071","Rpt/Loss/Exp Auto % Diff Non CAT","56584BF346189CCC1681469B224A1CCF","Overall Claims Report Cube","\Claims Management Reporting\Public Objects\Cubes\Overall Claims Report Cube",E37C06B844EC13D226F6428AF6133DEA
"C44A0BEA478141E7DC811DB24CCDE22F","Rpt/Loss/Exp Auto Values","56584BF346189CCC1681469B224A1CCF","Overall Claims Report Cube","\Claims Management Reporting\Public Objects\Cubes\Overall Claims Report Cube",E37C06B844EC13D226F6428AF6133DEA
"B415A50E479F5E1DD4E7FBB9D55DFD8E","Rpt/Loss/Exp Auto Values BI All","56584BF346189CCC1681469B224A1CCF","Overall Claims Report Cube","\Claims Management Reporting\Public Objects\Cubes\Overall Claims Report Cube",E37C06B844EC13D226F6428AF6133DEA
"6EF2158840F3051E90BA268DAE0B88FD","Rpt/Loss/Exp Auto Values CAT","56584BF346189CCC1681469B224A1CCF","Overall Claims Report Cube","\Claims Management Reporting\Public Objects\Cubes\Overall Claims Report Cube",E37C06B844EC13D226F6428AF6133DEA
"0F80DD7E4E3BF933A2AFC082B184EDC3","Rpt/Loss/Exp Auto Values Non CAT","56584BF346189CCC1681469B224A1CCF","Overall Claims Report Cube","\Claims Management Reporting\Public Objects\Cubes\Overall Claims Report Cube",E37C06B844EC13D226F6428AF6133DEA
"4DDC712449F98D33E2E8B0B309AAD44C","Rpt/Loss/Exp Home % Diff","56584BF346189CCC1681469B224A1CCF","Overall Claims Report Cube","\Claims Management Reporting\Public Objects\Cubes\Overall Claims Report Cube",E37C06B844EC13D226F6428AF6133DEA
"F0C717BE44C6C23FF1621C93563BCF12","Rpt/Loss/Exp Home % Diff CAT","56584BF346189CCC1681469B224A1CCF","Overall Claims Report Cube","\Claims Management Reporting\Public Objects\Cubes\Overall Claims Report Cube",E37C06B844EC13D226F6428AF6133DEA
"2316B051433BEB9325675084ADBFA9D5","Rpt/Loss/Exp Home % Diff Non CAT","56584BF346189CCC1681469B224A1CCF","Overall Claims Report Cube","\Claims Management Reporting\Public Objects\Cubes\Overall Claims Report Cube",E37C06B844EC13D226F6428AF6133DEA
"6E33AB0440575755EF660C873A5B6AF0","Rpt/Loss/Exp Home Values","56584BF346189CCC1681469B224A1CCF","Overall Claims Report Cube","\Claims Management Reporting\Public Objects\Cubes\Overall Claims Report Cube",E37C06B844EC13D226F6428AF6133DEA
"14FFD6A94CBF6B090BC153B116D3F395","Rpt/Loss/Exp Home Values CAT","56584BF346189CCC1681469B224A1CCF","Overall Claims Report Cube","\Claims Management Reporting\Public Objects\Cubes\Overall Claims Report Cube",E37C06B844EC13D226F6428AF6133DEA
"CDCA47CC40CEF18C17133BBA1D61329E","Rpt/Loss/Exp Home Values Non CAT","56584BF346189CCC1681469B224A1CCF","Overall Claims Report Cube","\Claims Management Reporting\Public Objects\Cubes\Overall Claims Report Cube",E37C06B844EC13D226F6428AF6133DEA
"FD011AE84706B95FC867EABAE7409A7F","Rpt/Loss/Exp Values","56584BF346189CCC1681469B224A1CCF","Overall Claims Report Cube","\Claims Management Reporting\Public Objects\Cubes\Overall Claims Report Cube",E37C06B844EC13D226F6428AF6133DEA
"EEDB510E4B6CA92350A6F8B8A49A97D3","Rpt/Loss/Exp Values CAT","56584BF346189CCC1681469B224A1CCF","Overall Claims Report Cube","\Claims Management Reporting\Public Objects\Cubes\Overall Claims Report Cube",E37C06B844EC13D226F6428AF6133DEA
"0F1065F540D0089EBC8B2EACED678A51","Rpt/Loss/Exp Values Non CAT","56584BF346189CCC1681469B224A1CCF","Overall Claims Report Cube","\Claims Management Reporting\Public Objects\Cubes\Overall Claims Report Cube",E37C06B844EC13D226F6428AF6133DEA
"1657DF744584FF6836A2C6BD12764658","Severity - Average Reserve","56584BF346189CCC1681469B224A1CCF","Overall Claims Report Cube","\Claims Management Reporting\Public Objects\Cubes\Overall Claims Report Cube",E37C06B844EC13D226F6428AF6133DEA
"2ECBBAAC4CBB797526D5399C479F7AAE","Severity - Incurred Loss","56584BF346189CCC1681469B224A1CCF","Overall Claims Report Cube","\Claims Management Reporting\Public Objects\Cubes\Overall Claims Report Cube",E37C06B844EC13D226F6428AF6133DEA
"050A7A0E47F2E3490934398725F05879","Severity YTD","56584BF346189CCC1681469B224A1CCF","Overall Claims Report Cube","\Claims Management Reporting\Public Objects\Cubes\Overall Claims Report Cube",E37C06B844EC13D226F6428AF6133DEA
"EE43B7EA4AA791C3A0C6728963540499","State of Claims Expense HO","56584BF346189CCC1681469B224A1CCF","Overall Claims Report Cube","\Claims Management Reporting\Public Objects\Cubes\Overall Claims Report Cube",E37C06B844EC13D226F6428AF6133DEA
"653E8255464B2C5CC9B3A193A6E3B7D1","State of Claims Loss HO","56584BF346189CCC1681469B224A1CCF","Overall Claims Report Cube","\Claims Management Reporting\Public Objects\Cubes\Overall Claims Report Cube",E37C06B844EC13D226F6428AF6133DEA
"16625FAB40102A883DEB4BA67AEA308B","State of Claims Rsv HO","56584BF346189CCC1681469B224A1CCF","Overall Claims Report Cube","\Claims Management Reporting\Public Objects\Cubes\Overall Claims Report Cube",E37C06B844EC13D226F6428AF6133DEA
"255406794AC74CF607A378BE04860DF5","Subro - % Subro Rec","56584BF346189CCC1681469B224A1CCF","Overall Claims Report Cube","\Claims Management Reporting\Public Objects\Cubes\Overall Claims Report Cube",E37C06B844EC13D226F6428AF6133DEA
"597795EE405452EABCE865B88674AEFF","Subro - % Subro Rec Coll","56584BF346189CCC1681469B224A1CCF","Overall Claims Report Cube","\Claims Management Reporting\Public Objects\Cubes\Overall Claims Report Cube",E37C06B844EC13D226F6428AF6133DEA
"8D6B20DB4DD12341E3AFDA922166DB42","Umbrella Claims Reported YTD by Year Data","56584BF346189CCC1681469B224A1CCF","Overall Claims Report Cube","\Claims Management Reporting\Public Objects\Cubes\Overall Claims Report Cube",E37C06B844EC13D226F6428AF6133DEA
"AE29DF694A1E3648618F53B8C4521BAF","Year to Date Auto & Home Exp Pmts Data","56584BF346189CCC1681469B224A1CCF","Overall Claims Report Cube","\Claims Management Reporting\Public Objects\Cubes\Overall Claims Report Cube",E37C06B844EC13D226F6428AF6133DEA
"23A19DF841C3A0B89FB23085725637C5","Year to Date Auto Exp Pmts","56584BF346189CCC1681469B224A1CCF","Overall Claims Report Cube","\Claims Management Reporting\Public Objects\Cubes\Overall Claims Report Cube",E37C06B844EC13D226F6428AF6133DEA
"C571A0FF4B85A65FE970EE95560E90AB","Year to Date Auto Losses O/S","56584BF346189CCC1681469B224A1CCF","Overall Claims Report Cube","\Claims Management Reporting\Public Objects\Cubes\Overall Claims Report Cube",E37C06B844EC13D226F6428AF6133DEA
"D48185D845934A04A1312FAEACF90315","Year to Date Auto Losses Pmts","56584BF346189CCC1681469B224A1CCF","Overall Claims Report Cube","\Claims Management Reporting\Public Objects\Cubes\Overall Claims Report Cube",E37C06B844EC13D226F6428AF6133DEA
"B7C92E4744E9F425A79B7A83DD1AC61A","Year to Date Auto Losses Reported","56584BF346189CCC1681469B224A1CCF","Overall Claims Report Cube","\Claims Management Reporting\Public Objects\Cubes\Overall Claims Report Cube",E37C06B844EC13D226F6428AF6133DEA
"1B91C691449B79D3888054825F0005B2","Year to Date Auto Losses Settled","56584BF346189CCC1681469B224A1CCF","Overall Claims Report Cube","\Claims Management Reporting\Public Objects\Cubes\Overall Claims Report Cube",E37C06B844EC13D226F6428AF6133DEA
"80A836ED4AD0FAA52B3C41A365E04F01","Year to Date Auto O/S Rsv","56584BF346189CCC1681469B224A1CCF","Overall Claims Report Cube","\Claims Management Reporting\Public Objects\Cubes\Overall Claims Report Cube",E37C06B844EC13D226F6428AF6133DEA
"4A6768774039588419D541B72B864472","Year to Date Home Exp Pmts","56584BF346189CCC1681469B224A1CCF","Overall Claims Report Cube","\Claims Management Reporting\Public Objects\Cubes\Overall Claims Report Cube",E37C06B844EC13D226F6428AF6133DEA
"B0C966AA442EB1F19854528C5CE8FD31","Year to Date Home Losses O/S","56584BF346189CCC1681469B224A1CCF","Overall Claims Report Cube","\Claims Management Reporting\Public Objects\Cubes\Overall Claims Report Cube",E37C06B844EC13D226F6428AF6133DEA
"480C41F34D5E17305D1A9B8F5F8CDF62","Year to Date Home Losses Pmts","56584BF346189CCC1681469B224A1CCF","Overall Claims Report Cube","\Claims Management Reporting\Public Objects\Cubes\Overall Claims Report Cube",E37C06B844EC13D226F6428AF6133DEA
"DF5106574E45F09CC8CE6D9B77B12435","Year to Date Home Losses Reported","56584BF346189CCC1681469B224A1CCF","Overall Claims Report Cube","\Claims Management Reporting\Public Objects\Cubes\Overall Claims Report Cube",E37C06B844EC13D226F6428AF6133DEA
"889E14924EE14ACFEEDAD29A08C0880F","Year to Date Home Losses Settled","56584BF346189CCC1681469B224A1CCF","Overall Claims Report Cube","\Claims Management Reporting\Public Objects\Cubes\Overall Claims Report Cube",E37C06B844EC13D226F6428AF6133DEA
"16FD45FD414F56ED47D41CB1085DAF89","Year to Date Home O/S Rsv","56584BF346189CCC1681469B224A1CCF","Overall Claims Report Cube","\Claims Management Reporting\Public Objects\Cubes\Overall Claims Report Cube",E37C06B844EC13D226F6428AF6133DEA
"2BF533F24C74A32D9EF31DAD5F7DABBD","YTD Financials by State","56584BF346189CCC1681469B224A1CCF","Overall Claims Report Cube","\Claims Management Reporting\Public Objects\Cubes\Overall Claims Report Cube",E37C06B844EC13D226F6428AF6133DEA
