is_rep_id,is_rep_guid,is_rep_name,is_rep_loc,folder,REPORT_TYPE,is_cube_def_guid,cube_name,Instance,Cnt
183,02C59CCF4903115B8DBE6EBEFCBCCA8D,Claim Handler Legacy Reassigned Last 12 Month,IS:\Claims Management Reporting\Public Objects\Reports\NOT PUBLIC REPORTS\Handler Reports\Claim Handler,Not Public Reports,Report,<N/A>                           ,NULL,DMPROD,1
200,02EB6AF2456DC034132F348C6F8020EC,Int End Date Month Min Max,IS:\Claims Management Reporting\Public Objects\Reports\NOT PUBLIC REPORTS\NPS Reports,Not Public Reports,Report,<N/A>                           ,NULL,DMPROD,1
217,0328D39441FE51FAE890799359284D4D,Additional Payments after Subro Received,IS:\Claims Management Reporting\Public Objects\Reports\Subrogation,Subrogation,Report,<N/A>                           ,NULL,DMPROD,1
112,01C64DCC434E7FDFFD0FBE869428B724,Daily Loss Analysis - Old Version,IS:\Claims Management Reporting\Public Objects\Reports\Actuarial\PLPD - Daily Loss Analysis\Reports,Actuarial,Report,<N/A>                           ,NULL,DMPROD,1
126,020372894AD927FD006E3F90DFFC1DA1,Files & Claims Closed (Prompted) - GLASS/TOW,IS:\Claims Management Reporting\Public Objects\Reports\NOT PUBLIC REPORTS\Claims Reports,Not Public Reports,Report,<N/A>                           ,NULL,DMPROD,1
272,03C494934B5F63F36FC5799C8B98CC08,Dwelling Fire Claims Reported,IS:\Claims Management Reporting\Public Objects\Reports\Actuarial\PLPD - Daily Loss Analysis\Reports,Actuarial,Report,<N/A>                           ,NULL,DMPROD,1
392,055144E34F3F7669C1CD0AACFE97A637,Avg Suit Cycle Time,IS:\Claims Management Reporting\Public Objects\Reports\NOT PUBLIC REPORTS\Legal Reports,Not Public Reports,Report,<N/A>                           ,NULL,DMPROD,1
507,0683B4624AFA80092BBA388D740415A7,Initial Contact 3 Periods,IS:\Claims Management Reporting\Public Objects\Reports\NOT PUBLIC REPORTS\Mobile\Employee Info Mobile App,Not Public Reports,Report,<N/A>                           ,NULL,DMPROD,1
622,07D62A4B4B32D4FCD46F238209610702,Claim Handler Legacy Reassigned Last Month,IS:\Claims Management Reporting\Public Objects\Reports\NOT PUBLIC REPORTS\Handler Reports\Claim Handler,Not Public Reports,Report,<N/A>                           ,NULL,DMPROD,1
669,0888F5F2495D181976B8509F0D106C7E,Expenses Processed for BOA - RI Legal Visa,IS:\Claims Management Reporting\Public Objects\Reports\NOT PUBLIC REPORTS\Financial Reports\Expense Reports,Not Public Reports,Report,<N/A>                           ,NULL,DMPROD,1
855,0AB8D591465939CFE08688AE16B6EA88,cat change,IS:\Claims Management Reporting\Public Objects\Reports\Actuarial\PLPD - Daily Loss Analysis\Reports,Actuarial,Report,<N/A>                           ,NULL,DMPROD,1
858,0AC076FE4D5A2A56A12FABA56AFEA799,Files With no DRP Payments,IS:\Claims Management Reporting\Public Objects\Reports\NOT PUBLIC REPORTS\Financial Reports\Loss Reports,Not Public Reports,Report,<N/A>                           ,NULL,DMPROD,1
963,0C606BB145242A9C641F349C1B0868B7,Subro Opened,IS:\Claims Management Reporting\Public Objects\Reports\NOT PUBLIC REPORTS\Subrogation Reports,Not Public Reports,Report,<N/A>                           ,NULL,DMPROD,1
1061,0D915DE04875D6A50144B796B03CA581,National Handler CSRs Pending,IS:\Claims Management Reporting\Public Objects\Reports\NOT PUBLIC REPORTS\Handler Reports\Claim Handler,Not Public Reports,Report,<N/A>                           ,NULL,DMPROD,1
1172,0EC5FE87421B3C08056989A63DECA118,Sev Freq Anaylsis every January,IS:\Claims Management Reporting\Public Objects\Reports\Actuarial\PLPD - Daily Loss Analysis\Reports\YTD Reports,Actuarial,Report,<N/A>                           ,NULL,DMPROD,1
1284,1077D1CF48776A552433BD9A7B7BC151,Claims Supervised Report Prompted,IS:\Claims Management Reporting\Public Objects\Reports\Handler\Claims Supervised,Handler,Report,<N/A>                           ,NULL,DMPROD,1
1307,10BB524B4812D8848BF273850C38C640,Adjusted Claims FTE To Date Last 3 Yrs,IS:\Claims Management Reporting\Public Objects\Reports\NOT PUBLIC REPORTS\Employee Reports,Not Public Reports,Report,<N/A>                           ,NULL,DMPROD,1
1355,1159B8904D072136AF11EA8482E5D29B,BI Reserve Range to Outstanding Claims Ratio,IS:\Claims Management Reporting\Public Objects\Reports\Financials\Reserves,Financials,Report,<N/A>                           ,NULL,DMPROD,1
1386,11D107FF4B65F6688E2FEDABFD30EA6F,Month to Date per Handler,IS:\Claims Management Reporting\Public Objects\Reports\NOT PUBLIC REPORTS\Branch Performance Reports,Not Public Reports,Report,<N/A>                           ,NULL,DMPROD,1
1478,13235F7D42E6DCC2149302A6F03E9F18,Avg Days Subro Opened,IS:\Claims Management Reporting\Public Objects\Reports\NOT PUBLIC REPORTS\Subrogation Reports,Not Public Reports,Report,<N/A>                           ,NULL,DMPROD,1
1500,136C0D824E007E130CF399B3A5312DC7,Top 10 Reserves Last 30 Days,IS:\Claims Management Reporting\Public Objects\Reports\NOT PUBLIC REPORTS\Financial Reports\Reserve Reports,Not Public Reports,Report,<N/A>                           ,NULL,DMPROD,1
1506,137BFADE48DAE07F4D4A1AA6D1B5A26A,Claim Severity Report,IS:\Claims Management Reporting\Public Objects\Reports\NOT PUBLIC REPORTS\Financial Reports\Loss Reports,Not Public Reports,Report,<N/A>                           ,NULL,DMPROD,1
1609,14C9A7B745684EA696F3F9BB20D3EE7E,Subro Handler Report Last 12 Months,IS:\Claims Management Reporting\Public Objects\Reports\Handler\Subro Handler,Handler,Report,<N/A>                           ,NULL,DMPROD,1
1691,15D9FCEF4B046C946ADA598031DCFCC2,CIS_NB Losses Open Last 60 Days,IS:\Claims Management Reporting\Public Objects\Reports\Actuarial\PLPD - Daily Loss Analysis\Reports\CIS_Review,Actuarial,Report,<N/A>                           ,NULL,DMPROD,1
1720,16486EFA4E7A8A3E3FC76BA1F4286303,Claims Supervised Report Prompted - EXEC Comp,IS:\Claims Management Reporting\Public Objects\Reports\Handler\Claims Supervised,Handler,Report,<N/A>                           ,NULL,DMPROD,1
1708,1618FC8F4502B8AEC66D6DAB18BCC734,Suits Opened,IS:\Claims Management Reporting\Public Objects\Reports\NOT PUBLIC REPORTS\Legal Reports,Not Public Reports,Report,<N/A>                           ,NULL,DMPROD,1
1749,16AEE95247B9D1E2EABF9FAA317AED46,SCS FTE and Hours Worked L365 by Date for Reps,IS:\Claims Management Reporting\Public Objects\Reports\SCS,SCS,Report,<N/A>                           ,NULL,DMPROD,1
1875,1859BBA641DAA0385AAD70A70C877EBB,Suits Outstanding,IS:\Claims Management Reporting\Public Objects\Reports\NOT PUBLIC REPORTS\Legal Reports,Not Public Reports,Report,<N/A>                           ,NULL,DMPROD,1
1891,18902C9A47631F3F998EF6A1395D15D3,SCS Employee Changes Over Two Time Periods,IS:\Claims Management Reporting\Public Objects\Reports\SCS,SCS,Report,<N/A>                           ,NULL,DMPROD,1
1925,1908BD4643A7559113EE83A3FC8B78CF,Claim Handler Report Prompted - EXEC Comp,IS:\Claims Management Reporting\Public Objects\Reports\Handler,Handler,Report,<N/A>                           ,NULL,DMPROD,1
1990,19DFF6D84B1415252FCF17AC3D5FA2FF,"Reserve Changes of by Month Files Only >$50,000",IS:\Claims Management Reporting\Public Objects\Reports\NOT PUBLIC REPORTS\Financial Reports\Reserve Reports,Not Public Reports,Report,<N/A>                           ,NULL,DMPROD,1
2008,1A2873DF41AC6F911ECAA39C24BD7EFA,CIS_NB Polices Ins last 60 days claims,IS:\Claims Management Reporting\Public Objects\Reports\Actuarial\PLPD - Daily Loss Analysis\Reports\CIS_Review,Actuarial,Report,<N/A>                           ,NULL,DMPROD,1
2082,1B00776641BC09BC0F7325AA8D42559F,"File & Clm Y,M,B Loss =0",IS:\Claims Management Reporting\Public Objects\Reports\NOT PUBLIC REPORTS\Financial Reports\Loss Reports,Not Public Reports,Report,<N/A>                           ,NULL,DMPROD,1
2126,1B978799435785D86D60C1B65866137B,DONOTUSEAvg Exp Clsd Clms vs Ward Benchmark,IS:\Claims Management Reporting\Public Objects\Reports\Report Developer\MicroStrategy Office Reports\Claims Executive Operations,Report Developer,Report,<N/A>                           ,NULL,DMPROD,1
2191,1C6FACE249647B92BB078484E11D19CA,PUP Reported 2008-2016-2,IS:\Claims Management Reporting\Public Objects\Reports\Actuarial\PLPD - Daily Loss Analysis\Reports,Actuarial,Report,<N/A>                           ,NULL,DMPROD,1
2263,1D41C2414965DC68B18B3584B58ABFA7,Attorney Client Suits Outstanding 2007,IS:\Claims Management Reporting\Public Objects\Reports\NOT PUBLIC REPORTS\Legal Reports,Not Public Reports,Report,<N/A>                           ,NULL,DMPROD,1
2288,1DA1C90842857E05DE8E2690D5F2581B,National Handler Assigned & Settled,IS:\Claims Management Reporting\Public Objects\Reports\NOT PUBLIC REPORTS\Handler Reports\Claim Handler,Not Public Reports,Report,<N/A>                           ,NULL,DMPROD,1
2441,1F8D5C7A4E5E3FA649ADD39F848E4D03,Total Reserves,IS:\Claims Management Reporting\Public Objects\Reports\Financials\Reserves,Financials,Report,<N/A>                           ,NULL,DMPROD,1
2683,22B58ED3448EEA0EC53746BBFD751330,Loss Summary Year to Date by Month,IS:\Claims Management Reporting\Public Objects\Reports\Financials\Losses,Financials,Report,<N/A>                           ,NULL,DMPROD,1
2777,23D24608454BDD08D09ADD94F94A0D2A,All Claims Complaints,IS:\Claims Management Reporting\Public Objects\Reports\NOT PUBLIC REPORTS\Customer Feedback Reports,Not Public Reports,Report,<N/A>                           ,NULL,DMPROD,1
2855,24FCBB5A40BC081CCF7D58B01D047DFB,"Reserve Changes by Month Files and Claims >$50,000",IS:\Claims Management Reporting\Public Objects\Reports\NOT PUBLIC REPORTS\Financial Reports\Reserve Reports,Not Public Reports,Report,<N/A>                           ,NULL,DMPROD,1
2875,254DC81E4FEAA70A93DE8CAFA966A7E5,SOC Metrics,IS:\Claims Management Reporting\Public Objects\Reports\NOT PUBLIC REPORTS\Branch Performance Reports,Not Public Reports,Report,<N/A>                           ,NULL,DMPROD,1
2882,255EA7FC47EDEBD324981AB0BB804846,File & Clm YTD by Yr Sep = $0,IS:\Claims Management Reporting\Public Objects\Reports\NOT PUBLIC REPORTS\Financial Reports\Loss Reports\Loss YTD by Year Shortcut Reports,Not Public Reports,Report,<N/A>                           ,NULL,DMPROD,1
2891,2572494D4F5229D7E2D0E690F4EE26A1,SCS FTE and Hours Worked L365 by Date,IS:\Claims Management Reporting\Public Objects\Reports\SCS,SCS,Report,<N/A>                           ,NULL,DMPROD,1
2906,25A8E4BB42AF931AAEDC1A80B4499A1D,Claims NPS Dash Int End Date Rolling 12,IS:\Claims Management Reporting\Public Objects\Reports\NOT PUBLIC REPORTS\NPS Reports,Not Public Reports,Report,<N/A>                           ,NULL,DMPROD,1
2940,262289F24CB293D8270148BB44866E11,Ext Cov Policy Eff 2009-11,IS:\Claims Management Reporting\Public Objects\Reports\SCS,SCS,Report,<N/A>                           ,NULL,DMPROD,1
2980,26A9C6354530AC958B3191AC66B0623B,Avg Policies per Claim Handler,IS:\Claims Management Reporting\Public Objects\Reports\NOT PUBLIC REPORTS\Policy Reports,Not Public Reports,Report,<N/A>                           ,NULL,DMPROD,1
3097,283A29884DED1E6505D455B05D3D02C9,Files Reported- Cat Ike,IS:\Claims Management Reporting\Public Objects\Reports\NOT PUBLIC REPORTS\Catastrophe Reports,Not Public Reports,Report,<N/A>                           ,NULL,DMPROD,1
3114,28742BE64AD5494716B58DAAB75984A1,Files and Claims with No Salvage Received,IS:\Claims Management Reporting\Public Objects\Reports\NOT PUBLIC REPORTS\Financial Reports\Expense Reports,Not Public Reports,Report,<N/A>                           ,NULL,DMPROD,1
3130,289E5DF74A9D7AE81A009CB3793FE726,Claims Employee Changes Over Two Time Periods,IS:\Claims Management Reporting\Public Objects\Reports\Employees,Employees,Report,<N/A>                           ,NULL,DMPROD,1
3198,297BCFB54B467BC5F28556BA5B9673CB,Claim Handler Report Prompted,IS:\Claims Management Reporting\Public Objects\Reports\Handler,Handler,Report,<N/A>                           ,NULL,DMPROD,1
3249,2A2C5CAB4AAA5320A0F94799E98C4ED2,Selected Deferred Files Closed by File Handler Last Month,IS:\Claims Management Reporting\Public Objects\Reports\Handler,Handler,Report,<N/A>                           ,NULL,DMPROD,1
3261,2A403B1B40388E329DDBB39CCF70FDFC,CAT Claims Number of Events Over $3mil,IS:\Claims Management Reporting\Public Objects\Reports\Report Developer\MicroStrategy Office Reports\Claims Executive Operations - new\CAT Claims,Report Developer,Report,<N/A>                           ,NULL,DMPROD,1
3356,2B6E3DE447B18B19B79F4186197C3FFE,computer losses,IS:\Claims Management Reporting\Public Objects\Reports\Actuarial\PLPD - Daily Loss Analysis\Reports,Actuarial,Report,<N/A>                           ,NULL,DMPROD,1
3414,2C3146BD487A5E993E5DC38AE1E29734,Suits Closed in 30 Days or Less,IS:\Claims Management Reporting\Public Objects\Reports\Legal,Legal,Report,<N/A>                           ,NULL,DMPROD,1
3424,2C46F6BA4D0691BF109F669E55806679,Subro Handler Report Prompted,IS:\Claims Management Reporting\Public Objects\Reports\Handler\Subro Handler,Handler,Report,<N/A>                           ,NULL,DMPROD,1
3487,2D12C3AB405A67B774F40C982F087053,Mass Claims Report,IS:\Claims Management Reporting\Public Objects\Reports\Data Calls,Data Calls,Report,<N/A>                           ,NULL,DMPROD,1
3822,313E9A954C9018BE5B8DABB2AB11C098,1 - NB Losses Open Last 60 Days,IS:\Claims Management Reporting\Public Objects\Reports\SCS,SCS,Report,<N/A>                           ,NULL,DMPROD,1
3841,31855A5A4FEF919F010B9F8D5CA82BDC,HO loss Assessment losses,IS:\Claims Management Reporting\Public Objects\Reports\Actuarial\PLPD - Daily Loss Analysis\Reports,Actuarial,Report,<N/A>                           ,NULL,DMPROD,1
3857,31C9B4654EE185C7FC0496A5BC7CE21D,OM Losses 2008-2014,IS:\Claims Management Reporting\Public Objects\Reports\Actuarial\PLPD - Daily Loss Analysis\Reports,Actuarial,Report,<N/A>                           ,NULL,DMPROD,1
3735,3004C2C045CA8443630B85ABE7E7970F,ADRs Closed,IS:\Claims Management Reporting\Public Objects\Reports\NOT PUBLIC REPORTS\Legal Reports,Not Public Reports,Report,<N/A>                           ,NULL,DMPROD,1
3751,3048D75D4C06D0B0C7D6CD83AE69C6D0,Outstanding Legacy Files no Outstanding Claims,IS:\Claims Management Reporting\Public Objects\Reports\File,File,Report,<N/A>                           ,NULL,DMPROD,1
3901,32519986420DF3312963EB97286C2464,2 - Claims Reported Training metrics for Forecast,IS:\Claims Management Reporting\Public Objects\Reports\NOT PUBLIC REPORTS\Executive Reports,Not Public Reports,Report,<N/A>                           ,NULL,DMPROD,1
3937,32C4CDF14F4F54B740EEE8AD7D341C28,"Reserve Bookings Greater than $300,000 by Month Summary",IS:\Claims Management Reporting\Public Objects\Reports\NOT PUBLIC REPORTS\Financial Reports\Reserve Reports,Not Public Reports,Report,<N/A>                           ,NULL,DMPROD,1
4006,33F2268C435DB2399A735E977974343F,Claims at any PIT >= $1M,IS:\Claims Management Reporting\Public Objects\Reports\NOT PUBLIC REPORTS\Financial Reports\Reserve Reports,Not Public Reports,Report,<N/A>                           ,NULL,DMPROD,1
4047,34819E2A4C34CA43B543B3B8528B6940,CIS_Daily Loss Anaylsis - New,IS:\Claims Management Reporting\Public Objects\Reports\Actuarial\PLPD - Daily Loss Analysis\Reports\CIS_Review,Actuarial,Report,<N/A>                           ,NULL,DMPROD,1
4067,34CDF779430621BE6544489E9D494108,All Claims Complaints Valid File #,IS:\Claims Management Reporting\Public Objects\Reports\NOT PUBLIC REPORTS\Customer Feedback Reports,Not Public Reports,Report,<N/A>                           ,NULL,DMPROD,1
4193,367676CD4A0ACB3191AC65A86D7E57F1,Files & Claims of Matters Opn in Error,IS:\Claims Management Reporting\Public Objects\Reports\NOT PUBLIC REPORTS\Legal Reports,Not Public Reports,Report,<N/A>                           ,NULL,DMPROD,1
4239,36E860904D058F63BEBB429D54CBA3E5,CA DF Clms Closed,IS:\Claims Management Reporting\Public Objects\Reports\Actuarial\PLPD - Daily Loss Analysis\Reports,Actuarial,Report,<N/A>                           ,NULL,DMPROD,1
4248,370976D2428AAFF274508EB438768B6F,Suits Outstanding Year,IS:\Claims Management Reporting\Public Objects\Reports\Legal,Legal,Report,<N/A>                           ,NULL,DMPROD,1
4258,372A24C04BF038B7EE616B83DB179374,Claim Handler Legacy Reassigned Last 30 Days,IS:\Claims Management Reporting\Public Objects\Reports\NOT PUBLIC REPORTS\Handler Reports\Claim Handler,Not Public Reports,Report,<N/A>                           ,NULL,DMPROD,1
4260,372E4D9A4004D8A96B0DF695459B5768,NB Polices Ins last 60 days claims,IS:\Claims Management Reporting\Public Objects\Reports\Actuarial\PLPD - Daily Loss Analysis\Reports,Actuarial,Report,<N/A>                           ,NULL,DMPROD,1
4403,38DB2FC440161B494CAC01A8869FEF59,Claims NPS Dash Dynamic Date,IS:\Claims Management Reporting\Public Objects\Reports\NOT PUBLIC REPORTS\NPS Reports,Not Public Reports,Report,<N/A>                           ,NULL,DMPROD,1
20571,39CE082E4ECE95D6F4D111BC5850F317,court reporters,IS:\Claims Management Reporting\Public Objects\Reports\Executive Reports\Ward Survey\Other Departments,Executive Reports,Report,<N/A>                           ,NULL,DMPROD,1
20573,3A506BED4F58D1ADEE09479DE830475E,APD Empl Activity w QTR,IS:\Claims Management Reporting\Public Objects\Reports\APD,APD,Report,<N/A>                           ,NULL,DMPROD,1
4422,3912F2CC4AE1A9D4F3B9A187A22BD878,Branch UNKNOWN CC Users,IS:\Claims Management Reporting\Public Objects\Reports\NOT PUBLIC REPORTS\MONITORING - Should Return No Data,Not Public Reports,Report,<N/A>                           ,NULL,DMPROD,1
4663,3BFB1C8E42F4E732139E41AD5FB940FB,CA Clms reported- Home,IS:\Claims Management Reporting\Public Objects\Reports\Actuarial\PLPD - Daily Loss Analysis\Reports,Actuarial,Report,<N/A>                           ,NULL,DMPROD,1
4668,3C0F12804651259E53D49AB44EC240B8,Losses by Type PIT as of LMth End,IS:\Claims Management Reporting\Public Objects\Reports\Report Developer\Accounting Reconciliation,Report Developer,Report,<N/A>                           ,NULL,DMPROD,1
4806,3DD1A613473BBF1E1A8F7D903F0A3030,roof claims,IS:\Claims Management Reporting\Public Objects\Reports\Actuarial\PLPD - Daily Loss Analysis\Reports,Actuarial,Report,<N/A>                           ,NULL,DMPROD,1
4823,3E00DE57420ECC8B9C048F867D0D4613,NPS and CSI 3 Periods,IS:\Claims Management Reporting\Public Objects\Reports\NOT PUBLIC REPORTS\Mobile\Employee Info Mobile App,Not Public Reports,Report,<N/A>                           ,NULL,DMPROD,1
4856,3E66127246C7856D704CE8AB7C538A95,File & Clm YTD by Yr Mar = $0,IS:\Claims Management Reporting\Public Objects\Reports\NOT PUBLIC REPORTS\Financial Reports\Loss Reports\Loss YTD by Year Shortcut Reports,Not Public Reports,Report,<N/A>                           ,NULL,DMPROD,1
4888,3EC649934C98B387811B909415401051,A-Ids Hours Possible SOC Period_Adj,IS:\Claims Management Reporting\Public Objects\Reports\NOT PUBLIC REPORTS\Employee Reports,Not Public Reports,Report,<N/A>                           ,NULL,DMPROD,1
4939,3F2FEC37417A499BA8FDB9AC37A4C377,"Claims Assigned, Outstanding and Handler FTE to Date Last 3 Yrs",IS:\Claims Management Reporting\Public Objects\Reports\NOT PUBLIC REPORTS\Employee Reports,Not Public Reports,Report,<N/A>                           ,NULL,DMPROD,1
4941,3F32F5894DAF90CD10E512957E9B2B5C,Outstanding Branch Work Year to Date,IS:\Claims Management Reporting\Public Objects\Reports\NOT PUBLIC REPORTS\Branch Performance Reports,Not Public Reports,Report,<N/A>                           ,NULL,DMPROD,1
4955,3F615C5840877DAFD6FE08990837F35C,rental,IS:\Claims Management Reporting\Public Objects\Reports\Actuarial\PLPD - Daily Loss Analysis\Reports,Actuarial,Report,<N/A>                           ,NULL,DMPROD,1
4993,3FCF0FFC4D94E6A84201CFB3D67AE2B7,Avg Losses per Closed Claim Last 12 Months,IS:\Claims Management Reporting\Public Objects\Reports\NOT PUBLIC REPORTS\Financial Reports\Loss Reports,Not Public Reports,Report,<N/A>                           ,NULL,DMPROD,1
5056,4086F1514E997181D23E8A8FB23DD8CC,Suits Closed Year,IS:\Claims Management Reporting\Public Objects\Reports\Legal,Legal,Report,<N/A>                           ,NULL,DMPROD,1
5091,40EC9D3A4E8478590B35DD842F1FA74D,Claims Reported Month,IS:\Claims Management Reporting\Public Objects\Reports\Claims,Claims,Report,<N/A>                           ,NULL,DMPROD,1
5119,41606A9442CC68B50A27668F3B3ECD01,Insured Deductible on Unallowable Coverages,IS:\Claims Management Reporting\Public Objects\Reports\NOT PUBLIC REPORTS\MONITORING - Should Return No Data,Not Public Reports,Report,<N/A>                           ,NULL,DMPROD,1
5182,421843894389D55CED0DF88B844566AF,Files Regular at One Time,IS:\Claims Management Reporting\Public Objects\Reports\NOT PUBLIC REPORTS\File Reports,Not Public Reports,Report,<N/A>                           ,NULL,DMPROD,1
5332,43F1619243C1BDC9DB950BA16DCE7BDD,Regular Reserve Ranges,IS:\Claims Management Reporting\Public Objects\Reports\Financials\Reserves,Financials,Report,<N/A>                           ,NULL,DMPROD,1
5386,44A2A7AD47BE41970236B99EEFD6A058,Prompted CAT Report by Name,IS:\Claims Management Reporting\Public Objects\Reports\Data Calls,Data Calls,Report,<N/A>                           ,NULL,DMPROD,1
5420,450520D64164B7786382CE960D289C22,CED and Other Non-Branch Claims,IS:\Claims Management Reporting\Public Objects\Reports\NOT PUBLIC REPORTS\MONITORING - Should Return No Data,Not Public Reports,Report,<N/A>                           ,NULL,DMPROD,1
5431,452620E0455E40B61BB87FB66D5A5F22,Scorecard Claims Outstanding/Claims Reported Ratio,IS:\Claims Management Reporting\Public Objects\Reports\NOT PUBLIC REPORTS\Branch Performance Reports\Scorecard,Not Public Reports,Report,<N/A>                           ,NULL,DMPROD,1
5279,434FBE4F44A0A5ED52B15AA672E6CB12,Subro YTD Last Year,IS:\Claims Management Reporting\Public Objects\Reports\Actuarial\PLPD - Daily Loss Analysis\Reports\YTD Reports,Actuarial,Report,<N/A>                           ,NULL,DMPROD,1
20654,461DD68246AE8F0B432EF688652D1B5B,Adj Clms FTE per 1000 Policies % Diff,IS:\Claims Management Reporting\Public Objects\Reports\Report Developer\MicroStrategy Office Reports\Strategic Planning,Report Developer,Report,<N/A>                           ,NULL,DMPROD,1
5576,46E6CD3D4447808BE0E729B00BB2426F,File & Clm YTD by Yr Aug = $0,IS:\Claims Management Reporting\Public Objects\Reports\NOT PUBLIC REPORTS\Financial Reports\Loss Reports\Loss YTD by Year Shortcut Reports,Not Public Reports,Report,<N/A>                           ,NULL,DMPROD,1
5610,4762CA8A40A4214300C95F8232CC6756,Claim Handler Report Prompted - CSR,IS:\Claims Management Reporting\Public Objects\Reports\Handler,Handler,Report,<N/A>                           ,NULL,DMPROD,1
5654,47DE2D6F4F7808BE80FC88A705856D5A,NB Polices Ins last 60 days claims Yearly Tracking,IS:\Claims Management Reporting\Public Objects\Reports\Actuarial\PLPD - Daily Loss Analysis\Reports,Actuarial,Report,<N/A>                           ,NULL,DMPROD,1
5658,47E81CC54636F4753AC05197CC7113BD,Top 10 Payments - Last 30 Days,IS:\Claims Management Reporting\Public Objects\Reports\NOT PUBLIC REPORTS\Financial Reports\Expense Reports,Not Public Reports,Report,<N/A>                           ,NULL,DMPROD,1
5672,4806C70C48EC37F28C7D238CE18BFAFD,Subro Handler Report Last Month,IS:\Claims Management Reporting\Public Objects\Reports\Handler\Subro Handler,Handler,Report,<N/A>                           ,NULL,DMPROD,1
5673,480AA3464DC64EC642602B9BADC2D6C6,HO Pmt Type Ranges C,IS:\Claims Management Reporting\Public Objects\Reports\NOT PUBLIC REPORTS\HO Dashboard,Not Public Reports,Report,<N/A>                           ,NULL,DMPROD,1
5711,4872ADE1461EE1D2B7D43CAC06C2ABCE,Payments Processed for Amica Life,IS:\Claims Management Reporting\Public Objects\Reports\NOT PUBLIC REPORTS\Financial Reports\Loss Reports,Not Public Reports,Report,<N/A>                           ,NULL,DMPROD,1
5784,498DCF324F00D598B6AF33AC1CFD4FE9,Frequency Clms Rptd,IS:\Claims Management Reporting\Public Objects\Reports\NOT PUBLIC REPORTS\HO Dashboard,Not Public Reports,Report,<N/A>                           ,NULL,DMPROD,1
5799,49D5EBF943A3E54EB2253794B7981F71,Clms Out 3 Periods,IS:\Claims Management Reporting\Public Objects\Reports\NOT PUBLIC REPORTS\Mobile\Employee Info Mobile App,Not Public Reports,Report,<N/A>                           ,NULL,DMPROD,1
5814,4A1653FA4B3728DDE084BFBC8D446B2E,Loss and Expense File Level Prompted Report,IS:\Claims Management Reporting\Public Objects\Reports\Financials,Financials,Report,<N/A>                           ,NULL,DMPROD,1
5824,4A39435D4CDC52422C842EB2F5DC5AA6,Scorecard Completed ADR/Matters Closed Ratio,IS:\Claims Management Reporting\Public Objects\Reports\NOT PUBLIC REPORTS\Branch Performance Reports\Scorecard,Not Public Reports,Report,<N/A>                           ,NULL,DMPROD,1
5935,4BAEEA7E4C0ACAD0A8658D9A344D496F,Subro Expenses,IS:\Claims Management Reporting\Public Objects\Reports\NOT PUBLIC REPORTS\Subrogation Reports,Not Public Reports,Report,<N/A>                           ,NULL,DMPROD,1
5936,4BB318924FB3ADDA335142B63B55D418,EIA - Customer Feedback,IS:\Claims Management Reporting\Public Objects\Reports\NOT PUBLIC REPORTS\Mobile\Employee Info Mobile App,Not Public Reports,Report,<N/A>                           ,NULL,DMPROD,1
5964,4C2AE6944F502BB7E2772F9B2514DFEC,CED and Other Non-Branch Files,IS:\Claims Management Reporting\Public Objects\Reports\NOT PUBLIC REPORTS\MONITORING - Should Return No Data,Not Public Reports,Report,<N/A>                           ,NULL,DMPROD,1
5843,4A6F56724479BA873AB14199E70BFB3F,Subro YTD 2 years ago,IS:\Claims Management Reporting\Public Objects\Reports\Actuarial\PLPD - Daily Loss Analysis\Reports\YTD Reports,Actuarial,Report,<N/A>                           ,NULL,DMPROD,1
5900,4B38F05745FE7EEF22DF0F8900B23ED7,Files Misc Any PIT,IS:\Claims Management Reporting\Public Objects\Reports\NOT PUBLIC REPORTS\Financial Reports\Loss Reports,Not Public Reports,Report,<N/A>                           ,NULL,DMPROD,1
5997,4CB00A2545A386F0B8A873B0F8FC6033,Where the people are - Job Groups,IS:\Claims Management Reporting\Public Objects\Reports\Report Developer\MicroStrategy Office Reports\Claims Delivering on the promise presentation,Report Developer,Report,<N/A>                           ,NULL,DMPROD,1
6106,4E203DFC46D28DAF0618799666945BB8,APD Empl Activity,IS:\Claims Management Reporting\Public Objects\Reports\APD,APD,Report,<N/A>                           ,NULL,DMPROD,1
6123,4E728E154F8A90135CCFE0AFB67E00ED,File & Clm YTD by Yr Jul = $0,IS:\Claims Management Reporting\Public Objects\Reports\NOT PUBLIC REPORTS\Financial Reports\Loss Reports\Loss YTD by Year Shortcut Reports,Not Public Reports,Report,<N/A>                           ,NULL,DMPROD,1
6138,4EA34217499B6EA6E0B2C29F48C9A820,PUP losses,IS:\Claims Management Reporting\Public Objects\Reports\Actuarial\PLPD - Daily Loss Analysis\Reports,Actuarial,Report,<N/A>                           ,NULL,DMPROD,1
6244,50118CCD426E4E779232899A0D51CCE7,Year to Date Claims by Month,IS:\Claims Management Reporting\Public Objects\Reports\NOT PUBLIC REPORTS\Claims Reports,Not Public Reports,Report,<N/A>                           ,NULL,DMPROD,1
20574,51B43BF04BE02C19C553FC9613FFBECE,APD Empl Activity wo common,IS:\Claims Management Reporting\Public Objects\Reports\APD,APD,Report,<N/A>                           ,NULL,DMPROD,1
6472,531EFDC941892EFA65DD95AB016998FA,Claims with no LOB,IS:\Claims Management Reporting\Public Objects\Reports\NOT PUBLIC REPORTS\MONITORING - Should Return No Data,Not Public Reports,Report,<N/A>                           ,NULL,DMPROD,1
6473,531F074E46FFDFF01B371986DE97762E,All Employees Prompted,IS:\Claims Management Reporting\Public Objects\Reports\Employees,Employees,Report,<N/A>                           ,NULL,DMPROD,1
6497,534FADC3474C9C9822D7D38781A336EC,Avg Reserves,IS:\Claims Management Reporting\Public Objects\Reports\Financials\Reserves,Financials,Report,<N/A>                           ,NULL,DMPROD,1
6581,5468DC074C13551D53DFE292E344CC93,CA Clms Closed,IS:\Claims Management Reporting\Public Objects\Reports\Actuarial\PLPD - Daily Loss Analysis\Reports,Actuarial,Report,<N/A>                           ,NULL,DMPROD,1
6611,54B7A5224980BBC4CA4F7DB7059E0CBC,Avg Claim Cycle Time,IS:\Claims Management Reporting\Public Objects\Reports\NOT PUBLIC REPORTS\Claims Reports,Not Public Reports,Report,<N/A>                           ,NULL,DMPROD,1
6653,55381ED649CFF54DA9D07E969840504D,Avg Subro Expenses,IS:\Claims Management Reporting\Public Objects\Reports\NOT PUBLIC REPORTS\Subrogation Reports,Not Public Reports,Report,<N/A>                           ,NULL,DMPROD,1
20655,565097274179807D5F28489B5A478647,Adj Clms FTE per 1000 Policies Values,IS:\Claims Management Reporting\Public Objects\Reports\Report Developer\MicroStrategy Office Reports\Strategic Planning,Report Developer,Report,<N/A>                           ,NULL,DMPROD,1
6763,565A1F844561F02DAA0F44A6ECCA2296,Scorecard Avg Initial Loss Pay Cycle Time_Sec I,IS:\Claims Management Reporting\Public Objects\Reports\NOT PUBLIC REPORTS\Branch Performance Reports\Scorecard,Not Public Reports,Report,<N/A>                           ,NULL,DMPROD,1
6736,5606B77F4143E941B877F9A33EA8B527,HO Pmt Type Ranges D,IS:\Claims Management Reporting\Public Objects\Reports\NOT PUBLIC REPORTS\HO Dashboard,Not Public Reports,Report,<N/A>                           ,NULL,DMPROD,1
6845,576A19F149EA344D075F37A75031F4A8,Cat Claims Not Pd,IS:\Claims Management Reporting\Public Objects\Reports\NOT PUBLIC REPORTS\Catastrophe Reports,Not Public Reports,Report,<N/A>                           ,NULL,DMPROD,1
6901,5802479241A5AF1712411D86A9C574FB,PUP LOSSES YTD,IS:\Claims Management Reporting\Public Objects\Reports\Actuarial\PLPD - Daily Loss Analysis\Reports,Actuarial,Report,<N/A>                           ,NULL,DMPROD,1
6909,581F69104AE4251463C342A0032A90F0,PUP Mnthly Losses,IS:\Claims Management Reporting\Public Objects\Reports\Actuarial\PLPD - Daily Loss Analysis\Reports,Actuarial,Report,<N/A>                           ,NULL,DMPROD,1
6921,584A6D934BDB76C4162244A82DF59733,OM clms closed w pay,IS:\Claims Management Reporting\Public Objects\Reports\Actuarial\PLPD - Daily Loss Analysis\Reports,Actuarial,Report,<N/A>                           ,NULL,DMPROD,1
20572,5977955C4D6EBFA5ACD35DAEAE96653B,Defense Attny,IS:\Claims Management Reporting\Public Objects\Reports\Executive Reports\Ward Survey\Other Departments,Executive Reports,Report,<N/A>                           ,NULL,DMPROD,1
20719,5A2D44F64F905BFA566C16BBBB69E486,IRC UM/BI Study,IS:\Claims Management Reporting\Public Objects\Reports\Data Calls,Data Calls,Report,<N/A>                           ,NULL,DMPROD,1
7097,5AA6C4804F67D033D01A918168741B27,Assigned_Monitoring for Non File Branches,IS:\Claims Management Reporting\Public Objects\Reports\NOT PUBLIC REPORTS\MONITORING - Should Return No Data,Not Public Reports,Report,<N/A>                           ,NULL,DMPROD,1
7143,5B4FBB074013F650CF507EBC31070FB4,Assigned_Monitoring for Non Claim Branches,IS:\Claims Management Reporting\Public Objects\Reports\NOT PUBLIC REPORTS\MONITORING - Should Return No Data,Not Public Reports,Report,<N/A>                           ,NULL,DMPROD,1
7146,5B5F873540BC15D397AB64B3C2A45BFF,Avg Claims Outstanding per Handler,IS:\Claims Management Reporting\Public Objects\Reports\NOT PUBLIC REPORTS\Claims Reports,Not Public Reports,Report,<N/A>                           ,NULL,DMPROD,1
7194,5BFF502A4D55BE356FA2FBACB6368CC3,US Dept of Labor LS,IS:\Claims Management Reporting\Public Objects\Reports\Data Calls,Data Calls,Report,<N/A>                           ,NULL,DMPROD,1
7275,5CF6B24F4ACF6425EB155B9AC587D288,Scorecard Avg Claims Suit Cycle Time,IS:\Claims Management Reporting\Public Objects\Reports\NOT PUBLIC REPORTS\Branch Performance Reports\Scorecard,Not Public Reports,Report,<N/A>                           ,NULL,DMPROD,1
7293,5D20E51B4E62A65A32C995BC5F957163,Files Reported by File Type,IS:\Claims Management Reporting\Public Objects\Reports\File,File,Report,<N/A>                           ,NULL,DMPROD,1
7497,5FF7102A403D1D802D6A30B883126942,KPI Ratios Year to Date,IS:\Claims Management Reporting\Public Objects\Reports\NOT PUBLIC REPORTS\Branch Performance Reports,Not Public Reports,Report,<N/A>                           ,NULL,DMPROD,1
7527,6063D5CC4B0E2BDA11F99EBBAF0A324E,CTS Dashboard Report,IS:\Claims Management Reporting\Public Objects\Reports\NOT PUBLIC REPORTS\NPS Reports,Not Public Reports,Report,<N/A>                           ,NULL,DMPROD,1
7612,619E6FB4449D8276A81A26890755B8B0,File & Clm YTD by Yr Jun = $0,IS:\Claims Management Reporting\Public Objects\Reports\NOT PUBLIC REPORTS\Financial Reports\Loss Reports\Loss YTD by Year Shortcut Reports,Not Public Reports,Report,<N/A>                           ,NULL,DMPROD,1
7741,635F8E574D71CF1EA8C921AC487FDBDC,Subro YTD,IS:\Claims Management Reporting\Public Objects\Reports\Actuarial\PLPD - Daily Loss Analysis\Reports\YTD Reports,Actuarial,Report,<N/A>                           ,NULL,DMPROD,1
7836,64BECAD14E49BBFCC3C1A3A555529520,Files Closed LM - Only 1 Clm,IS:\Claims Management Reporting\Public Objects\Reports\NOT PUBLIC REPORTS\Claims Reports,Not Public Reports,Report,<N/A>                           ,NULL,DMPROD,1
7874,653BC6DD4C0FBE4EFCDE1F90FFB9777C,Branch UNKNOWN CC Claims,IS:\Claims Management Reporting\Public Objects\Reports\NOT PUBLIC REPORTS\MONITORING - Should Return No Data,Not Public Reports,Report,<N/A>                           ,NULL,DMPROD,1
7909,65BA7EBD4613570B3772C7BE220C9BC0,Subro Closed,IS:\Claims Management Reporting\Public Objects\Reports\NOT PUBLIC REPORTS\Subrogation Reports,Not Public Reports,Report,<N/A>                           ,NULL,DMPROD,1
7928,65F892E24D57F8D39E7758850C118BF5,File & Clm YTD by Yr Jan = $0,IS:\Claims Management Reporting\Public Objects\Reports\NOT PUBLIC REPORTS\Financial Reports\Loss Reports\Loss YTD by Year Shortcut Reports,Not Public Reports,Report,<N/A>                           ,NULL,DMPROD,1
8090,68446A6640A9F7196E852BA41C9A3E86,ADRs Outstanding,IS:\Claims Management Reporting\Public Objects\Reports\NOT PUBLIC REPORTS\Legal Reports,Not Public Reports,Report,<N/A>                           ,NULL,DMPROD,1
8367,6BCA4EFB4DB8956EE6366D917CCDA7F7,Deferred Files Closed - Last 12 Months,IS:\Claims Management Reporting\Public Objects\Reports\Claims,Claims,Report,<N/A>                           ,NULL,DMPROD,1
8375,6BD6B1DD44B7E26F0DB4F7BE3A760670,NY Sales Tax Report,IS:\Claims Management Reporting\Public Objects\Reports\Data Calls,Data Calls,Report,<N/A>                           ,NULL,DMPROD,1
8322,6B4064A744527C3E406BB08D176CE20A,Suits Closed,IS:\Claims Management Reporting\Public Objects\Reports\NOT PUBLIC REPORTS\Legal Reports,Not Public Reports,Report,<N/A>                           ,NULL,DMPROD,1
8325,6B4745E544F9D4DDEAD3F19DF98722AF,Collision Subrogation Recovery divided by Loss Payments on Collision Ratio,IS:\Claims Management Reporting\Public Objects\Reports\NOT PUBLIC REPORTS\Subrogation Reports,Not Public Reports,Report,<N/A>                           ,NULL,DMPROD,1
8461,6D068F1F43FAD584314A29AA412104D2,Contractor Connection Files,IS:\Claims Management Reporting\Public Objects\Reports\NOT PUBLIC REPORTS\Financial Reports\Expense Reports,Not Public Reports,Report,<N/A>                           ,NULL,DMPROD,1
8678,7017332B490ACDAD5AA0A58E016F0FDA,Claim Handler Report Prompted - SCO Fast Track,IS:\Claims Management Reporting\Public Objects\Reports\Handler,Handler,Report,<N/A>                           ,NULL,DMPROD,1
8688,7037DB2841D7F136F29243B7AFA2DED3,cdw waiver exp,IS:\Claims Management Reporting\Public Objects\Reports\Actuarial\PLPD - Daily Loss Analysis\Reports,Actuarial,Report,<N/A>                           ,NULL,DMPROD,1
8753,712143AE47B4F3EE178E3C8100D4D5BC,For Open Legacy Files and Claims,IS:\Claims Management Reporting\Public Objects\Reports\NOT PUBLIC REPORTS\Claims Reports,Not Public Reports,Report,<N/A>                           ,NULL,DMPROD,1
8776,71574E0E4CCC977C56635B95D5BC5E3C,TV NPS: Claims NPS Rolling 12 YTD,IS:\Claims Management Reporting\Public Objects\Reports\Report Developer\TV Dashboard,Report Developer,Report,<N/A>                           ,NULL,DMPROD,1
8709,7083AB394BE012A6D455828D2785CC53,Suits Outstanding Month,IS:\Claims Management Reporting\Public Objects\Reports\Legal,Legal,Report,<N/A>                           ,NULL,DMPROD,1
8717,709D665F476B139478118392B950AC1C,DF REPORTED CLMS,IS:\Claims Management Reporting\Public Objects\Reports\Actuarial\PLPD - Daily Loss Analysis\Reports,Actuarial,Report,<N/A>                           ,NULL,DMPROD,1
8827,7218D6C2438CD769B694C59DE548BA5B,VT Fire Loss Insurance Company Reporting,IS:\Claims Management Reporting\Public Objects\Reports\Data Calls,Data Calls,Report,<N/A>                           ,NULL,DMPROD,1
8842,7239F3C7418BEE1B7605A6B0D727B46D,Claim Handler Report Last Month - SCO Fast Track,IS:\Claims Management Reporting\Public Objects\Reports\Handler,Handler,Report,<N/A>                           ,NULL,DMPROD,1
8866,72915F0B49EE85A6087F0C979C810AA2,Rarely used coverage codes,IS:\Claims Management Reporting\Public Objects\Reports\NOT PUBLIC REPORTS\MONITORING - Should Return No Data,Not Public Reports,Report,<N/A>                           ,NULL,DMPROD,1
8934,73606F914C5F833C1C9B008A9FBA6A4A,HO Pmt Type Ranges B,IS:\Claims Management Reporting\Public Objects\Reports\NOT PUBLIC REPORTS\HO Dashboard,Not Public Reports,Report,<N/A>                           ,NULL,DMPROD,1
8984,7402A58C4352A9DD58383C9C8FB9EE16,NJ Aire Quarterly Sample,IS:\Claims Management Reporting\Public Objects\Reports\Compliance,Compliance,Report,<N/A>                           ,NULL,DMPROD,1
9004,745EB6874F2B788D53E4BE9EDBB7FDE9,Reserve Bookings Greater than $1M by Month Detail,IS:\Claims Management Reporting\Public Objects\Reports\Financials\Reserves,Financials,Report,<N/A>                           ,NULL,DMPROD,1
9012,746DDA3740FCE2862F6A0C97107620AA,All Complaints Invalid File # or Function,IS:\Claims Management Reporting\Public Objects\Reports\Customer Feedback,Customer Feedback,Report,<N/A>                           ,NULL,DMPROD,1
9188,76FF670D4BC5BB6A9EFDC3B4B7AAB600,Year to Date Suits by Month,IS:\Claims Management Reporting\Public Objects\Reports\NOT PUBLIC REPORTS\Legal Reports,Not Public Reports,Report,<N/A>                           ,NULL,DMPROD,1
9353,78F189E24E1485213433C48C2FF07374,Scorecard Claims Assigned/Handler CSR,IS:\Claims Management Reporting\Public Objects\Reports\NOT PUBLIC REPORTS\Branch Performance Reports\Scorecard,Not Public Reports,Report,<N/A>                           ,NULL,DMPROD,1
9391,796EF87E44FEB5451A063BA3563131D3,End of Year Dates since 2008 or LYr mth,IS:\Claims Management Reporting\Public Objects\Reports\NOT PUBLIC REPORTS\Branch Visit,Not Public Reports,Report,<N/A>                           ,NULL,DMPROD,1
9509,7AF81A1F4957B7E074A0B0BE874A39C0,Florida total loss claims,IS:\Claims Management Reporting\Public Objects\Reports\Actuarial\PLPD - Daily Loss Analysis\Reports,Actuarial,Report,<N/A>                           ,NULL,DMPROD,1
9510,7AFA5A5441ECC03269CE22990B69AE80,CATS over $1Mil 2005-2007,IS:\Claims Management Reporting\Public Objects\Reports\NOT PUBLIC REPORTS\Catastrophe Reports,Not Public Reports,Report,<N/A>                           ,NULL,DMPROD,1
9534,7B4A6E194015F7ABB3084FA54A02E1CC,Files Closed - Cat Ike,IS:\Claims Management Reporting\Public Objects\Reports\NOT PUBLIC REPORTS\Catastrophe Reports,Not Public Reports,Report,<N/A>                           ,NULL,DMPROD,1
9562,7BA77AF84A014E6B608043A86EABF9D5,Claim Handler Legacy Reassigned Prompted,IS:\Claims Management Reporting\Public Objects\Reports\NOT PUBLIC REPORTS\Handler Reports\Claim Handler,Not Public Reports,Report,<N/A>                           ,NULL,DMPROD,1
9590,7C06F31B44B6C3E2A4966F979BE0D3C2,CA_DF_CLM_TOT,IS:\Claims Management Reporting\Public Objects\Reports\Actuarial\PLPD - Daily Loss Analysis\Reports,Actuarial,Report,<N/A>                           ,NULL,DMPROD,1
9968,80ABD9EA4E8ED8F5539520A7AB50E97F,Suits Closed Month,IS:\Claims Management Reporting\Public Objects\Reports\Legal,Legal,Report,<N/A>                           ,NULL,DMPROD,1
10030,81A1E7D64EB68C8B624FEB9E9EB7AEF2,Files with Monthly Account Loss Pay,IS:\Claims Management Reporting\Public Objects\Reports\NOT PUBLIC REPORTS\Financial Reports\Loss Reports,Not Public Reports,Report,<N/A>                           ,NULL,DMPROD,1
10122,82B42174488362DBF2DAFB84D8769EF4,Avg Claims Reported per Handler,IS:\Claims Management Reporting\Public Objects\Reports\NOT PUBLIC REPORTS\Claims Reports,Not Public Reports,Report,<N/A>                           ,NULL,DMPROD,1
10262,84ACF10E44DA23F12FE8E98993C9F803,Files & Claims of Suits Closed in 30 Days or Less,IS:\Claims Management Reporting\Public Objects\Reports\NOT PUBLIC REPORTS\Legal Reports,Not Public Reports,Report,<N/A>                           ,NULL,DMPROD,1
10285,84E14B2242B13E56956B44810D44114E,ADRs Opened,IS:\Claims Management Reporting\Public Objects\Reports\NOT PUBLIC REPORTS\Legal Reports,Not Public Reports,Report,<N/A>                           ,NULL,DMPROD,1
10361,85EDC9F946A644B138DF11A8D7959211,PUP Losses 2008-2014,IS:\Claims Management Reporting\Public Objects\Reports\Actuarial\PLPD - Daily Loss Analysis\Reports,Actuarial,Report,<N/A>                           ,NULL,DMPROD,1
10384,8653620845DCEB7E14256BBDF5AD1F1C,Current Salv Exp Amt = 0,IS:\Claims Management Reporting\Public Objects\Reports\NOT PUBLIC REPORTS\Financial Reports\Expense Reports,Not Public Reports,Report,<N/A>                           ,NULL,DMPROD,1
10419,86D749374555088F66F99888DD72D3A4,Financials With No Clm Hdlr,IS:\Claims Management Reporting\Public Objects\Reports\NOT PUBLIC REPORTS\MONITORING - Should Return No Data,Not Public Reports,Report,<N/A>                           ,NULL,DMPROD,1
10446,871E005449E03004D07495B98021F8B0,Copart Auto Auctions Transactions,IS:\Claims Management Reporting\Public Objects\Reports\NOT PUBLIC REPORTS\Financial Reports\Expense Reports,Not Public Reports,Report,<N/A>                           ,NULL,DMPROD,1
10449,872B569C478CCE878E54349ED35A6ECA,All Outstanding Legacy Files,IS:\Claims Management Reporting\Public Objects\Reports\File,File,Report,<N/A>                           ,NULL,DMPROD,1
10458,87404F3246B7729397CCD4B53012996E,EDB ID is 0 or -1,IS:\Claims Management Reporting\Public Objects\Reports\NOT PUBLIC REPORTS\MONITORING - Should Return No Data,Not Public Reports,Report,<N/A>                           ,NULL,DMPROD,1
10683,8A6555FE4EC5933D0110DEA20F686A11,Branch UNKNOWN CC Users with Claims,IS:\Claims Management Reporting\Public Objects\Reports\NOT PUBLIC REPORTS\MONITORING - Should Return No Data,Not Public Reports,Report,<N/A>                           ,NULL,DMPROD,1
10711,8AB9742F47CA037BA20F8981143CBC71,Avg Subro Expenses YTD,IS:\Claims Management Reporting\Public Objects\Reports\NOT PUBLIC REPORTS\Subrogation Reports,Not Public Reports,Report,<N/A>                           ,NULL,DMPROD,1
10798,8C18C0D44F3515594E67F7A99545D40D,Reserves by Month,IS:\Claims Management Reporting\Public Objects\Reports\NOT PUBLIC REPORTS\Financial Reports\Reserve Reports,Not Public Reports,Report,<N/A>                           ,NULL,DMPROD,1
10865,8CF9FB1F447D38C74C21E3892CBD43BF,Claims Assigned 3 Periods,IS:\Claims Management Reporting\Public Objects\Reports\NOT PUBLIC REPORTS\Mobile\Employee Info Mobile App,Not Public Reports,Report,<N/A>                           ,NULL,DMPROD,1
10966,8E2E07C54E0E68686250B7A867AEBFF6,CA Clms reported,IS:\Claims Management Reporting\Public Objects\Reports\Actuarial\PLPD - Daily Loss Analysis\Reports,Actuarial,Report,<N/A>                           ,NULL,DMPROD,1
11025,8F14414A426C1950EF51529EB3B77210,Adj Clms FTE Yr,IS:\Claims Management Reporting\Public Objects\Reports\Report Developer\Operations Summary,Report Developer,Report,<N/A>                           ,NULL,DMPROD,1
11027,8F23B3414368224158186F965294C00A,Coverage Question,IS:\Claims Management Reporting\Public Objects\Reports\NOT PUBLIC REPORTS\File Reports,Not Public Reports,Report,<N/A>                           ,NULL,DMPROD,1
11076,8FCB242E449CB3CDFEBF0F8E709EBD04,water_backup_reported_claims,IS:\Claims Management Reporting\Public Objects\Reports\Actuarial\PLPD - Daily Loss Analysis\Reports,Actuarial,Report,<N/A>                           ,NULL,DMPROD,1
11078,8FCF62754A8A82C0BA8B9FB779A68E71,Claim Handler Report Last 12 Months - User Position Groups and Attributes,IS:\Claims Management Reporting\Public Objects\Reports\Handler,Handler,Report,<N/A>                           ,NULL,DMPROD,1
11111,903CA0764D381813BEF37C888749FAC1,Subro Recoveries,IS:\Claims Management Reporting\Public Objects\Reports\NOT PUBLIC REPORTS\Subrogation Reports,Not Public Reports,Report,<N/A>                           ,NULL,DMPROD,1
11119,9063CA37459E7A598DBEF5A163E6E963,Claim Datamart Load Dataset,IS:\Claims Management Reporting\Public Objects\Reports\NOT PUBLIC REPORTS,Not Public Reports,Report,<N/A>                           ,NULL,DMPROD,1
11128,909083E74F2C95CA5EF63EB29998B229,Difference by Cov D/W/M,IS:\Claims Management Reporting\Public Objects\Reports\NOT PUBLIC REPORTS\HO Dashboard,Not Public Reports,Report,<N/A>                           ,NULL,DMPROD,1
11056,8F88B0BD492BBF42E8F58C86DB241117,TV CAT: last 30 days AutoHome no wildfire,IS:\Claims Management Reporting\Public Objects\Reports\Report Developer\TV Dashboard,Report Developer,Report,<N/A>                           ,NULL,DMPROD,1
11183,9141A78D40387C05485577AB639F4EE3,Reserve Estimate,IS:\Claims Management Reporting\Public Objects\Reports\Actuarial\PLPD - Daily Loss Analysis\Reports,Actuarial,Report,<N/A>                           ,NULL,DMPROD,1
11184,9144758D4148D3675DEE56B0F638BA6E,Freeze Losses 2008-2015,IS:\Claims Management Reporting\Public Objects\Reports\Actuarial\PLPD - Daily Loss Analysis\Reports,Actuarial,Report,<N/A>                           ,NULL,DMPROD,1
11243,922294704CE7FD152BC38080F8001592,TV NPS: Claims NPS Survey Counts,IS:\Claims Management Reporting\Public Objects\Reports\Report Developer\TV Dashboard,Report Developer,Report,<N/A>                           ,NULL,DMPROD,1
11295,92E3094B4409A54177EA358DC612A9AD,Avg Loss Year,IS:\Claims Management Reporting\Public Objects\Reports\Financials\Losses,Financials,Report,<N/A>                           ,NULL,DMPROD,1
11205,918B77394C977C15C45C14B8CE27D2E7,File & Clm YTD by Yr Dec = $0,IS:\Claims Management Reporting\Public Objects\Reports\NOT PUBLIC REPORTS\Financial Reports\Loss Reports\Loss YTD by Year Shortcut Reports,Not Public Reports,Report,<N/A>                           ,NULL,DMPROD,1
11467,95174CC744D69A940B3BAA8AA3F41C89,MSTR Validation,IS:\Claims Management Reporting\Public Objects\Reports\NOT PUBLIC REPORTS\MONITORING - Should Return No Data,Not Public Reports,Report,<N/A>                           ,NULL,DMPROD,1
11472,95316C274D74BD2CF9D1E2849BB388FC,Daily Loss Anaylsis - New1,IS:\Claims Management Reporting\Public Objects\Reports\Actuarial\PLPD - Daily Loss Analysis\Reports,Actuarial,Report,<N/A>                           ,NULL,DMPROD,1
11602,96C086F549FC7926233DBBB17FC22BFC,reported claims,IS:\Claims Management Reporting\Public Objects\Reports\Actuarial\PLPD - Daily Loss Analysis\Reports,Actuarial,Report,<N/A>                           ,NULL,DMPROD,1
11604,96C4539B44289C565346F28658482136,Losses by Dog,IS:\Claims Management Reporting\Public Objects\Reports\Actuarial\PLPD - Daily Loss Analysis\Reports,Actuarial,Report,<N/A>                           ,NULL,DMPROD,1
11638,970ACD60486394FB66C3C19812AA64DF,Claims Closed Month,IS:\Claims Management Reporting\Public Objects\Reports\Claims,Claims,Report,<N/A>                           ,NULL,DMPROD,1
11655,97308D3C40D047C6EC2FF685B366EAEC,Files with All Claims Reported in Error,IS:\Claims Management Reporting\Public Objects\Reports\NOT PUBLIC REPORTS\File Reports,Not Public Reports,Report,<N/A>                           ,NULL,DMPROD,1
11789,98DBA9C448632B8904BC2BA2B424C01C,Year to Date Calendar Year Analysis,IS:\Claims Management Reporting\Public Objects\Reports\Actuarial\PLPD - Daily Loss Analysis\Reports\YTD Reports,Actuarial,Report,<N/A>                           ,NULL,DMPROD,1
11962,9B2B98624894B5E56BB16ABCC9FE56E4,Selected Deferred Files Closed by File Handler Prompted,IS:\Claims Management Reporting\Public Objects\Reports\Handler,Handler,Report,<N/A>                           ,NULL,DMPROD,1
12035,9C1409734CC0311549C2DC9BDCD9DB9B,Examiner Claim Report,IS:\Claims Management Reporting\Public Objects\Reports\Handler\Examiner,Handler,Report,<N/A>                           ,NULL,DMPROD,1
12039,9C1A33A1402D37F3047C17A2053041C8,Claims Reported Year,IS:\Claims Management Reporting\Public Objects\Reports\Claims,Claims,Report,<N/A>                           ,NULL,DMPROD,1
12052,9C51F9CD496D2347C403FFAD639F46A4,Year to Date Anaylsis,IS:\Claims Management Reporting\Public Objects\Reports\Actuarial\PLPD - Daily Loss Analysis\Reports,Actuarial,Report,<N/A>                           ,NULL,DMPROD,1
12159,9D60B0D5487C915AD09D4CBE7E86925F,Initial Pay > Claim Cls Date,IS:\Claims Management Reporting\Public Objects\Reports\NOT PUBLIC REPORTS\Financial Reports\Loss Reports,Not Public Reports,Report,<N/A>                           ,NULL,DMPROD,1
12233,9E3231C44923B6BE61017D9343A326C6,Subrogation Recovery divided by Loss Payments Ratio,IS:\Claims Management Reporting\Public Objects\Reports\NOT PUBLIC REPORTS\Subrogation Reports,Not Public Reports,Report,<N/A>                           ,NULL,DMPROD,1
12242,9E44EB7D4925701AE65694AE034D5698,Claims Reported and Expenses To Date Last 3 Yrs,IS:\Claims Management Reporting\Public Objects\Reports\NOT PUBLIC REPORTS\Claims Reports,Not Public Reports,Report,<N/A>                           ,NULL,DMPROD,1
12400,A053964E487128B80B3101ADF313E71E,FL NB Losses Open Last 90 Days,IS:\Claims Management Reporting\Public Objects\Reports\Actuarial\PLPD - Daily Loss Analysis\Reports,Actuarial,Report,<N/A>                           ,NULL,DMPROD,1
12542,A20C6136407437034C623289E39E80B0,File & Clm YTD by Yr Oct = $0,IS:\Claims Management Reporting\Public Objects\Reports\NOT PUBLIC REPORTS\Financial Reports\Loss Reports\Loss YTD by Year Shortcut Reports,Not Public Reports,Report,<N/A>                           ,NULL,DMPROD,1
12679,A3E00B8544944EAA8A3DEDB9EFDEA672,Claim Handler Report Year to Date Last Month - User Position Groups and Attributes,IS:\Claims Management Reporting\Public Objects\Reports\Handler,Handler,Report,<N/A>                           ,NULL,DMPROD,1
12805,A5A782C2492BCB2F283A4CA81BD58847,Files and Claims where Subro Recv = Ttl Pd,IS:\Claims Management Reporting\Public Objects\Reports\NOT PUBLIC REPORTS\Subrogation Reports,Not Public Reports,Report,<N/A>                           ,NULL,DMPROD,1
12857,A64188B243A9FC24AD55628FFD7326BF,"File & Clm Y,Y/M,Sup PIT Loss =0",IS:\Claims Management Reporting\Public Objects\Reports\NOT PUBLIC REPORTS\Branch Visit,Not Public Reports,Report,<N/A>                           ,NULL,DMPROD,1
12885,A6902B0D4A0F38383BE8D4A5A96983FB,2 - NB Polices Ins last 60 days claims,IS:\Claims Management Reporting\Public Objects\Reports\SCS,SCS,Report,<N/A>                           ,NULL,DMPROD,1
12925,A7086A1644B66FE7042ACF9DF6262E51,sump data,IS:\Claims Management Reporting\Public Objects\Reports\Actuarial\PLPD - Daily Loss Analysis\Reports,Actuarial,Report,<N/A>                           ,NULL,DMPROD,1
12932,A71FC4024332C4E05F6BD38616070E59,Avg Salvage Expenses per Closed Claim YTD,IS:\Claims Management Reporting\Public Objects\Reports\NOT PUBLIC REPORTS\Financial Reports\Expense Reports,Not Public Reports,Report,<N/A>                           ,NULL,DMPROD,1
13007,A7F995394E206ACAB155BF9BA795A81E,Reserve Bookings Greater than $1M by Month Summary,IS:\Claims Management Reporting\Public Objects\Reports\NOT PUBLIC REPORTS\Financial Reports\Reserve Reports,Not Public Reports,Report,<N/A>                           ,NULL,DMPROD,1
13067,A8C71E6A4A2753FB7BAC90BFF7A38526,Clms Asn/ADJ,IS:\Claims Management Reporting\Public Objects\Reports\SOC Award\SOC Drilldown Reports,SOC Award,Report,<N/A>                           ,NULL,DMPROD,1
13111,A956CC934186E4F4C3E23F942177CDCE,PUP Losses 2008-2016-2,IS:\Claims Management Reporting\Public Objects\Reports\Actuarial\PLPD - Daily Loss Analysis\Reports,Actuarial,Report,<N/A>                           ,NULL,DMPROD,1
13183,AA33F894413237EE2670748181E28973,Mass Claims Report - Amica Mutual,IS:\Claims Management Reporting\Public Objects\Reports\Data Calls,Data Calls,Report,<N/A>                           ,NULL,DMPROD,1
13311,ABDFE7BD4439E8F5AD2423A32392DDCB,Claims Closed,IS:\Claims Management Reporting\Public Objects\Reports\NOT PUBLIC REPORTS\Claims Reports,Not Public Reports,Report,<N/A>                           ,NULL,DMPROD,1
13324,AC15E6D84EBF9171956F0995A8B2B7E9,condo_cov_a_losses_loss_year,IS:\Claims Management Reporting\Public Objects\Reports\Actuarial\PLPD - Daily Loss Analysis\Reports,Actuarial,Report,<N/A>                           ,NULL,DMPROD,1
13395,ACEBA28A4CC964735E27939049A1A478,Year to Date ADRs by Month,IS:\Claims Management Reporting\Public Objects\Reports\NOT PUBLIC REPORTS\Legal Reports,Not Public Reports,Report,<N/A>                           ,NULL,DMPROD,1
13592,AF5B29A74D6EE082BCF882A11A885FDC,File & Clm YTD by Yr May = $0,IS:\Claims Management Reporting\Public Objects\Reports\NOT PUBLIC REPORTS\Financial Reports\Loss Reports\Loss YTD by Year Shortcut Reports,Not Public Reports,Report,<N/A>                           ,NULL,DMPROD,1
13600,AF7DC71C4073AAFD6A2450BAEB02EF00,Prompted File Level Report,IS:\Claims Management Reporting\Public Objects\Reports,NULL,Report,<N/A>                           ,NULL,DMPROD,1
13684,B0BC7EE04E55334732DF7E9733BF3994,Losses on Open Claims,IS:\Claims Management Reporting\Public Objects\Reports\Financials\Losses,Financials,Report,<N/A>                           ,NULL,DMPROD,1
13710,B112C1D94F530F076232598D4F4955F9,HO Pmt Type Ranges A,IS:\Claims Management Reporting\Public Objects\Reports\NOT PUBLIC REPORTS\HO Dashboard,Not Public Reports,Report,<N/A>                           ,NULL,DMPROD,1
13831,B2AE30F0439C3B8C06907E99DB2BC2B9,Avg Exp & Loss Clsd Clms (since 2008),IS:\Claims Management Reporting\Public Objects\Reports\NOT PUBLIC REPORTS\Financial Reports,Not Public Reports,Report,<N/A>                           ,NULL,DMPROD,1
13862,B337CD4948D5772E5B007FA580B94B32,Files With 1st Pymt to DRP,IS:\Claims Management Reporting\Public Objects\Reports\NOT PUBLIC REPORTS\Financial Reports\Loss Reports,Not Public Reports,Report,<N/A>                           ,NULL,DMPROD,1
13884,B382BE304929F0167B38D39E7CCCF74F,Refrigerated Property,IS:\Claims Management Reporting\Public Objects\Reports\Actuarial\PLPD - Daily Loss Analysis\Reports,Actuarial,Report,<N/A>                           ,NULL,DMPROD,1
13898,B3B1535040013912EC9531BF4AC01FB5,Users with >1 Attribute in Claims Center,IS:\Claims Management Reporting\Public Objects\Reports\NOT PUBLIC REPORTS\MONITORING - Should Return No Data,Not Public Reports,Report,<N/A>                           ,NULL,DMPROD,1
14169,B76A95CF4093E5F29E253789CBF8F90F,Avg Subro Cycle Time,IS:\Claims Management Reporting\Public Objects\Reports\NOT PUBLIC REPORTS\Subrogation Reports,Not Public Reports,Report,<N/A>                           ,NULL,DMPROD,1
14173,B7718EEC4EFA22F574DD53982A912719,File & Clm YTD by Yr Feb = $0,IS:\Claims Management Reporting\Public Objects\Reports\NOT PUBLIC REPORTS\Financial Reports\Loss Reports\Loss YTD by Year Shortcut Reports,Not Public Reports,Report,<N/A>                           ,NULL,DMPROD,1
14196,B7BE801244BEE5D2ABD709BDA3802860,Avg Initial Loss Payment Cycle Time,IS:\Claims Management Reporting\Public Objects\Reports\NOT PUBLIC REPORTS\Financial Reports\Loss Reports,Not Public Reports,Report,<N/A>                           ,NULL,DMPROD,1
14163,B7550DB84047F199FA1D7388FFE5E107,Legacy Files Out,IS:\Claims Management Reporting\Public Objects\Reports\NOT PUBLIC REPORTS\File Reports,Not Public Reports,Report,<N/A>                           ,NULL,DMPROD,1
14164,B759E87E4FC32FE52FB9108C5FE8A971,NB Losses Open Last 60 Days,IS:\Claims Management Reporting\Public Objects\Reports\Actuarial\PLPD - Daily Loss Analysis\Reports,Actuarial,Report,<N/A>                           ,NULL,DMPROD,1
14238,B845B40F48875CD701EE7A812827F179,Number of Claim Handlers,IS:\Claims Management Reporting\Public Objects\Reports\NOT PUBLIC REPORTS\Employee Reports,Not Public Reports,Report,<N/A>                           ,NULL,DMPROD,1
14281,B8CBDFD848BAB6D52C68D29EB158AD3F,Subro YTD - LM END,IS:\Claims Management Reporting\Public Objects\Reports\Actuarial\PLPD - Daily Loss Analysis\Reports\YTD Reports,Actuarial,Report,<N/A>                           ,NULL,DMPROD,1
14454,BAEF15F7475F6EBB040135A88E49F686,NPS and CSI To Date Last 3 Yrs,IS:\Claims Management Reporting\Public Objects\Reports\NOT PUBLIC REPORTS\NPS Reports,Not Public Reports,Report,<N/A>                           ,NULL,DMPROD,1
14488,BB7A8F544033F32E7D8DEEA9AED27024,"Reserve Changes Making or Maintaining a Reserve Greater than $125,000",IS:\Claims Management Reporting\Public Objects\Reports\Financials\Reserves,Financials,Report,<N/A>                           ,NULL,DMPROD,1
14547,BC21D97E403E3704C39B208D07BECED8,New Serious Claims Report,IS:\Claims Management Reporting\Public Objects\Reports\Claims,Claims,Report,<N/A>                           ,NULL,DMPROD,1
14719,BE7993B14D67D6ACBE3C51AD89B9C247,Voice Attendance Report,IS:\Claims Management Reporting\Public Objects\Reports\SCS,SCS,Report,<N/A>                           ,NULL,DMPROD,1
14767,BF43B5C14EA4D4D7A1B26581C475B095,NJAire Files & Claims Closed Prior Period,IS:\Claims Management Reporting\Public Objects\Reports\NOT PUBLIC REPORTS\Compliance Reports,Not Public Reports,Report,<N/A>                           ,NULL,DMPROD,1
14808,BFDAB2E3456D2F9A3DF515B1EE5CB534,Files Closed (Prompted) - Only 1 Clm,IS:\Claims Management Reporting\Public Objects\Reports\NOT PUBLIC REPORTS\Claims Reports,Not Public Reports,Report,<N/A>                           ,NULL,DMPROD,1
14824,C01BB1554818B66CEFF87DAD96EB095D,Year to Date Subro by Month,IS:\Claims Management Reporting\Public Objects\Reports\NOT PUBLIC REPORTS\Subrogation Reports,Not Public Reports,Report,<N/A>                           ,NULL,DMPROD,1
14872,C0E0C58145C793A9DF2FF0ADF7AFFB77,Collision Claims Closed with No Salvage Received,IS:\Claims Management Reporting\Public Objects\Reports\Salvage,Salvage,Report,<N/A>                           ,NULL,DMPROD,1
14900,C138FA8B4B99CD694BB148B9B106218B,Clms Asn/CSR,IS:\Claims Management Reporting\Public Objects\Reports\SOC Award\SOC Drilldown Reports,SOC Award,Report,<N/A>                           ,NULL,DMPROD,1
14940,C1A13E27482CD3CDE64D4D8D31809CCA,Ttl Loss Coll Clms with Salv Recd,IS:\Claims Management Reporting\Public Objects\Reports\NOT PUBLIC REPORTS\Financial Reports\Expense Reports,Not Public Reports,Report,<N/A>                           ,NULL,DMPROD,1
15068,C30E2CF240B34FED1A752DB38F2F63FE,A-Ids Hours Possible SOC Period_CSR,IS:\Claims Management Reporting\Public Objects\Reports\NOT PUBLIC REPORTS\Employee Reports,Not Public Reports,Report,<N/A>                           ,NULL,DMPROD,1
15121,C3AC78D047B7CF2424B20B9EB192EA7F,"Set of Files, Claims and Minimum IA Assign Dates",IS:\Claims Management Reporting\Public Objects\Reports\NOT PUBLIC REPORTS\Handler Reports,Not Public Reports,Report,<N/A>                           ,NULL,DMPROD,1
15250,C52577DD4A739A784E5ED98491AA94F4,Claim Handler Report Prompted - Adjuster,IS:\Claims Management Reporting\Public Objects\Reports\Handler,Handler,Report,<N/A>                           ,NULL,DMPROD,1
15269,C55AE25A4A8D2BB202F417A0C364EC49,Payment Types L30 Days,IS:\Claims Management Reporting\Public Objects\Reports\NOT PUBLIC REPORTS\Financial Reports\Loss Reports,Not Public Reports,Report,<N/A>                           ,NULL,DMPROD,1
15284,C587AE134EBA6FD6C5F9E480C7772F4B,Scorecard Avg Initial Loss Pay Cycle Time_Coll & OTC,IS:\Claims Management Reporting\Public Objects\Reports\NOT PUBLIC REPORTS\Branch Performance Reports\Scorecard,Not Public Reports,Report,<N/A>                           ,NULL,DMPROD,1
15432,C788639E4C83E186F3A91AB4AF5AC165,All NonClaims Complaints Valid File #,IS:\Claims Management Reporting\Public Objects\Reports\NOT PUBLIC REPORTS\Customer Feedback Reports,Not Public Reports,Report,<N/A>                           ,NULL,DMPROD,1
15488,C84BBFEA4B7087714F9D95B7215EE0B8,Claim Coverage Table,IS:\Claims Management Reporting\Public Objects\Reports\Report Developer\BI Team Reports,Report Developer,Report,<N/A>                           ,NULL,DMPROD,1
15499,C87244F440625B3843D41C8523179860,Subro Outstanding,IS:\Claims Management Reporting\Public Objects\Reports\NOT PUBLIC REPORTS\Subrogation Reports,Not Public Reports,Report,<N/A>                           ,NULL,DMPROD,1
15562,C9691EDC41E5AF8306D7A7B0C0EE0D6E,Avg Claims Reported per Handler YTD,IS:\Claims Management Reporting\Public Objects\Reports\NOT PUBLIC REPORTS\Claims Reports,Not Public Reports,Report,<N/A>                           ,NULL,DMPROD,1
15575,C99CA54F4DF7C54FD6B8C1A0B94AA735,Claims Outstanding divided by Claims Reported,IS:\Claims Management Reporting\Public Objects\Reports\NOT PUBLIC REPORTS\Claims Reports,Not Public Reports,Report,<N/A>                           ,NULL,DMPROD,1
15577,C9B3292041B2E4D9DE15E499B179BA7C,CA ho Trend TOT LOSS,IS:\Claims Management Reporting\Public Objects\Reports\Actuarial\PLPD - Daily Loss Analysis\Reports,Actuarial,Report,<N/A>                           ,NULL,DMPROD,1
15612,CA3414A9436D202EDA25E2A1C9B76FB9,Avg Loss Month,IS:\Claims Management Reporting\Public Objects\Reports\Financials\Losses,Financials,Report,<N/A>                           ,NULL,DMPROD,1
15888,CDA2D42D457771918311DD80B3D2EFB8,Open Files No Rsv or Closed Files w Rsv,IS:\Claims Management Reporting\Public Objects\Reports\NOT PUBLIC REPORTS\MONITORING - Should Return No Data,Not Public Reports,Report,<N/A>                           ,NULL,DMPROD,1
15916,CDEB7EFE4CF146D76E9C6E8E30D30C61,EIA Clms Settled,IS:\Claims Management Reporting\Public Objects\Reports\NOT PUBLIC REPORTS\Mobile\Employee Info Mobile App,Not Public Reports,Report,<N/A>                           ,NULL,DMPROD,1
15918,CDF54A924616DB1501A51781009C8638,Matter Open > Matter Close Date,IS:\Claims Management Reporting\Public Objects\Reports\NOT PUBLIC REPORTS\MONITORING - Should Return No Data,Not Public Reports,Report,<N/A>                           ,NULL,DMPROD,1
16061,CFCD0F4E4450573C9F1854935F0E74CA,CA DF Clms reported,IS:\Claims Management Reporting\Public Objects\Reports\Actuarial\PLPD - Daily Loss Analysis\Reports,Actuarial,Report,<N/A>                           ,NULL,DMPROD,1
16140,D0E63A3848508710FE3DA88AFE1E193E,"Transactional Reserve Changes Above or Below $125,000",IS:\Claims Management Reporting\Public Objects\Reports\Financials\Reserves,Financials,Report,<N/A>                           ,NULL,DMPROD,1
16167,D14E46C348DB37DA74FA99AC58A54D8B,OM exp 2008-2016,IS:\Claims Management Reporting\Public Objects\Reports\Actuarial\PLPD - Daily Loss Analysis\Reports,Actuarial,Report,<N/A>                           ,NULL,DMPROD,1
16235,D2277F4D468693F1D83E0CB40FEE4A02,Month to Date Cycle Time,IS:\Claims Management Reporting\Public Objects\Reports\NOT PUBLIC REPORTS\Branch Performance Reports,Not Public Reports,Report,<N/A>                           ,NULL,DMPROD,1
16281,D2BABD03426E70DB65C16699940ED5F1,PUP Losses 2008-2016,IS:\Claims Management Reporting\Public Objects\Reports\Actuarial\PLPD - Daily Loss Analysis\Reports,Actuarial,Report,<N/A>                           ,NULL,DMPROD,1
16430,D46690EA4BCEEC799CAB9094A40765E3,Days to Close Ranges over Time,IS:\Claims Management Reporting\Public Objects\Reports\Claims,Claims,Report,<N/A>                           ,NULL,DMPROD,1
16562,D66FCDD042D05775DC507DB85317C875,Summary Year to Date,IS:\Claims Management Reporting\Public Objects\Reports\NOT PUBLIC REPORTS\Branch Performance Reports,Not Public Reports,Report,<N/A>                           ,NULL,DMPROD,1
16573,D68F98EC4DF02478E9EBB0BB59E87D99,Year to Date Calendar Year Anaylsis - Last Month End,IS:\Claims Management Reporting\Public Objects\Reports\Actuarial\PLPD - Daily Loss Analysis\Reports\YTD Reports,Actuarial,Report,<N/A>                           ,NULL,DMPROD,1
16588,D6C257274B77230EAC353896EC8CAAFC,Claims Outstanding,IS:\Claims Management Reporting\Public Objects\Reports\NOT PUBLIC REPORTS\Claims Reports,Not Public Reports,Report,<N/A>                           ,NULL,DMPROD,1
16641,D768189049B588DE04E13CA31046D139,File & Clm Y Expense =0,IS:\Claims Management Reporting\Public Objects\Reports\NOT PUBLIC REPORTS\Financial Reports\Expense Reports,Not Public Reports,Report,<N/A>                           ,NULL,DMPROD,1
16721,D8A725B04F2FAE062200B3B7D80D04E6,Claims Settled for Branch Costs,IS:\Claims Management Reporting\Public Objects\Reports\NOT PUBLIC REPORTS\Executive Reports,Not Public Reports,Report,<N/A>                           ,NULL,DMPROD,1
16774,D951CF664B196CAA7A0EB8828A4A84CF,Closed Claims with Open Reserve,IS:\Claims Management Reporting\Public Objects\Reports\NOT PUBLIC REPORTS\MONITORING - Should Return No Data,Not Public Reports,Report,<N/A>                           ,NULL,DMPROD,1
16789,D989D1ED44F1945473A987B3A16252E4,NB Polices Ins last YEAR days claims,IS:\Claims Management Reporting\Public Objects\Reports\Actuarial\PLPD - Daily Loss Analysis\Reports,Actuarial,Report,<N/A>                           ,NULL,DMPROD,1
16750,D902002A431A3539C3B464A16DE95135,Set of Files & Claims Where Subro Closed or Add'l Pay in Last 4 Months,IS:\Claims Management Reporting\Public Objects\Reports\NOT PUBLIC REPORTS\Subrogation Reports\Additional Payments After Subrogation Received,Not Public Reports,Report,<N/A>                           ,NULL,DMPROD,1
16886,DB00A0B842D28AE2ACF88F857194682B,ERM File Summary,IS:\Claims Management Reporting\Public Objects\Reports\NOT PUBLIC REPORTS\Executive Reports,Not Public Reports,Report,<N/A>                           ,NULL,DMPROD,1
17012,DC7949B640A04989F32522B110980C98,Files Regular at One Time Auto BI All,IS:\Claims Management Reporting\Public Objects\Reports\NOT PUBLIC REPORTS\Financial Reports\Reserve Reports,Not Public Reports,Report,<N/A>                           ,NULL,DMPROD,1
17056,DCEBA07449B48267FA0C7F80BBB53C37,Scorecard Claims Assigned/Handler ADJ,IS:\Claims Management Reporting\Public Objects\Reports\NOT PUBLIC REPORTS\Branch Performance Reports\Scorecard,Not Public Reports,Report,<N/A>                           ,NULL,DMPROD,1
17104,DD8B1B534E3BD598117EFCBCB0E142A3,Subro YTD Last Year - LM End,IS:\Claims Management Reporting\Public Objects\Reports\Actuarial\PLPD - Daily Loss Analysis\Reports\YTD Reports,Actuarial,Report,<N/A>                           ,NULL,DMPROD,1
17154,DE38BE4D4AEEBA3473287E9C8883CEC6,PUP Trend,IS:\Claims Management Reporting\Public Objects\Reports\Actuarial\PLPD - Daily Loss Analysis\Reports,Actuarial,Report,<N/A>                           ,NULL,DMPROD,1
17212,DED10E2C40D9FA0F60075D83A0971B4A,7Litigation 1st and 3rd Pty Atty Client,IS:\Claims Management Reporting\Public Objects\Reports\Report Developer\AM Best,Report Developer,Report,<N/A>                           ,NULL,DMPROD,1
17066,DD13082D4E34A4FEBB60479106D3116F,Provider Drill Map,IS:\Claims Management Reporting\Public Objects\Reports\Report Developer\BI Team Reports,Report Developer,Report,<N/A>                           ,NULL,DMPROD,1
17238,DF335BFF4689921902A49E9DC742C08C,Daily Loss Anaylsis - New,IS:\Claims Management Reporting\Public Objects\Reports\Actuarial\PLPD - Daily Loss Analysis\Reports,Actuarial,Report,<N/A>                           ,NULL,DMPROD,1
17285,DFAF0DF8457D3B6A1B788C98F0C04B34,Claims Supervised Report Prompted - CSRs,IS:\Claims Management Reporting\Public Objects\Reports\Handler\Claims Supervised,Handler,Report,<N/A>                           ,NULL,DMPROD,1
17475,E24692594BAA3B50B254D1B416CBD771,1 - Claims Reported Dataset for Forecast,IS:\Claims Management Reporting\Public Objects\Reports\NOT PUBLIC REPORTS\Executive Reports,Not Public Reports,Report,<N/A>                           ,NULL,DMPROD,1
17628,E460ECF3499601A713D8C281CC00CB5D,"Files Regular at One Time > $50,000",IS:\Claims Management Reporting\Public Objects\Reports\NOT PUBLIC REPORTS\Financial Reports\Reserve Reports,Not Public Reports,Report,<N/A>                           ,NULL,DMPROD,1
17631,E466C02E4B4FA284FB42C28ADE161116,SOC Begin and End Dts Concept,IS:\Claims Management Reporting\Public Objects\Reports\Report Developer\SOC Over Time,Report Developer,Report,<N/A>                           ,NULL,DMPROD,1
17642,E49886164383EBFB8D659EAC52C32536,cov_c_losses_loss_year,IS:\Claims Management Reporting\Public Objects\Reports\Actuarial\PLPD - Daily Loss Analysis\Reports,Actuarial,Report,<N/A>                           ,NULL,DMPROD,1
17565,E37C1DFD40D544C907FA93AEC9AC1575,File & Clm YTD by Yr Nov = $0,IS:\Claims Management Reporting\Public Objects\Reports\NOT PUBLIC REPORTS\Financial Reports\Loss Reports\Loss YTD by Year Shortcut Reports,Not Public Reports,Report,<N/A>                           ,NULL,DMPROD,1
17815,E6EBD92A4E0720826D0A9C99E78CB7CF,Files with Monthly Account Loss Pay TS,IS:\Claims Management Reporting\Public Objects\Reports\NOT PUBLIC REPORTS\Financial Reports\Loss Reports,Not Public Reports,Report,<N/A>                           ,NULL,DMPROD,1
17876,E7C053BF478FCBE819D361AF0E0CE46F,Ike Files by LOB and State,IS:\Claims Management Reporting\Public Objects\Reports\NOT PUBLIC REPORTS\Catastrophe Reports,Not Public Reports,Report,<N/A>                           ,NULL,DMPROD,1
18145,EB2FAC1941D7EE056A2BD8B3A4F30458,Claims Summary Data,IS:\Claims Management Reporting\Public Objects\Reports\NOT PUBLIC REPORTS\Financial Reports\Loss Reports,Not Public Reports,Report,<N/A>                           ,NULL,DMPROD,1
18199,EBE4C0E94360DF1CD4D9F2B045D61AC9,"Set of Files, Claims and Minimum IA Assign Yr/Mth",IS:\Claims Management Reporting\Public Objects\Reports\NOT PUBLIC REPORTS\Branch Visit,Not Public Reports,Report,<N/A>                           ,NULL,DMPROD,1
18201,EBFBB800455BEB47237755BE4CDD95E8,Subrogation and Salvage Received YTD LMth,IS:\Claims Management Reporting\Public Objects\Reports\Subrogation,Subrogation,Report,<N/A>                           ,NULL,DMPROD,1
18212,EC1EE7EF42F8F7C8B77F85AFA6966FD8,Claims Reported,IS:\Claims Management Reporting\Public Objects\Reports\NOT PUBLIC REPORTS\Claims Reports,Not Public Reports,Report,<N/A>                           ,NULL,DMPROD,1
18249,EC9D2AF740F7FAC5A4263BBC3AC3ACB7,CAT Claims Number of Events,IS:\Claims Management Reporting\Public Objects\Reports\Report Developer\MicroStrategy Office Reports\Claims Executive Operations - new\CAT Claims,Report Developer,Report,<N/A>                           ,NULL,DMPROD,1
18271,ECEF1E794CB9B673D127CDAB0F3084BA,Claim Handler Report Prompted - Assigned Only,IS:\Claims Management Reporting\Public Objects\Reports\Handler,Handler,Report,<N/A>                           ,NULL,DMPROD,1
18340,EDE3CD584E60F691F2EA3F899CC6E013,File & Clm YTD by Yr Apr = $0,IS:\Claims Management Reporting\Public Objects\Reports\NOT PUBLIC REPORTS\Financial Reports\Loss Reports\Loss YTD by Year Shortcut Reports,Not Public Reports,Report,<N/A>                           ,NULL,DMPROD,1
18375,EE28114241E1494DD7C458AB93FCA454,Claims Closed Year,IS:\Claims Management Reporting\Public Objects\Reports\Claims,Claims,Report,<N/A>                           ,NULL,DMPROD,1
18461,EF2CA92F466F1B1FCB32BA80E25B0E3C,Subro YTD 2 years ago - LM End,IS:\Claims Management Reporting\Public Objects\Reports\Actuarial\PLPD - Daily Loss Analysis\Reports\YTD Reports,Actuarial,Report,<N/A>                           ,NULL,DMPROD,1
18481,EF743465445C2C71A2A7B5B94F7A9581,Mass Claims Report - Amica P&C,IS:\Claims Management Reporting\Public Objects\Reports\Data Calls,Data Calls,Report,<N/A>                           ,NULL,DMPROD,1
18497,EFBD8C16496B6E17F392038D89C9D58A,Closed ADRs to Matters Closed Ratio,IS:\Claims Management Reporting\Public Objects\Reports\NOT PUBLIC REPORTS\Legal Reports,Not Public Reports,Report,<N/A>                           ,NULL,DMPROD,1
18501,EFD16CDC4BB7869277A109921AE78F0A,Subro Recoveries Collisions,IS:\Claims Management Reporting\Public Objects\Reports\NOT PUBLIC REPORTS\Subrogation Reports,Not Public Reports,Report,<N/A>                           ,NULL,DMPROD,1
18716,F27127C64AC0C1232F85C48611F6133A,Claims Survey Counts,IS:\Claims Management Reporting\Public Objects\Reports\NOT PUBLIC REPORTS\NPS Reports,Not Public Reports,Report,<N/A>                           ,NULL,DMPROD,1
18957,F569A3904389E1C4E3597D84221807A9,"File & Clm Y,M,B Expense =0",IS:\Claims Management Reporting\Public Objects\Reports\NOT PUBLIC REPORTS\Financial Reports\Expense Reports,Not Public Reports,Report,<N/A>                           ,NULL,DMPROD,1
18888,F479CB7A45006A97E72D628BCC78F716,CA PUP claims,IS:\Claims Management Reporting\Public Objects\Reports\Actuarial\PLPD - Daily Loss Analysis\Reports,Actuarial,Report,<N/A>                           ,NULL,DMPROD,1
19135,F7FD20174A37EF382910F58E0C40F51C,Files & Claims Closed LM - GLASS/TOW,IS:\Claims Management Reporting\Public Objects\Reports\NOT PUBLIC REPORTS\Claims Reports,Not Public Reports,Report,<N/A>                           ,NULL,DMPROD,1
19223,F90EC74248D4541D115F098DCD03DC10,Set of Files & Claims & Paid Dates Where Add'l Pay > Subro,IS:\Claims Management Reporting\Public Objects\Reports\NOT PUBLIC REPORTS\Subrogation Reports\Additional Payments After Subrogation Received,Not Public Reports,Report,<N/A>                           ,NULL,DMPROD,1
19399,FB44CE0A4007AA947442EE9C27EF4990,Copy of Files with Monthly Account Loss Pay,IS:\Claims Management Reporting\Public Objects\Reports\NOT PUBLIC REPORTS\Financial Reports\Loss Reports,Not Public Reports,Report,<N/A>                           ,NULL,DMPROD,1
19405,FB5B85354D1C086D132680AC485FA5E6,FL NB Polices Ins last 90 days claims,IS:\Claims Management Reporting\Public Objects\Reports\Actuarial\PLPD - Daily Loss Analysis\Reports,Actuarial,Report,<N/A>                           ,NULL,DMPROD,1
19489,FC75927849492FE4D6A01E8E327FF8FF,Scorecard Avg Salvage/Vehicle,IS:\Claims Management Reporting\Public Objects\Reports\NOT PUBLIC REPORTS\Branch Performance Reports\Scorecard,Not Public Reports,Report,<N/A>                           ,NULL,DMPROD,1
19648,FE7722C44CA74193ABC42C8ADE2F4D6B,File & Clm Y Loss =0,IS:\Claims Management Reporting\Public Objects\Reports\NOT PUBLIC REPORTS\Financial Reports\Loss Reports,Not Public Reports,Report,<N/A>                           ,NULL,DMPROD,1
19668,FEBF97904EAEC3191AAFF68256CC02B3,CA Trend TOT LOSS,IS:\Claims Management Reporting\Public Objects\Reports\Actuarial\PLPD - Daily Loss Analysis\Reports,Actuarial,Report,<N/A>                           ,NULL,DMPROD,1
20842,0C1B6DAC4822DA62A9A4879267BF718E,Cycletime with only clm cnt metric,IS:\Claims Management Reporting\Public Objects\Reports\Report Developer\BI Team Reports\Teradata\Steve\Cycletime compare\for CIS,Report Developer,Report,<N/A>                           ,NULL,DMPROD,1
1200,0F4D797B4454E4ECD07CEAB92FF1AB46,Prompted CAT Report by Day,IS:\Claims Management Reporting\Public Objects\Reports\Catastrophes,Catastrophes,Report,<N/A>                           ,NULL,DMPROD,1
20840,39A2A63D49385A59CC89E08982AFA67B,Cycletime with clm cnt and other metrics - 2,IS:\Claims Management Reporting\Public Objects\Reports\Report Developer\BI Team Reports\Teradata\Steve\Cycletime compare\for CIS,Report Developer,Report,<N/A>                           ,NULL,DMPROD,1
20637,7173A2C44EE049D3DD415A9EBF27AA36,KPI,IS:\Claims Management Reporting\Public Objects\Reports\Report Developer\BI Team Reports\Teradata\Steve\0-Litigation Mgmt,Report Developer,Report,<N/A>                           ,NULL,DMPROD,1
20839,742F1EB24AA0F969FF7D34BCAEC6C6AB,Cycletime with clm cnt and other metrics,IS:\Claims Management Reporting\Public Objects\Reports\Report Developer\BI Team Reports\Teradata\Steve\Cycletime compare\for CIS,Report Developer,Report,<N/A>                           ,NULL,DMPROD,1
20843,805EFE2B43FF07F5CF6A62B6AAC86069,Cycletime with only clm cnt metric_NEW,IS:\Claims Management Reporting\Public Objects\Reports\Report Developer\BI Team Reports\Teradata\Steve\Cycletime compare\for CIS,Report Developer,Report,<N/A>                           ,NULL,DMPROD,1
12366,9FE8D8644EF7769A063F6496DDF58363,Claims Survey Counts bkup,IS:\Claims Management Reporting\Public Objects\Reports\NOT PUBLIC REPORTS\NPS Reports,Not Public Reports,Report,<N/A>                           ,NULL,DMPROD,1
20639,D861CB5F4C2FDED16C6E648358A8099D,Original Example,IS:\Claims Management Reporting\Public Objects\Reports\Report Developer\BI Team Reports\Teradata\Steve\Cycletime compare\for CIS,Report Developer,Report,<N/A>                           ,NULL,DMPROD,1
20841,DD44937A461DCF78991DA8BFE3C6FA8F,Cycletime with clm cnt and other metrics_NEW,IS:\Claims Management Reporting\Public Objects\Reports\Report Developer\BI Team Reports\Teradata\Steve\Cycletime compare\for CIS,Report Developer,Report,<N/A>                           ,NULL,DMPROD,1
20595,E7E040364D99073EB18D3EA5BD19245A,Liz original,IS:\Claims Management Reporting\Public Objects\Reports\Report Developer\BI Team Reports\Teradata\Steve\Cycletime compare,Report Developer,Report,<N/A>                           ,NULL,DMPROD,1
18649,F1B1DDEC49C27F607945E0887B139395,Prompted CAT Report with Rank,IS:\Claims Management Reporting\Public Objects\Reports\Catastrophes,Catastrophes,Report,<N/A>                           ,NULL,DMPROD,1
