QuoteRequestKey,DriverKey,Gender,DateOfBirth,EmploymentStatus,Occupation,OccupationCategory,ResidentStatus,MaritalStatus,RelationshipToPolicyHolder,EducationLevel,AgeFirstLicensed,LicenseRevokedIndicator,LicenseStatus,YearsWithForeignLicense,CFRRequiredIndicator,DriverAgeAtQuote,TotalIncidentCount,ClaimCount,AccidentCount,TicketCount,ContinuousLicenseIndicator
10067359,11533989,Male,1991-08-09,Employed,Salesperson - All Other,Business/Sales/Office,Own single family,Single,PolicyHolder,Bachelors,16,False,Valid US license,0,False,27,0,0,0,0,
10067533,11533802,Male,1989-08-21,Employed,Physician or Doctor,Medical/Social Services/Religion,Rent,Married,PolicyHolder,Doctorate,28,False,Valid US license,0,False,29,0,0,0,0,
10067588,11534176,Female,1975-10-12,Employed,Administrative Clerk or Receptionist,Business/Sales/Office,Rent,Divorced,PolicyHolder,High school,16,False,Restricted,0,True,43,0,0,0,0,
10067682,11535833,Female,1984-11-23,Employed,Delivery Person or Mail Carrier,Travel/Transportation/Warehousing,Own single family,Single,PolicyHolder,Associate,16,False,Valid US license,0,False,34,3,0,1,2,
10067685,11535830,Female,1984-11-23,Employed,Delivery Person or Mail Carrier,Travel/Transportation/Warehousing,Own single family,Single,PolicyHolder,Associate,16,False,Valid US license,0,False,34,3,0,1,2,
10067735,11537360,Male,1998-05-26,Employed,Salesperson - Retail,Business/Sales/Office,Rent,Single,PolicyHolder,Associate,16,False,Valid US license,0,False,20,0,0,0,0,
