{"Claim Create Dt":{"0":"1\/10\/2019 10","1":"1\/10\/2019 10","2":"1\/10\/2019 10","3":"1\/9\/2019 9","4":"1\/9\/2019 9","5":"1\/9\/2019 9","6":"1\/9\/2019 9","7":"1\/9\/2019 9","8":"1\/9\/2019 9","9":"1\/9\/2019 9","10":"1\/9\/2019 9","11":"1\/9\/2019 9","12":"1\/9\/2019 9","13":"1\/8\/2019 8","14":"1\/8\/2019 8","15":"1\/8\/2019 8","16":"1\/8\/2019 8","17":"1\/8\/2019 8","18":"1\/8\/2019 8","19":"1\/7\/2019 7","20":"1\/7\/2019 7","21":"1\/7\/2019 7","22":"1\/7\/2019 7","23":"1\/7\/2019 7","24":"1\/4\/2019 4","25":"1\/3\/2019 3","26":"1\/2\/2019 2","27":"1\/2\/2019 2","28":"12\/27\/2018 361","29":"12\/6\/2018 340","30":"12\/4\/2018 338","31":"11\/15\/2018 319","32":"11\/15\/2018 319","33":"10\/26\/2018 299","34":"10\/17\/2018 290","35":"10\/11\/2018 284","36":"10\/9\/2018 282","37":"10\/5\/2018 278","38":"10\/4\/2018 277","39":"9\/24\/2018 267","40":"9\/24\/2018 267","41":"9\/18\/2018 261","42":"9\/12\/2018 255","43":"8\/23\/2018 235","44":"8\/6\/2018 218","45":"7\/20\/2018 201","46":"6\/15\/2018 166","47":"6\/11\/2018 162","48":"5\/29\/2018 149","49":"5\/11\/2018 131","50":"5\/10\/2018 130","51":"5\/1\/2018 121","52":"4\/30\/2018 120","53":"4\/30\/2018 120","54":"4\/19\/2018 109","55":"2\/5\/2018 36","56":"12\/8\/2017 342","57":"11\/13\/2017 317","58":"10\/10\/2017 283","59":"10\/6\/2017 279","60":"10\/2\/2017 275","61":"8\/19\/2017 231","62":"3\/22\/2017 81","63":"3\/13\/2017 72","64":"2\/3\/2017 34","65":"1\/25\/2017 25","66":"1\/8\/2017 8","67":"1\/4\/2017 4","68":"9\/5\/2016 249","69":"6\/27\/2016 179","70":"6\/8\/2016 160","71":"2\/22\/2016 53","72":"1\/8\/2016 8","73":"1\/7\/2016 7","74":"11\/23\/2015 327","75":"9\/2\/2015 245","76":"7\/31\/2015 212","77":"5\/19\/2015 139","78":"2\/6\/2015 37","79":"9\/21\/2012 265"},"Claim Reopen Date":{"0":"","1":"","2":"","3":"","4":"","5":"","6":"","7":"","8":"","9":"","10":"","11":"","12":"","13":"","14":"","15":"","16":"","17":"","18":"","19":"","20":"","21":"","22":"","23":"","24":"","25":"","26":"","27":"","28":"","29":"","30":"1\/10\/2019","31":"","32":"1\/9\/2019","33":"","34":"","35":"","36":"","37":"","38":"","39":"","40":"","41":"","42":"","43":"1\/9\/2019","44":"","45":"1\/10\/2019","46":"","47":"1\/7\/2019","48":"","49":"","50":"1\/4\/2019","51":"","52":"1\/4\/2019","53":"1\/4\/2019","54":"1\/9\/2019","55":"","56":"","57":"","58":"1\/7\/2019","59":"","60":"1\/10\/2019","61":"","62":"","63":"1\/9\/2019","64":"","65":"1\/9\/2019","66":"1\/8\/2019","67":"1\/8\/2019","68":"12\/27\/2018","69":"1\/10\/2019","70":"","71":"1\/10\/2019","72":"1\/3\/2019","73":"1\/3\/2019","74":"8\/7\/2018","75":"1\/4\/2019","76":"1\/8\/2019","77":"1\/10\/2019","78":"1\/9\/2019","79":"1\/8\/2019"},"Claim Type":{"0":"Injury    ","1":"Injury    ","2":"Phy Dam   ","3":"Injury    ","4":"Injury    ","5":"Injury    ","6":"Injury    ","7":"Injury    ","8":"Injury    ","9":"Phy Dam   ","10":"Phy Dam   ","11":"Phy Dam   ","12":"Phy Dam   ","13":"Injury    ","14":"Injury    ","15":"Injury    ","16":"Injury    ","17":"Injury    ","18":"Phy Dam   ","19":"Injury    ","20":"Injury    ","21":"Injury    ","22":"Injury    ","23":"Phy Dam   ","24":"Injury    ","25":"Injury    ","26":"Injury    ","27":"Injury    ","28":"Injury    ","29":"Phy Dam   ","30":"Phy Dam   ","31":"Phy Dam   ","32":"Phy Dam   ","33":"Phy Dam   ","34":"Phy Dam   ","35":"Phy Dam   ","36":"Injury    ","37":"Phy Dam   ","38":"Injury    ","39":"Phy Dam   ","40":"Phy Dam   ","41":"Phy Dam   ","42":"Phy Dam   ","43":"Phy Dam   ","44":"Phy Dam   ","45":"Injury    ","46":"Injury    ","47":"Phy Dam   ","48":"Injury    ","49":"Phy Dam   ","50":"Injury    ","51":"Injury    ","52":"Injury    ","53":"Injury    ","54":"Injury    ","55":"Injury    ","56":"Phy Dam   ","57":"Injury    ","58":"Phy Dam   ","59":"Injury    ","60":"Injury    ","61":"Phy Dam   ","62":"Injury    ","63":"Injury    ","64":"Injury    ","65":"Injury    ","66":"Phy Dam   ","67":"Injury    ","68":"Phy Dam   ","69":"Injury    ","70":"Phy Dam   ","71":"Phy Dam   ","72":"Injury    ","73":"Injury    ","74":"Injury    ","75":"Injury    ","76":"Injury    ","77":"Injury    ","78":"Injury    ","79":"Injury    "},"Clm":{"0":"1","1":"5","2":"3","3":"8","4":"9","5":"10","6":"12","7":"14","8":"15","9":"1","10":"10","11":"11","12":"13","13":"1","14":"3","15":"4","16":"4","17":"5","18":"1","19":"1","20":"1","21":"2","22":"6","23":"1","24":"2","25":"7","26":"2","27":"3","28":"1","29":"1","30":"1","31":"1","32":"2","33":"1","34":"1","35":"1","36":"2","37":"1","38":"3","39":"1","40":"1","41":"1","42":"1","43":"1","44":"1","45":"5","46":"5","47":"1","48":"3","49":"1","50":"3","51":"3","52":"1","53":"2","54":"9","55":"4","56":"1","57":"4","58":"1","59":"2","60":"2","61":"1","62":"3","63":"2","64":"4","65":"1","66":"1","67":"1","68":"1","69":"3","70":"1","71":"2","72":"3","73":"2","74":"2","75":"3","76":"5","77":"3","78":"3","79":"2"},"Cov":{"0":"UDBI ","1":"BI   ","2":"PD   ","3":"UDBI ","4":"UDBI ","5":"UDBI ","6":"PIP  ","7":"BI   ","8":"BI   ","9":"PD   ","10":"PD   ","11":"RENT ","12":"PD   ","13":"BI   ","14":"MP   ","15":"BIR  ","16":"UDBI ","17":"BI   ","18":"OTHER","19":"BI   ","20":"BI   ","21":"MP   ","22":"BIR  ","23":"THEFT","24":"MP   ","25":"BI   ","26":"MP   ","27":"BI   ","28":"BI   ","29":"WATER","30":"THEFT","31":"COLL ","32":"PD   ","33":"HAIL ","34":"WIND ","35":"WIND ","36":"BI   ","37":"WATER","38":"BI   ","39":"IOTHR","40":"WATER","41":"OTHER","42":"WATER","43":"HAIL ","44":"MMV  ","45":"PIP  ","46":"UMBI ","47":"WATER","48":"BI   ","49":"HAIL ","50":"PIP  ","51":"PIPX ","52":"PIP  ","53":"PIP  ","54":"BI   ","55":"BI   ","56":"FIRE ","57":"BI   ","58":"HAIL ","59":"BI   ","60":"BI   ","61":"FIRE ","62":"UDBI ","63":"PIP  ","64":"BI   ","65":"PIP  ","66":"FREEZ","67":"PIP  ","68":"THEFT","69":"PIP  ","70":"FIRE ","71":"PD   ","72":"MP   ","73":"PIP  ","74":"PIP  ","75":"BIPIP","76":"PIP  ","77":"BI   ","78":"PIP  ","79":"UMBI "},"Covrg Cd":{"0":"104","1":"101","2":"266","3":"104","4":"104","5":"104","6":"130","7":"101","8":"101","9":"266","10":"102","11":"025","12":"102","13":"900","14":"264","15":"106","16":"104","17":"101","18":"250","19":"262","20":"262","21":"264","22":"106","23":"020","24":"264","25":"101","26":"264","27":"101","28":"262","29":"230","30":"020","31":"090","32":"102","33":"225","34":"502","35":"220","36":"101","37":"230","38":"101","39":"859","40":"230","41":"454","42":"230","43":"225","44":"290","45":"130","46":"120","47":"452","48":"101","49":"225","50":"130","51":"132","52":"130","53":"130","54":"101","55":"101","56":"210","57":"101","58":"225","59":"101","60":"101","61":"210","62":"104","63":"130","64":"101","65":"130","66":"453","67":"130","68":"020","69":"130","70":"210","71":"266","72":"140","73":"130","74":"130","75":"108","76":"130","77":"101","78":"130","79":"120"},"Detail Claim Type":{"0":"BI All","1":"BI All","2":"PD All","3":"BI All","4":"BI All","5":"BI All","6":"PIP All","7":"BI All","8":"BI All","9":"PD All","10":"PD All","11":"OTC All","12":"PD All","13":"BI All","14":"MP All","15":"BIR","16":"BI All","17":"BI All","18":"Sec I Dam","19":"BI All","20":"BI All","21":"MP All","22":"BIR","23":"OTC All","24":"MP All","25":"BI All","26":"MP All","27":"BI All","28":"BI All","29":"Sec I Dam","30":"OTC All","31":"Coll All","32":"PD All","33":"Sec I Dam","34":"OTC All","35":"Sec I Dam","36":"BI All","37":"Sec I Dam","38":"BI All","39":"IM All","40":"Sec I Dam","41":"Ho Ext All","42":"Sec I Dam","43":"Sec I Dam","44":"Sec I Dam","45":"PIP All","46":"BI All","47":"Ho Ext All","48":"BI All","49":"Sec I Dam","50":"PIP All","51":"PIP All","52":"PIP All","53":"PIP All","54":"BI All","55":"BI All","56":"Sec I Dam","57":"BI All","58":"Sec I Dam","59":"BI All","60":"BI All","61":"Sec I Dam","62":"BI All","63":"PIP All","64":"BI All","65":"PIP All","66":"Ho Ext All","67":"PIP All","68":"OTC All","69":"PIP All","70":"Sec I Dam","71":"PD All","72":"MP All","73":"PIP All","74":"PIP All","75":"PIP All","76":"PIP All","77":"BI All","78":"PIP All","79":"BI All"},"Detail LOB":{"0":"Auto Injury      ","1":"Auto Injury      ","2":"Home Sec II      ","3":"Auto Injury      ","4":"Auto Injury      ","5":"Auto Injury      ","6":"Auto Injury      ","7":"Auto Injury      ","8":"Auto Injury      ","9":"Home Sec II      ","10":"Auto Phy Dam     ","11":"Auto Phy Dam     ","12":"Auto Phy Dam     ","13":"Umbrella Injury  ","14":"Home Sec II      ","15":"Auto Injury      ","16":"Auto Injury      ","17":"Auto Injury      ","18":"Home Sec I       ","19":"Home Sec II      ","20":"Home Sec II      ","21":"Home Sec II      ","22":"Auto Injury      ","23":"Auto Phy Dam     ","24":"Home Sec II      ","25":"Auto Injury      ","26":"Home Sec II      ","27":"Auto Injury      ","28":"Home Sec II      ","29":"Home Sec I       ","30":"Auto Phy Dam     ","31":"Auto Phy Dam     ","32":"Auto Phy Dam     ","33":"Home Sec I       ","34":"Marine Phy Dam   ","35":"Home Sec I       ","36":"Auto Injury      ","37":"Home Sec I       ","38":"Auto Injury      ","39":"Home Sec I       ","40":"Home Sec I       ","41":"Dwelling Pol     ","42":"Home Sec I       ","43":"Home Sec I       ","44":"Home Sec I       ","45":"Auto Injury      ","46":"Auto Injury      ","47":"Dwelling Pol     ","48":"Auto Injury      ","49":"Home Sec I       ","50":"Auto Injury      ","51":"Auto Injury      ","52":"Auto Injury      ","53":"Auto Injury      ","54":"Auto Injury      ","55":"Auto Injury      ","56":"Home Sec I       ","57":"Auto Injury      ","58":"Home Sec I       ","59":"Auto Injury      ","60":"Auto Injury      ","61":"Home Sec I       ","62":"Auto Injury      ","63":"Auto Injury      ","64":"Auto Injury      ","65":"Auto Injury      ","66":"Dwelling Pol     ","67":"Auto Injury      ","68":"Auto Phy Dam     ","69":"Auto Injury      ","70":"Home Sec I       ","71":"Home Sec II      ","72":"Auto Injury      ","73":"Auto Injury      ","74":"Auto Injury      ","75":"Auto Injury      ","76":"Auto Injury      ","77":"Auto Injury      ","78":"Auto Injury      ","79":"Auto Injury      "},"Examiner":{"0":"Leydon Examiner, Default","1":"Caldarone, Ryan","2":"Huber, Sarah","3":"Rottler, Alex","4":"Rottler, Alex","5":"Rottler, Alex","6":"Rottler, Alex","7":"Rottler, Alex","8":"Rottler, Alex","9":"Huber, Sarah","10":"Rottler, Alex","11":"Rottler, Alex","12":"Rottler, Alex","13":"Schino, Paul","14":"Huber, Sarah","15":"Rottler, Alex","16":"Keenan, Kelly","17":"Leydon Examiner, Default","18":"Huber, Sarah","19":"Cremer, Brian","20":"Cremer, Brian","21":"Cremer, Brian","22":"Laverty, Michael","23":"Caldarone, Ryan","24":"Cremer, Brian","25":"Laverty, Michael","26":"Macera, Nicholas","27":"Schino, Paul","28":"Huber, Sarah","29":"Huber, Sarah","30":"Leydon Examiner, Default","31":"Laverty, Michael","32":"Caldarone, Ryan","33":"Wahl, Bryce","34":"Cremer, Brian","35":"Huber, Sarah","36":"Rottler, Alex","37":"Cremer, Brian","38":"Caldarone, Ryan","39":"Wahl, Bryce","40":"Cremer, Brian","41":"Cremer, Brian","42":"Cremer, Brian","43":"Huber, Sarah","44":"Wahl, Bryce","45":"Rottler, Alex","46":"Laverty, Michael","47":"Murphy, Christopher","48":"Caldarone, Ryan","49":"Wahl, Bryce","50":"Boudreau, Christina L.R.","51":"Caldarone, Ryan","52":"Laverty, Michael","53":"Laverty, Michael","54":"Caldarone, Ryan","55":"Laverty, Michael","56":"Wahl, Bryce","57":"Laverty, Michael","58":"Wahl, Bryce","59":"Laverty, Michael","60":"Marine, Dustin","61":"Huber, Sarah","62":"Rottler, Alex","63":"Caldarone, Ryan","64":"Laverty, Michael","65":"Caldarone, Ryan","66":"Murphy, Christopher","67":"Laverty, Michael","68":"Laverty, Michael","69":"Boudreau, Christina L.R.","70":"Murphy, Christopher","71":"Murphy, Christopher","72":"Keenan, Kelly","73":"Keenan, Kelly","74":"Keenan, Kelly","75":"Boudreau, Christina L.R.","76":"Keenan, Kelly","77":"Burgoyne, David","78":"Laverty, Michael","79":"Peloquin, Steven"},"Examiner Email":{"0":"-                                                 ","1":"RCALDARONE@AMICA.COM                              ","2":"SHUBER@AMICA.COM                                  ","3":"AROTTLER@AMICA.COM                                ","4":"AROTTLER@AMICA.COM                                ","5":"AROTTLER@AMICA.COM                                ","6":"AROTTLER@AMICA.COM                                ","7":"AROTTLER@AMICA.COM                                ","8":"AROTTLER@AMICA.COM                                ","9":"SHUBER@AMICA.COM                                  ","10":"AROTTLER@AMICA.COM                                ","11":"AROTTLER@AMICA.COM                                ","12":"AROTTLER@AMICA.COM                                ","13":"PSCHINO@AMICA.COM                                 ","14":"SHUBER@AMICA.COM                                  ","15":"AROTTLER@AMICA.COM                                ","16":"KKEENAN@AMICA.COM                                 ","17":"-                                                 ","18":"SHUBER@AMICA.COM                                  ","19":"BCREMER@AMICA.COM                                 ","20":"BCREMER@AMICA.COM                                 ","21":"BCREMER@AMICA.COM                                 ","22":"MLAVERTY@AMICA.COM                                ","23":"RCALDARONE@AMICA.COM                              ","24":"BCREMER@AMICA.COM                                 ","25":"MLAVERTY@AMICA.COM                                ","26":"NMACERA@AMICA.COM                                 ","27":"PSCHINO@AMICA.COM                                 ","28":"SHUBER@AMICA.COM                                  ","29":"SHUBER@AMICA.COM                                  ","30":"-                                                 ","31":"MLAVERTY@AMICA.COM                                ","32":"RCALDARONE@AMICA.COM                              ","33":"BWAHL@AMICA.COM                                   ","34":"BCREMER@AMICA.COM                                 ","35":"SHUBER@AMICA.COM                                  ","36":"AROTTLER@AMICA.COM                                ","37":"BCREMER@AMICA.COM                                 ","38":"RCALDARONE@AMICA.COM                              ","39":"BWAHL@AMICA.COM                                   ","40":"BCREMER@AMICA.COM                                 ","41":"BCREMER@AMICA.COM                                 ","42":"BCREMER@AMICA.COM                                 ","43":"SHUBER@AMICA.COM                                  ","44":"BWAHL@AMICA.COM                                   ","45":"AROTTLER@AMICA.COM                                ","46":"MLAVERTY@AMICA.COM                                ","47":"CMURPHY3@AMICA.COM                                ","48":"RCALDARONE@AMICA.COM                              ","49":"BWAHL@AMICA.COM                                   ","50":"CBOUDREAU@AMICA.COM                               ","51":"RCALDARONE@AMICA.COM                              ","52":"MLAVERTY@AMICA.COM                                ","53":"MLAVERTY@AMICA.COM                                ","54":"RCALDARONE@AMICA.COM                              ","55":"MLAVERTY@AMICA.COM                                ","56":"BWAHL@AMICA.COM                                   ","57":"MLAVERTY@AMICA.COM                                ","58":"BWAHL@AMICA.COM                                   ","59":"MLAVERTY@AMICA.COM                                ","60":"DMARINE@AMICA.COM                                 ","61":"SHUBER@AMICA.COM                                  ","62":"AROTTLER@AMICA.COM                                ","63":"RCALDARONE@AMICA.COM                              ","64":"MLAVERTY@AMICA.COM                                ","65":"RCALDARONE@AMICA.COM                              ","66":"CMURPHY3@AMICA.COM                                ","67":"MLAVERTY@AMICA.COM                                ","68":"MLAVERTY@AMICA.COM                                ","69":"CBOUDREAU@AMICA.COM                               ","70":"CMURPHY3@AMICA.COM                                ","71":"CMURPHY3@AMICA.COM                                ","72":"KKEENAN@AMICA.COM                                 ","73":"KKEENAN@AMICA.COM                                 ","74":"KKEENAN@AMICA.COM                                 ","75":"CBOUDREAU@AMICA.COM                               ","76":"KKEENAN@AMICA.COM                                 ","77":"DBURGOYNE@AMICA.COM                               ","78":"MLAVERTY@AMICA.COM                                ","79":"SPELOQUIN@AMICA.COM                               "},"File Convert Dt":{"0":"1\/10\/2019","1":"1\/10\/2019","2":"1\/9\/2019","3":"1\/10\/2019","4":"1\/10\/2019","5":"1\/10\/2019","6":"11\/15\/2018","7":"11\/15\/2018","8":"11\/15\/2018","9":"1\/9\/2019","10":"11\/15\/2018","11":"11\/15\/2018","12":"11\/15\/2018","13":"1\/8\/2019","14":"10\/10\/2018","15":"5\/26\/2017","16":"11\/15\/2018","17":"7\/24\/2018","18":"1\/4\/2019","19":"1\/7\/2019","20":"1\/7\/2019","21":"1\/7\/2019","22":"6\/12\/2018","23":"1\/7\/2019","24":"12\/13\/2018","25":"7\/26\/2017","26":"1\/2\/2019","27":"1\/2\/2019","28":"1\/7\/2019","29":"1\/3\/2019","30":"12\/5\/2018","31":"11\/30\/2018","32":"12\/5\/2018","33":"10\/31\/2018","34":"12\/18\/2018","35":"11\/8\/2018","36":"1\/8\/2019","37":"10\/16\/2018","38":"1\/9\/2019","39":"10\/15\/2018","40":"10\/18\/2018","41":"10\/4\/2018","42":"11\/7\/2018","43":"9\/17\/2018","44":"9\/2\/2018","45":"7\/9\/2018","46":"1\/2\/2019","47":"8\/27\/2018","48":"1\/10\/2019","49":"5\/29\/2018","50":"7\/18\/2018","51":"11\/20\/2018","52":"10\/29\/2018","53":"10\/29\/2018","54":"8\/22\/2018","55":"1\/8\/2019","56":"1\/30\/2018","57":"1\/9\/2019","58":"3\/29\/2018","59":"11\/7\/2017","60":"8\/16\/2018","61":"8\/21\/2017","62":"1\/9\/2019","63":"9\/27\/2018","64":"1\/10\/2019","65":"11\/26\/2018","66":"1\/13\/2017","67":"1\/24\/2017","68":"10\/13\/2016","69":"10\/25\/2018","70":"6\/10\/2016","71":"2\/22\/2016","72":"2\/21\/2018","73":"2\/21\/2018","74":"12\/10\/2015","75":"11\/2\/2017","76":"8\/7\/2017","77":"5\/15\/2017","78":"1\/9\/2019","79":"8\/27\/2014"},"File Number":{"0":"60002447253","1":"60003413422","2":"60003412585","3":"60003405234","4":"60003405234","5":"60003405234","6":"60003290117","7":"60003290117","8":"60003290117","9":"60003413236","10":"60003290117","11":"60003290117","12":"60003290117","13":"60003412613","14":"60002646118","15":"60002152576","16":"60003008304","17":"60002894778","18":"60003409938","19":"60003410409","20":"60003411386","21":"60003410409","22":"60002825480","23":"60003411832","24":"60003391758","25":"60002378833","26":"60003407054","27":"60003407265","28":"60003400263","29":"60003385668","30":"60003383637","31":"60003366102","32":"60003366133","33":"60003346522","34":"60003334676","35":"60003332495","36":"60003327878","37":"60003326172","38":"60003325826","39":"60003314997","40":"60003314421","41":"60003309036","42":"60003302880","43":"60003285391","44":"60003267430","45":"60003238217","46":"60002724130","47":"60003205962","48":"60003171734","49":"60003176134","50":"60003162371","51":"60003120446","52":"60003166520","53":"60003166520","54":"60003129885","55":"60003035203","56":"60003026128","57":"60002969183","58":"60002966576","59":"60002953280","60":"60002959261","61":"60002903713","62":"60002675893","63":"60002743241","64":"60002678955","65":"60002700460","66":"60002682805","67":"60002677777","68":"60002575608","69":"60002509701","70":"60002490830","71":"60002388605","72":"60002349266","73":"60002349266","74":"60002315148","75":"60002236695","76":"60002211138","77":"60002136939","78":"60001999717","79":"60001301326"},"Insured 1":{"0":"Tony Ajodha","1":"Thomas R. Wisniewski","2":"Gregg Blanchette","3":"Jerry Huang","4":"Jerry Huang","5":"Jerry Huang","6":"Desiree Kelder","7":"Desiree Kelder","8":"Desiree Kelder","9":"Brent Lynn","10":"Desiree Kelder","11":"Desiree Kelder","12":"Desiree Kelder","13":"John Casper","14":"Crystal Lee Thompson","15":"Andrea Olsen","16":"Rhodell Williams","17":"Jesus C. Vinluan","18":"Patrick M. Welsh","19":"Adaobi Nwafor","20":"Josh Diaz De Leon","21":"Adaobi Nwafor","22":"Frank R. Restucci","23":"","24":"David Hammock","25":"Charnee Powell","26":"James La Fleur","27":"Stefanie L. Runlett","28":"Pamela Matthews-Thomas","29":"Kevin Porter","30":"Saikat Joardar","31":"Robert A. Barker","32":"Blanche Margaret Reilly","33":"Robin A. Davis","34":"Glenn H. Blake","35":"J. Mclain Wallace Jr.","36":"Kathy A. Cservek","37":"Robert R. Foss","38":"Matthew C. Lagor","39":"Richard Millman","40":"Paul Scott Ozanus","41":"Jose A. Rodriguez","42":"Daniel F. Karol","43":"Edward J. Wasik","44":"Jeanetter Barnes","45":"Duke Durham","46":"Aundria J. Tenorio","47":"Charles W. K. Haberstroh","48":"Paula Gail Richard","49":"Konstantine Tzavaras","50":"Alan Villano","51":"Margo Jackson","52":"Miriam J. Tineo","53":"Miriam J. Tineo","54":"Ann B. Batson","55":"Wilma Snell","56":"John Fang","57":"Deborah Sue Stypa","58":"Michael W. Riley","59":"Anna Yu","60":"Elizabeth J. Ferrara","61":"Robert Cotton","62":"Jack Gillett","63":"Jecksan Cancel","64":"Viktoriya Sigman","65":"Ruth S. Rodriguez","66":"James B. Shea Jr.","67":"Chauline D. Vernon","68":"Tynyia Tarver","69":"Shantae Clinton","70":"Christopher L. Davison","71":"Hugh D. Van Hengel","72":"William F. Kurtz","73":"William F. Kurtz","74":"Joan F. Turner","75":"Tywana Enshalise Graves","76":"Karmen Lorina Bell","77":"Robert VanZant","78":"Sarim Prom","79":"Ernest Simmons"},"LOB":{"0":"Auto     ","1":"Auto     ","2":"Home     ","3":"Auto     ","4":"Auto     ","5":"Auto     ","6":"Auto     ","7":"Auto     ","8":"Auto     ","9":"Home     ","10":"Auto     ","11":"Auto     ","12":"Auto     ","13":"Umbrella ","14":"Home     ","15":"Auto     ","16":"Auto     ","17":"Auto     ","18":"Home     ","19":"Home     ","20":"Home     ","21":"Home     ","22":"Auto     ","23":"Auto     ","24":"Home     ","25":"Auto     ","26":"Home     ","27":"Auto     ","28":"Home     ","29":"Home     ","30":"Auto     ","31":"Auto     ","32":"Auto     ","33":"Home     ","34":"Marine   ","35":"Home     ","36":"Auto     ","37":"Home     ","38":"Auto     ","39":"Home     ","40":"Home     ","41":"Home     ","42":"Home     ","43":"Home     ","44":"Home     ","45":"Auto     ","46":"Auto     ","47":"Home     ","48":"Auto     ","49":"Home     ","50":"Auto     ","51":"Auto     ","52":"Auto     ","53":"Auto     ","54":"Auto     ","55":"Auto     ","56":"Home     ","57":"Auto     ","58":"Home     ","59":"Auto     ","60":"Auto     ","61":"Home     ","62":"Auto     ","63":"Auto     ","64":"Auto     ","65":"Auto     ","66":"Home     ","67":"Auto     ","68":"Auto     ","69":"Auto     ","70":"Home     ","71":"Home     ","72":"Auto     ","73":"Auto     ","74":"Auto     ","75":"Auto     ","76":"Auto     ","77":"Auto     ","78":"Auto     ","79":"Auto     "},"Loss State":{"0":"Connecticut","1":"Wisconsin","2":"Rhode Island","3":"Texas","4":"Texas","5":"Texas","6":"Oregon","7":"Oregon","8":"Oregon","9":"California","10":"Oregon","11":"Oregon","12":"Oregon","13":"Florida","14":"Rhode Island","15":"Washington","16":"Michigan","17":"Virginia","18":"North Carolina","19":"Texas","20":"Texas","21":"Texas","22":"New York","23":"Colorado","24":"Texas","25":"Pennsylvania","26":"Florida","27":"Florida","28":"California","29":"California","30":"District of Columbia","31":"Massachusetts","32":"South Carolina","33":"Colorado","34":"Florida","35":"North Carolina","36":"Texas","37":"Texas","38":"South Carolina","39":"Georgia","40":"Texas","41":"Texas","42":"Massachusetts","43":"Colorado","44":"Georgia","45":"Texas","46":"Delaware","47":"Connecticut","48":"Pennsylvania","49":"Illinois","50":"New Jersey","51":"Utah","52":"New York","53":"New York","54":"North Carolina","55":"New York","56":"California","57":"New York","58":"Colorado","59":"Massachusetts","60":"Rhode Island","61":"North Carolina","62":"Texas","63":"New Jersey","64":"Pennsylvania","65":"New Jersey","66":"Connecticut","67":"New York","68":"New York","69":"New Jersey","70":"Washington","71":"New York","72":"Florida","73":"Florida","74":"Michigan","75":"New York","76":"New York","77":"Oklahoma","78":"Massachusetts","79":"Connecticut"},"Policy State":{"0":"CONNECTICUT","1":"WISCONSIN","2":"RHODE ISLAND","3":"TEXAS","4":"TEXAS","5":"TEXAS","6":"OREGON","7":"OREGON","8":"OREGON","9":"CALIFORNIA","10":"OREGON","11":"OREGON","12":"OREGON","13":"FLORIDA","14":"RHODE ISLAND","15":"WASHINGTON","16":"MICHIGAN","17":"VIRGINIA","18":"NORTH CAROLINA","19":"TEXAS","20":"TEXAS","21":"TEXAS","22":"NEW YORK","23":"UNKNOWN","24":"TEXAS","25":"PENNSYLVANIA","26":"FLORIDA","27":"CONNECTICUT","28":"CALIFORNIA","29":"CALIFORNIA","30":"DISTRICT OF COLUMBIA","31":"MASSACHUSETTS","32":"SOUTH CAROLINA","33":"COLORADO","34":"FLORIDA","35":"NORTH CAROLINA","36":"TEXAS","37":"TEXAS","38":"SOUTH CAROLINA","39":"GEORGIA","40":"TEXAS","41":"TEXAS","42":"MASSACHUSETTS","43":"COLORADO","44":"GEORGIA","45":"TEXAS","46":"DELAWARE","47":"CONNECTICUT","48":"PENNSYLVANIA","49":"ILLINOIS","50":"NEW JERSEY","51":"UTAH","52":"NEW YORK","53":"NEW YORK","54":"NORTH CAROLINA","55":"NEW YORK","56":"CALIFORNIA","57":"NEW YORK","58":"COLORADO","59":"MASSACHUSETTS","60":"RHODE ISLAND","61":"NORTH CAROLINA","62":"TEXAS","63":"NEW JERSEY","64":"PENNSYLVANIA","65":"NEW JERSEY","66":"CONNECTICUT","67":"NEW YORK","68":"NEW YORK","69":"NEW JERSEY","70":"WASHINGTON","71":"NEW YORK","72":"FLORIDA","73":"FLORIDA","74":"MICHIGAN","75":"GEORGIA","76":"NEW YORK","77":"OKLAHOMA","78":"MASSACHUSETTS","79":"CONNECTICUT"},"Rsv Dt":{"0":"1\/10\/2019","1":"1\/10\/2019","2":"1\/10\/2019","3":"1\/10\/2019","4":"1\/10\/2019","5":"1\/10\/2019","6":"1\/9\/2019","7":"1\/9\/2019","8":"1\/9\/2019","9":"1\/9\/2019","10":"1\/9\/2019","11":"1\/9\/2019","12":"1\/9\/2019","13":"1\/8\/2019","14":"1\/8\/2019","15":"1\/8\/2019","16":"1\/8\/2019","17":"1\/8\/2019","18":"1\/8\/2019","19":"1\/7\/2019","20":"1\/7\/2019","21":"1\/7\/2019","22":"1\/7\/2019","23":"1\/7\/2019","24":"1\/4\/2019","25":"1\/3\/2019","26":"1\/2\/2019","27":"1\/2\/2019","28":"1\/7\/2019","29":"1\/3\/2019","30":"1\/10\/2019","31":"1\/8\/2019","32":"1\/9\/2019","33":"1\/3\/2019","34":"1\/7\/2019","35":"1\/4\/2019","36":"1\/8\/2019","37":"1\/3\/2019","38":"1\/9\/2019","39":"1\/8\/2019","40":"1\/3\/2019","41":"1\/7\/2019","42":"1\/10\/2019","43":"1\/9\/2019","44":"1\/4\/2019","45":"1\/10\/2019","46":"1\/2\/2019","47":"1\/7\/2019","48":"1\/10\/2019","49":"1\/7\/2019","50":"1\/4\/2019","51":"1\/8\/2019","52":"1\/4\/2019","53":"1\/4\/2019","54":"1\/9\/2019","55":"1\/8\/2019","56":"1\/8\/2019","57":"1\/9\/2019","58":"1\/7\/2019","59":"1\/10\/2019","60":"1\/10\/2019","61":"12\/20\/2018","62":"1\/9\/2019","63":"1\/9\/2019","64":"1\/10\/2019","65":"1\/9\/2019","66":"1\/8\/2019","67":"1\/8\/2019","68":"12\/27\/2018","69":"1\/10\/2019","70":"1\/3\/2019","71":"1\/10\/2019","72":"1\/3\/2019","73":"1\/3\/2019","74":"1\/9\/2019","75":"1\/4\/2019","76":"1\/8\/2019","77":"1\/10\/2019","78":"1\/9\/2019","79":"1\/8\/2019"},"Claim Cnt":{"0":1,"1":1,"2":1,"3":1,"4":1,"5":1,"6":1,"7":1,"8":1,"9":1,"10":1,"11":1,"12":1,"13":1,"14":1,"15":1,"16":1,"17":1,"18":1,"19":1,"20":1,"21":1,"22":1,"23":1,"24":1,"25":1,"26":1,"27":1,"28":1,"29":1,"30":1,"31":1,"32":1,"33":1,"34":1,"35":1,"36":1,"37":1,"38":1,"39":1,"40":1,"41":1,"42":1,"43":1,"44":1,"45":1,"46":1,"47":1,"48":1,"49":1,"50":1,"51":1,"52":1,"53":1,"54":1,"55":1,"56":1,"57":1,"58":1,"59":1,"60":1,"61":1,"62":1,"63":1,"64":1,"65":1,"66":1,"67":1,"68":1,"69":1,"70":1,"71":1,"72":1,"73":1,"74":1,"75":1,"76":1,"77":1,"78":1,"79":1}}