License Type,Enabled Users,AID,Cnt
Client - Reporter,-,,1
Client - Web,"Adhikari, Prasanna",A031576,1
Client - Web,"Agnoli, Joseph",A14228,1
Client - Web,"Andrade, Kevin",A19591,1
Client - Web,"Crozier, Todd",A11636,1
Client - Web,"Cruz Cabrera, Rosangel",A032667,1
Client - Web,CSI Security,CSI,1
Client - Web,"Cureton, Asya",A032097,1
Client - Web,"Daigle, Benjamin",A10819,1
Client - Web,"Dailey, Cornelius",A032664,1
Client - Web,"DaSilva, Manoel",A9710,1
Client - Web,"Davenport, William",A12514,1
Client - Web,"Davis, Dante",A19314,1
Client - Web,"Davis, Talia",A032666,1
Client - Web,"Andrews, Santino",A032358,1
Client - Web,"Davis, Tyler",A10818,1
Client - Web,"De Buono, Alison",A16216,1
Client - Web,"De Salvo, Steven",A6319,1
Client - Web,"DeBarros, Angela",A031059,1
Client - Web,"DeCubellis, Lisa",A3263,1
Client - Web,"Deems, David",A17829,1
Client - Web,"Dempsey, Kara",A16696,1
Client - Web,"Dent, Alena",A19563,1
Client - Web,"D'Eramo, Leandra",A15691,1
Client - Web,"DeRosa, Donna",A6391,1
Client - Web,"Angulo, Laura",A031075,1
Client - Web,"DeSanto, Sean",A15921,1
Client - Web,"Desrosiers, Michelle",A14900,1
Client - Web,"Desrosiers, Sally",A13218,1
Client - Web,"Deziel, Julie",A9741,1
Client - Web,"Dickerson, Lorrie",A031708,1
Client - Web,"Disner, Delana",A17051,1
Client - Web,"Doblitz, Michele-Angella",A18861,1
Client - Web,"Doodian, Edward",A9205,1
Client - Web,"Dos Reis, Patricia",A11730,1
Client - Web,"Doyle, William",A4859,1
Client - Web,"Anthony, Kelly",A9072,1
Client - Web,"Drezek, Stefvan",A3062,1
Client - Web,"Drogan, Peter",A1786,1
Client - Web,"Duffy, Jeremy",A15743,1
Client - Web,"Duggan, Mary",A13376,1
Client - Web,"DuPont, Dinari",A10389,1
Client - Web,"Durr, Ryan",A033166,1
Client - Web,"Dyer, M Michelle",A7842,1
Client - Web,"Eason, Tolisha",A17907,1
Client - Web,"Edouard, Thelma",A14000,1
Client - Web,"Eldridge, Colby",A11557,1
Client - Web,"Armstrong, Ryan",A19248,1
Client - Web,"Ellis, Michele",A031705,1
Client - Web,"Engelbert, Tracy",A5768,1
Client - Web,"Enzmann, Olivia",A030476,1
Client - Web,"Ephraim, LaShaneika",A20003,1
Client - Web,"Ernst, Eric",A9075,1
Client - Web,"Espie, Michael",A9311,1
Client - Web,"Evan-Cook, Angelica",A034304,1
Client - Web,"Evers, Henry",A030470,1
Client - Web,"Falkowski, Kelly",A3143,1
Client - Web,"Famiglietti, Andrew",A16536,1
Client - Web,"Arthurs, Christopher",A11099,1
Client - Web,"Fatcheric, Andrew",A17668,1
Client - Web,"Fede, Michael",A19252,1
Client - Web,"Ferry, Kristine",A9148,1
Client - Web,"Finsterbush, Barkley",A030020,1
Client - Web,"Fiori, Judith",A4098,1
Client - Web,"Firsch, Ashley",A20069,1
Client - Web,"Fitzgerald, William",A8516,1
Client - Web,"Flannelly, Kailey",A033534,1
Client - Web,"Fleming, Nicole",A16873,1
Client - Web,"Flynn, Gerald",A9678,1
Client - Web,"Ascoli, Kimberly",A030532,1
Client - Web,"Foss, Christopher",A9633,1
Client - Web,"Foss, Robert",A5655,1
Client - Web,"Francisco, Alexander",A030090,1
Client - Web,"French, Abigail",A18600,1
Client - Web,"Frink, Karyn",A8836,1
Client - Web,"Fry, Joshua",A033167,1
Client - Web,"Funaro, Michael",A8750,1
Client - Web,"Gader, Brett",A15687,1
Client - Web,"Gagne, Gillian",A030091,1
Client - Web,"Gagnon, Jeffrey",A4737,1
Client - Web,"Awan, S. Shameem",A9630,1
Client - Web,"Gamache, Sara",A032191,1
Client - Web,"Gandler, Adam",A9500,1
Client - Web,"Gannon, Sean",A031706,1
Client - Web,"Garba, Christopher",A19597,1
Client - Web,"Gaskins, Chelsea",A17909,1
Client - Web,"Gattuso, David",A6036,1
Client - Web,"Gaudette, Jennifer",A17575,1
Client - Web,"Gauvin, Bianca",A20072,1
Client - Web,"Gerardi, Timothy",A5417,1
Client - Web,"Gerheim, Kate",A13112,1
Client - Web,"Aylmer, Brittany",A031857,1
Client - Web,"Geyer, Leigh-Ann",A4842,1
Client - Web,"Gillerlane, Michael",A3234,1
Client - Web,"Giorgio, Chelsea",A19250,1
Client - Web,"Glazier, Samuel",A20005,1
Client - Web,"Gomes, Michelle",A19286,1
Client - Web,"Gomez, Byron",A18498,1
Client - Web,"Gonsalves, Jason",A13307,1
Client - Web,"Gonzalez, Rafael",A033786,1
Client - Web,"Goodale, Thomas",A1809,1
Client - Web,"Gorham, Erik",A030806,1
Client - Web,"Bailon, Andrew",T033270,1
Client - Web,"Gottier, Jacob",A16210,1
Client - Web,"Gray, Karen",A5758,1
Client - Web,"Grikas, John",A1104,1
Client - Web,"Grosnick, Sarah",A14483,1
Client - Web,"Grundy, Mark",A14688,1
Client - Web,"Guci, Nicole",A032046,1
Client - Web,"Guzman, Stephanie",A034342,1
Client - Web,"Gwinup, Jeffrey",A034343,1
Client - Web,"Hachey, Justin",A17394,1
Client - Web,"Hadi, Breann",A14612,1
Client - Web,"Agosu, Omolola",A18212,1
Client - Web,"Bakine, Ornis",A031278,1
Client - Web,"Hale, Christine",A5241,1
Client - Web,"Halnen, Kelly",A034344,1
Client - Web,"Hamilton, Nicholas",A19564,1
Client - Web,"Hanley, Kathleen Gillerlane",A9935,1
Client - Web,"Harclerode, Amanda",A16256,1
Client - Web,"Harrison, Mark",A2999,1
Client - Web,"Hartman, Michael",A5621,1
Client - Web,"Haskell, Chelsea",A19566,1
Client - Web,"Hassell, Lewis",A4293,1
Client - Web,"Hatala, Adrianna",A16557,1
Client - Web,"Balkissoon, Devindra",A17331,1
Client - Web,"Hawkins, Theophilus",A16902,1
Client - Web,"Hayes, Kirstin",A030808,1
Client - Web,"Haynes, Savanna",A033549,1
Client - Web,"Heinold, Daniel",A8998,1
Client - Web,"Hendrickson, Cristina",A12359,1
Client - Web,"Hilsendager, Sarah",A11750,1
Client - Web,"Hirschauer, Lindsay",A19568,1
Client - Web,"Holder, Van Simone",A031282,1
Client - Web,"Holley, William",A031745,1
Client - Web,"Holt, Stacy",A12769,1
Client - Web,"Ball, Katherine",A031694,1
Client - Web,"Homsi, Keenan",A13703,1
Client - Web,"Horta, Keri",A19186,1
Client - Web,"Hosenfeld, Jeffrey",A14040,1
Client - Web,"Hribar, Frank",A7246,1
Client - Web,"Huber, Sarah",A14024,1
Client - Web,"Hughes, Audrey",A9923,1
Client - Web,"Hughes, Melanie",A5874,1
Client - Web,"Huling, William",A6210,1
Client - Web,"Hunter, Craig",A18496,1
Client - Web,"Hutchinson, Jennifer",A11709,1
Client - Web,"Baltzer, Karen",A7176,1
Client - Web,"Ike, Francis",A19980,1
Client - Web,"Izraeli, Zachary",A032632,1
Client - Web,"Jackson, Carey",A13249,1
Client - Web,"Jackson, Spencer",A14939,1
Client - Web,"Jadin, Melissa",A6118,1
Client - Web,"James, Shauntae",A17890,1
Client - Web,"Jastremski, Stephen",A19438,1
Client - Web,"Jean, Daniel",A17613,1
Client - Web,"Jeffords, Regan",A17114,1
Client - Web,"Jergenson, Matthew",A19288,1
Client - Web,"Bandi, Praveen",T032160,1
Client - Web,"Johnson, Caroline",A14823,1
Client - Web,"Johnson, Samantha",A032634,1
Client - Web,"Jones, Jeffrey",A12989,1
Client - Web,"Joyner, Nathan",A13005,1
Client - Web,"Kaufman, Kara",A17645,1
Client - Web,"Kelleher, Jordan",A19572,1
Client - Web,"Kelly, Elizabeth",A10292,1
Client - Web,"Kleinman, Phillip",A033124,1
Client - Web,"Kleinman, William",A20040,1
Client - Web,"Kluberdanz, Marla",A9374,1
Client - Web,"Barrett, Thomas",A11747,1
Client - Web,"Knowles, Naomi",A7801,1
Client - Web,"Kogut, Stephen",A17664,1
Client - Web,"Komsa, Nicholas",A031755,1
Client - Web,"Konkle, Marvin",A7524,1
Client - Web,"Konop, Krystina",A030092,1
Client - Web,"Koppmann, James",A8754,1
Client - Web,"Kotler, Kellen",A16685,1
Client - Web,"Koza, William",A033128,1
Client - Web,"Kropp, Adam",A12765,1
Client - Web,"Kumar, Sasi",A10423,1
Client - Web,"Barthel, Gregory",A16687,1
Client - Web,"Kuniegel, Mitzi",A8225,1
Client - Web,"Labrie, Glen",A13300,1
Client - Web,"Lafrenaye, Marc",A9767,1
Client - Web,"Laird, Kevin",A10299,1
Client - Web,"Lambert, Christopher",A12611,1
Client - Web,"Lambis, Jorge",A14983,1
Client - Web,"Landells, Brett",A12509,1
Client - Web,"Landeros, Jhocelyn",A030816,1
Client - Web,"Langevin, Kristopher",A032638,1
Client - Web,"Lanni, Catherine",A15629,1
Client - Web,"Bednarz, Daniel",A19077,1
Client - Web,"Laster, Debra",A033570,1
Client - Web,"LaVallee, Michael",A034329,1
Client - Web,"Laven, Julie",A17120,1
Client - Web,"Laverty, Michael",A13204,1
Client - Web,"Leaym, Jennifer",A12745,1
Client - Web,"Ledoux, Corey",A15655,1
Client - Web,"Lee, Jared",A15496,1
Client - Web,"Lee, Robert",A12891,1
Client - Web,"Lee, Stephanie",A032391,1
Client - Web,"Lerner, Shelby",A19341,1
Client - Web,"Begin, Megan",A16215,1
Client - Web,"Leroux, Brian",A10713,1
Client - Web,"Letourneau, Roland",A4618,1
Client - Web,"Lewandowski, Melissa",A10061,1
Client - Web,"Lewis, Lexandre",A18190,1
Client - Web,"Leydon, Justin",A13405,1
Client - Web,"Lloyd, Anissa",A12419,1
Client - Web,"Lorenzen, Tyler",A034354,1
Client - Web,"Lowry, Sara",A20007,1
Client - Web,"Lynch, Cynthia",A5170,1
Client - Web,"Lynch, Daniel",A5702,1
Client - Web,"Bennett, Anne",A16563,1
Client - Web,"Maaz, Joshua",A12314,1
Client - Web,"MacConnell, David",A1692,1
Client - Web,"Macdonald-Conill, Kim",A3580,1
Client - Web,"Macera, Nicholas",A13535,1
Client - Web,"Macgregor, Bernadette",A19385,1
Client - Web,"Mackey, Lory",A6228,1
Client - Web,"Mackowitz, Eric",A12868,1
Client - Web,"Mahoney, Kimberley",A13883,1
Client - Web,"Malaro, Kelly",A15290,1
Client - Web,"Manchester, Meredith",A031893,1
Client - Web,"Ahmed, Nahla",A16689,1
Client - Web,"Benoit, Derek",A5215,1
Client - Web,"Mann, Ronald",A033849,1
Client - Web,"Marine, Dustin",A15670,1
Client - Web,"Marshall, Desire",A030481,1
Client - Web,"Martin, Ashley",A031714,1
Client - Web,"Martin, John",A1238,1
Client - Web,"Maslyn, Emily",A17181,1
Client - Web,"Maynard, Laurie Ann",A6981,1
Client - Web,"McCann, Shatoiya",A18188,1
Client - Web,"McCartin, Kelli",A17922,1
Client - Web,"McClary, Tara",A12986,1
Client - Web,"Benson, Andrew",A13297,1
Client - Web,"McCullough, Tommy",A031623,1
Client - Web,"McCusker, Nathan",A12978,1
Client - Web,"McDonald, Tashonda",A032639,1
Client - Web,"McGraw, Elizabeth",A19452,1
Client - Web,"McIntosh, Kaylee",A033126,1
Client - Web,"McKee, Desire",A13607,1
Client - Web,"McLaren, Nicholas",A16077,1
Client - Web,"McLoud, Kurt",A13886,1
Client - Web,"McNaney, Steven",A12267,1
Client - Web,"McSweeney, Samantha",A030550,1
Client - Web,"Berard, Scott",A4296,1
Client - Web,"Medoff, Emily",A034353,1
Client - Web,"Meller, Peter",A9367,1
Client - Web,"Mellino, Benjamin",A12541,1
Client - Web,"Messier, Kyle",A20219,1
Client - Web,"Messina, Brent",A031715,1
Client - Web,"Metivier, James",A1418,1
Client - Web,"Mi, Tuon",A15080,1
Client - Web,"Michel, Stephen",A20065,1
Client - Web,"Miller, Alexis",A19569,1
Client - Web,"Miller, Erik",A14869,1
Client - Web,"Berk, Todd",A11936,1
Client - Web,"Miller, Ian",A032049,1
Client - Web,"Mohn, Samantha",A032098,1
Client - Web,"Montagino, Catherine",A17600,1
Client - Web,"Mooney, Edward",A18512,1
Client - Web,"Mooney, Mallory",A18387,1
Client - Web,"Moore, Kris",A19531,1
Client - Web,"Moore, Robbie",A16329,1
Client - Web,"Morin, Lauren",A13108,1
Client - Web,"Morse, Laura",A19947,1
Client - Web,"Mujoria, Nikhilesh",A033282,1
Client - Web,"Berthod, Andrew",A18351,1
Client - Web,"Mulholland, James",A2265,1
Client - Web,"Mulrain, Neal",A12540,1
Client - Web,"Mundy, Sarah",A18796,1
Client - Web,"Murphy, Brian",A12805,1
Client - Web,"Murphy, Christopher",A12746,1
Client - Web,"Murphy, James",A4546,1
Client - Web,"Muto, Christina M.P.",A5791,1
Client - Web,"Mycroft, Derek",A14092,1
Client - Web,"Myers, Erica",A9274,1
Client - Web,"Nagy, David",A7277,1
Client - Web,"Bianco, Keila",A12068,1
Client - Web,"Neaves, Joseph",A15098,1
Client - Web,"Newton, Kevin",A033576,1
Client - Web,"Nguyen, Blake",A030482,1
Client - Web,"Noble, Brittany",A14044,1
Client - Web,"Norsek, Stephen",A9188,1
Client - Web,"Norton, Brian",A8997,1
Client - Web,"Noviello, Anthony",A4616,1
Client - Web,"Nunes, Taylor",A031843,1
Client - Web,"O'Brien, Gregory",A8624,1
Client - Web,"O'Brien, Shannon",A2632,1
Client - Web,"Bibb Lyke, Janet",A10930,1
Client - Web,"O'Connor, James",A9464,1
Client - Web,"Oleski, Elaine",A032282,1
Client - Web,"Oliva-Ramage, Lina",A9940,1
Client - Web,"Olney, Allan",A4083,1
Client - Web,"Ormsbee, Jonathan",A033068,1
Client - Web,"Ortiz Guzman, Dayna",A031712,1
Client - Web,"Ortiz Guzman, Iris",A15840,1
Client - Web,"Overholtzer, Kathryn",A18545,1
Client - Web,"Pace, Doreen",A1796,1
Client - Web,"Palmer, Kyle",A17888,1
Client - Web,"Blanco, Gabrielle",A032044,1
Client - Web,"Pannala, Mahipal",T034555,1
Client - Web,"Paredes, Alvaro",A11950,1
Client - Web,"Passacantando, Lianne",A16595,1
Client - Web,"Patangay, Abhishek",T17655,1
Client - Web,"Patruno, Lindsey",A18562,1
Client - Web,"Patterson, Michael",A9346,1
Client - Web,"Paulekas, Kevin",A18874,1
Client - Web,"Peer, Jennifer",A16297,1
Client - Web,"Peloquin, Steven",A15462,1
Client - Web,"Pelzman, Steven",A19599,1
Client - Web,"Blie, Victoria",A11116,1
Client - Web,"Pennacchia Jr, Michael",A032885,1
Client - Web,"Peralta, Daniel",A14439,1
Client - Web,"Perreault, Rebecca",A10997,1
Client - Web,"Peterkin, Rickeia",A030484,1
Client - Web,"Petrarca, Michael",A10186,1
Client - Web,"Pezzillo, Ashley",A17073,1
Client - Web,"Pfeiffer, Brian",A14226,1
Client - Web,"Piatti, Cynthia",A5118,1
Client - Web,"Picard, Neal",A031418,1
Client - Web,"Pietch, Amy",A15958,1
Client - Web,"Bodkin, Randall",A12197,1
Client - Web,"Pinney, Amy",A10700,1
Client - Web,"Pitt, Katrina",A19595,1
Client - Web,"Pitts, William",A12713,1
Client - Web,"Pope, Michelle",A1951,1
Client - Web,"Posocco, Kayla",A16587,1
Client - Web,"Prario, David",A8618,1
Client - Web,"Price, Deirdre",A033317,1
Client - Web,"Provost, Christopher",A031717,1
Client - Web,"Pruett, Teri",A7660,1
Client - Web,"Purcell, Timothy",A9194,1
Client - Web,"Aime, Wa'Tesha",A16707,1
Client - Web,"Boualapha, Joy",A12984,1
Client - Web,"Qian, Maxwell",A033673,1
Client - Web,"Qiu, Yiguang",A9184,1
Client - Web,"Quarles, Alan",A9719,1
Client - Web,"Quednau, Jamie",A19404,1
Client - Web,"Raffan, Sharon",A5892,1
Client - Web,"Raicik, John",A5202,1
Client - Web,"Ralston, Shaun",A8999,1
Client - Web,"Ramos, Debra",A8207,1
Client - Web,"Rampone, Bridget",A15110,1
Client - Web,"Rasmussen, Linda",A11214,1
Client - Web,"Boudreau, Christina L.R.",A10643,1
Client - Web,"Rego, Cristin",A9014,1
Client - Web,"Reichley, John",A3242,1
Client - Web,"Renaud, Kate",A11781,1
Client - Web,"Reynolds, Britney",A034300,1
Client - Web,"Rhoades, Connor",A031320,1
Client - Web,"Richardson, Brittany",A18881,1
Client - Web,"Richardson, Michelle",A11495,1
Client - Web,"Richer, Cameron",A17626,1
Client - Web,"Richmond-Dawkins, Christopher",A033143,1
Client - Web,"Riggs, James",A14937,1
Client - Web,"Boudreaux, James",A12553,1
Client - Web,"Rimshaw, Colin",A17893,1
Client - Web,"Roberson, Mary",A15805,1
Client - Web,"Roche, Patricia",A8535,1
Client - Web,"Rodo, Marisa",A19592,1
Client - Web,"Rodriguez, Loyda",A10361,1
Client - Web,"Rome, Regan",A033957,1
Client - Web,"Romm, Carrie",A10556,1
Client - Web,"Rottler, Alex",A16609,1
Client - Web,"Rounds, Donna",A1425,1
Client - Web,"Rowan, Patrick",A031718,1
Client - Web,"Bousquet, Jennifer",A030120,1
Client - Web,"Roy, Keighan",A034303,1
Client - Web,"Rueda, Vanessa",A032052,1
Client - Web,"Russell, James",A14781,1
Client - Web,"Russo, Maria",A033551,1
Client - Web,"Ruster, Sharon",A8693,1
Client - Web,"Ryan, Joseph",A19594,1
Client - Web,"Sabourin, Ryan",A17678,1
Client - Web,"Sadowski, Angela",A9411,1
Client - Web,"Saffelle, Alyson",A15116,1
Client - Web,"Schino, Paul",A9103,1
Client - Web,"Bradley, John",A034305,1
Client - Web,"Schmitt, Michael",A16883,1
Client - Web,"Scotti, Jonathan",A14299,1
Client - Web,SCS Subscription,SCS_Subscription,1
Client - Web,"Seder, Evan",A032631,1
Client - Web,"Seither, Elizabeth",A030542,1
Client - Web,"Sexton, Kieran",A030823,1
Client - Web,"Shaffer, Pamela",A16913,1
Client - Web,"Shaw, Adam",A13533,1
Client - Web,"Shead, Ariel",A19296,1
Client - Web,"Shepard, Duncan",A16695,1
Client - Web,"Brennan, Meagan",A16920,1
Client - Web,"Sherer, Michael",A15685,1
Client - Web,"Sherring, James",A4252,1
Client - Web,"Siegfried, John",A16357,1
Client - Web,"Silva, Acel",A12767,1
Client - Web,"Simons, Christopher",A5505,1
Client - Web,"Simons, Robert",A030908,1
Client - Web,"Simpson, Irene",A2096,1
Client - Web,"Skerry Leonard, Mikhaila",A17012,1
Client - Web,"Slaughter, Samantha",A19308,1
Client - Web,"Small, Kelly",A8899,1
Client - Web,"Bridges, Diane",A4254,1
Client - Web,"Smart, Patrick",A19074,1
Client - Web,"Smith, Amy",A10417,1
Client - Web,"Smith, Caleb",A032053,1
Client - Web,"Smith, Daren",A14988,1
Client - Web,"Smith, Leesa",A8253,1
Client - Web,"Smith, Sarah",A16694,1
Client - Web,"Smith, Shawn",A11366,1
Client - Web,"Smith, Sterling",A16069,1
Client - Web,"Smolan, Alexander",A032054,1
Client - Web,"Snow, Madeline",A034356,1
Client - Web,"Brissette, Ian",A031279,1
Client - Web,"Somaru, Kudarie",A17340,1
Client - Web,"Somers-McKeever, Amy",A030505,1
Client - Web,"Soodini, Ramu",A19559,1
Client - Web,"Souza, Jennifer",A032895,1
Client - Web,"Speice, Tara",A11809,1
Client - Web,"Spence, Kelly",A031734,1
Client - Web,"St. Francis, Kelly",A14959,1
Client - Web,"St. Onge, Lisa",A6166,1
Client - Web,"Starr, Jesse",A13679,1
Client - Web,"Stevens, Sabrina",A032633,1
Client - Web,"Brittin, Matthew",A16213,1
Client - Web,"Stickelman, Allyson",A12212,1
Client - Web,"Stolte, Rebecca",A11722,1
Client - Web,"Streiff, Sarah",A16922,1
Client - Web,"Sullivan, Patrick",A13677,1
Client - Web,"Swanson, Michael",A14278,1
Client - Web,"Sweet, Erika",A033670,1
Client - Web,"Swiergosz, Aaron",A034364,1
Client - Web,"Tannheimer, Melissa",A031736,1
Client - Web,"Taylor, Andrew",A13216,1
Client - Web,"Teece, Jeffrey",A7268,1
Client - Web,"Brown, Larry",A3075,1
Client - Web,"Teevin, James",A6357,1
Client - Web,"Terry, Joshua",A11178,1
Client - Web,"Thompson, Denise",A12643,1
Client - Web,"Tierney, Carolyn",A2223,1
Client - Web,"Tillinghast, Zuhairah",A10580,1
Client - Web,"Torres, Leslie",A034357,1
Client - Web,"Tretler, Britanie",A19187,1
Client - Web,"Trigo, Lu Ann",A1514,1
Client - Web,"Troxell, Kristy",A17063,1
Client - Web,"Turner, Sheela",A6392,1
Client - Web,"Albert, Cydney",A14425,1
Client - Web,"Brown, Stephanie",A9127,1
Client - Web,"Valentini, Lee",A5535,1
Client - Web,"Vallejo, Johan",A20012,1
Client - Web,"Van Gorden, Kathleen",A15904,1
Client - Web,"Van Kooten, Thomas",A030485,1
Client - Web,"Vasquez, Jodi",A9159,1
Client - Web,"Villacorta, Luciana",A18878,1
Client - Web,"Vincent, Michael",A17355,1
Client - Web,VisixMstratSVC,VisixMstratSVC,1
Client - Web,"Vito, Benjamin",A030093,1
Client - Web,"Wacenske, Quinn",A16477,1
Client - Web,"Brown, Timothy",A5832,1
Client - Web,"Waddell, J. Alexandria",A16885,1
Client - Web,"Wahl, Bryce",A14993,1
Client - Web,"Wahl, Deanna",A14991,1
Client - Web,"Waldner, Robert",A12408,1
Client - Web,"Walker, Kwame",A19838,1
Client - Web,"Wallace, Robert",A9126,1
Client - Web,"Waller, Shakeyta",A033154,1
Client - Web,"Wallin, Steven",A15102,1
Client - Web,"Walsh, Michael",A16479,1
Client - Web,"Walsingham, Amy",A16219,1
Client - Web,"Browne, Aaron",A033645,1
Client - Web,"Walters, Landen",A033631,1
Client - Web,"Wang, William",A033155,1
Client - Web,"Ward, Michelle",A9604,1
Client - Web,"Ware, Katherine",A13440,1
Client - Web,"Welch, Sean",A5220,1
Client - Web,"Wells, Patricia",A9969,1
Client - Web,"Wesselhoeft, Conrad",A8887,1
Client - Web,"White, Andrew",A2846,1
Client - Web,"White, Kelley",A032635,1
Client - Web,"White, Savannah",A15003,1
Client - Web,"Bruno, Elizabeth",A18587,1
Client - Web,"Whitehurst, Kierstyn",A18882,1
Client - Web,"Wilkins, Rigby",A18550,1
Client - Web,"Willette, Gabrielle",A16976,1
Client - Web,"Winfree, Gloria",A6848,1
Client - Web,"Winn, Michele",A8550,1
Client - Web,"Wojtowicz, Bryan",A15052,1
Client - Web,"Wood, Tony",A14952,1
Client - Web,"Wortz, Kylie",A18682,1
Client - Web,"Young, Jacob",A032058,1
Client - Web,"Young, Nicole",A2375,1
Client - Web,"Bui, Lina",A17905,1
Client - Web,"Zeigler, Nicholas",A033345,1
Client - Web,"Zerba, James",A1101,1
Client - Web,"Zerba, Mark",A8621,1
Client - Web,"Zhang, Yun",A20250,1
Client - Web,"Zhu, Liu",A034546,1
Client - Web,"Zhu, Ying",A19839,1
Client - Web,"Zientara, Raymond",A9447,1
Client - Web,"Zimmer, Erica",A9176,1
Client - Web,"Zuffoletti, Philip",A9797,1
Client - Web,"Zwyer, Jessica",A15007,1
Client - Web,"Burgoyne, David",A15955,1
Client - Web,"Burr, Hannah",A15954,1
Client - Web,"Buttermore, Kristen",A16691,1
Client - Web,"Butts, Holly",A033387,1
Client - Web,"Cahill, Sean",A9463,1
Client - Web,"Allen, Caitlin",A16947,1
Client - Web,"Caldarone, Ryan",A15661,1
Client - Web,"Calouro, Timothy",A15469,1
Client - Web,"Cannon, Parrish",A6954,1
Client - Web,"Cape, Kelly",A11277,1
Client - Web,"Carnevale, Frank",A5555,1
Client - Web,"Carvill, James",A10585,1
Client - Web,"Casey, Brandon",A16911,1
Client - Web,CED Subscription,CED_Subscription,1
Client - Web,"Chadwell, Kimberly",A15693,1
Client - Web,"Chiappinelli, Karen",A9296,1
Client - Web,"Alton, Jessica",A15037,1
Client - Web,"Chickene, Alexa",A030453,1
Client - Web,"Childs, Timothy",A12609,1
Client - Web,"Chintamaneni, Balaji",A032589,1
Client - Web,"Chi-Ukpai, Chinanu",A18208,1
Client - Web,"Chofay, Devon",A034298,1
Client - Web,"Chowdhury, Mohammed",A030028,1
Client - Web,"Clark, Christopher",A14277,1
Client - Web,"Clark, Maxime",A031701,1
Client - Web,"Clark, Sonja",A14475,1
Client - Web,"Claxton, Kristie",A3311,1
Client - Web,"Alvarado, Raymond",A19554,1
Client - Web,"Clemente, Stephanie",A15012,1
Client - Web,"Cloutier, Cory",A16889,1
Client - Web,"Cobb, Kevin",A9785,1
Client - Web,"Cochran, Amanda",A17397,1
Client - Web,"Colaluca, Andrew",A030053,1
Client - Web,"Collette, Susan",A9557,1
Client - Web,"Collins, Joseph",A030030,1
Client - Web,"Colvin, Bryanca",A17057,1
Client - Web,"Conley, Hannah",A030804,1
Client - Web,"Connors, Andrew",A17088,1
Client - Web,"Amaral, Kevin",A032588,1
Client - Web,"Connors, Bridget",A16237,1
Client - Web,"Cook, Nicole",A8839,1
Client - Web,"Corson, Sean",A12776,1
Client - Web,"Costa, Bruno",A15953,1
Client - Web,"Cotten, Sharon",A9642,1
Client - Web,"Cowell, Carla",A17873,1
Client - Web,"Craig, Matthew",A030457,1
Client - Web,"Craveiro, Joseph",A13538,1
Client - Web,"Cremer, Brian",A9361,1
Client - Web,"Cronin, Matthew",A9280,1
Client - Application,"Adhikari, Prasanna",A031576,1
Client - Application,"Bailon, Andrew",T033270,1
Client - Application,"Pannala, Mahipal",T034555,1
Client - Application,"Patangay, Abhishek",T17655,1
Client - Application,"Soodini, Ramu",A19559,1
Client - Mobile,"Adhikari, Prasanna",A031576,1
Client - Mobile,"Awan, S. Shameem",A9630,1
Client - Mobile,"Desrosiers, Michelle",A14900,1
Client - Mobile,"Doyle, William",A4859,1
Client - Mobile,"DuPont, Dinari",A10389,1
Client - Mobile,"Fitzgerald, William",A8516,1
Client - Mobile,"Foss, Christopher",A9633,1
Client - Mobile,"Foss, Robert",A5655,1
Client - Mobile,"Gattuso, David",A6036,1
Client - Mobile,"Gillerlane, Michael",A3234,1
Client - Mobile,"Goodale, Thomas",A1809,1
Client - Mobile,"Grundy, Mark",A14688,1
Client - Mobile,"Bailon, Andrew",T033270,1
Client - Mobile,"Hassell, Lewis",A4293,1
Client - Mobile,"Holt, Stacy",A12769,1
Client - Mobile,"Hribar, Frank",A7246,1
Client - Mobile,"Huling, William",A6210,1
Client - Mobile,"Jadin, Melissa",A6118,1
Client - Mobile,"Jastremski, Stephen",A19438,1
Client - Mobile,"Konkle, Marvin",A7524,1
Client - Mobile,"Koppmann, James",A8754,1
Client - Mobile,"Labrie, Glen",A13300,1
Client - Mobile,"LaVallee, Michael",A034329,1
Client - Mobile,"Barrett, Thomas",A11747,1
Client - Mobile,"Martin, John",A1238,1
Client - Mobile,"McClary, Tara",A12986,1
Client - Mobile,"McGraw, Elizabeth",A19452,1
Client - Mobile,"McNaney, Steven",A12267,1
Client - Mobile,"Mellino, Benjamin",A12541,1
Client - Mobile,"Metivier, James",A1418,1
Client - Mobile,"Mujoria, Nikhilesh",A033282,1
Client - Mobile,"Noviello, Anthony",A4616,1
Client - Mobile,"O'Brien, Gregory",A8624,1
Client - Mobile,"O'Brien, Shannon",A2632,1
Client - Mobile,"Benoit, Derek",A5215,1
Client - Mobile,"Olney, Allan",A4083,1
Client - Mobile,"Pannala, Mahipal",T034555,1
Client - Mobile,"Patangay, Abhishek",T17655,1
Client - Mobile,"Quarles, Alan",A9719,1
Client - Mobile,"Raicik, John",A5202,1
Client - Mobile,"Saffelle, Alyson",A15116,1
Client - Mobile,"Silva, Acel",A12767,1
Client - Mobile,"Smith, Amy",A10417,1
Client - Mobile,"Soodini, Ramu",A19559,1
Client - Mobile,"St. Onge, Lisa",A6166,1
Client - Mobile,"Brown, Larry",A3075,1
Client - Mobile,"Teevin, James",A6357,1
Client - Mobile,"Terry, Joshua",A11178,1
Client - Mobile,"Tillinghast, Zuhairah",A10580,1
Client - Mobile,"Waldner, Robert",A12408,1
Client - Mobile,"Welch, Sean",A5220,1
Client - Mobile,"Wesselhoeft, Conrad",A8887,1
Client - Mobile,"Zerba, Mark",A8621,1
Client - Mobile,"Zhu, Liu",A034546,1
Client - Mobile,CED Subscription,CED_Subscription,1
Client - Mobile,"Collette, Susan",A9557,1
Client - Mobile,"Davis, Tyler",A10818,1
Client - Mobile,"DeBarros, Angela",A031059,1
Client - Architect,"Adhikari, Prasanna",A031576,1
Client - Architect,"Allen, Caitlin",A16947,1
Client - Architect,"Drezek, Stefvan",A3062,1
Client - Architect,"Gottier, Jacob",A16210,1
Client - Architect,"Jastremski, Stephen",A19438,1
Client - Architect,"Kumar, Sasi",A10423,1
Client - Architect,"Laird, Kevin",A10299,1
Client - Architect,"Lambis, Jorge",A14983,1
Client - Architect,"LaVallee, Michael",A034329,1
Client - Architect,"Lee, Stephanie",A032391,1
Client - Architect,"Manchester, Meredith",A031893,1
Client - Architect,"Mann, Ronald",A033849,1
Client - Architect,"Bailon, Andrew",T033270,1
Client - Architect,"McGraw, Elizabeth",A19452,1
Client - Architect,"McLaren, Nicholas",A16077,1
Client - Architect,"Metivier, James",A1418,1
Client - Architect,"Miller, Erik",A14869,1
Client - Architect,"Mujoria, Nikhilesh",A033282,1
Client - Architect,"Ormsbee, Jonathan",A033068,1
Client - Architect,"Pannala, Mahipal",T034555,1
Client - Architect,"Patangay, Abhishek",T17655,1
Client - Architect,"Pelzman, Steven",A19599,1
Client - Architect,"Pennacchia Jr, Michael",A032885,1
Client - Architect,"Bandi, Praveen",T032160,1
Client - Architect,"Petrarca, Michael",A10186,1
Client - Architect,"Pitts, William",A12713,1
Client - Architect,"Qian, Maxwell",A033673,1
Client - Architect,"Qiu, Yiguang",A9184,1
Client - Architect,"Renaud, Kate",A11781,1
Client - Architect,"Sabourin, Ryan",A17678,1
Client - Architect,"Saffelle, Alyson",A15116,1
Client - Architect,SCS Subscription,SCS_Subscription,1
Client - Architect,"Soodini, Ramu",A19559,1
Client - Architect,VisixMstratSVC,VisixMstratSVC,1
Client - Architect,"Boudreaux, James",A12553,1
Client - Architect,"Zhang, Yun",A20250,1
Client - Architect,"Zhu, Liu",A034546,1
Client - Architect,"Zhu, Ying",A19839,1
Client - Architect,"Zientara, Raymond",A9447,1
Client - Architect,CED Subscription,CED_Subscription,1
Client - Architect,"Chintamaneni, Balaji",A032589,1
Client - Architect,"Connors, Bridget",A16237,1
Client - Architect,"DeBarros, Angela",A031059,1
Client - Architect,"Desrosiers, Michelle",A14900,1
Server - Reporter,-,,1
Server - Intelligence,"Adhikari, Prasanna",A031576,1
Server - Intelligence,"Agnoli, Joseph",A14228,1
Server - Intelligence,"Andrade, Kevin",A19591,1
Server - Intelligence,"Crozier, Todd",A11636,1
Server - Intelligence,"Cruz Cabrera, Rosangel",A032667,1
Server - Intelligence,CSI Security,CSI,1
Server - Intelligence,"Cureton, Asya",A032097,1
Server - Intelligence,"Daigle, Benjamin",A10819,1
Server - Intelligence,"Dailey, Cornelius",A032664,1
Server - Intelligence,"DaSilva, Manoel",A9710,1
Server - Intelligence,"Davenport, William",A12514,1
Server - Intelligence,"Davis, Dante",A19314,1
Server - Intelligence,"Davis, Talia",A032666,1
Server - Intelligence,"Andrews, Santino",A032358,1
Server - Intelligence,"Davis, Tyler",A10818,1
Server - Intelligence,"De Buono, Alison",A16216,1
Server - Intelligence,"De Salvo, Steven",A6319,1
Server - Intelligence,"DeBarros, Angela",A031059,1
Server - Intelligence,"DeCubellis, Lisa",A3263,1
Server - Intelligence,"Deems, David",A17829,1
Server - Intelligence,"Dempsey, Kara",A16696,1
Server - Intelligence,"Dent, Alena",A19563,1
Server - Intelligence,"D'Eramo, Leandra",A15691,1
Server - Intelligence,"DeRosa, Donna",A6391,1
Server - Intelligence,"Angulo, Laura",A031075,1
Server - Intelligence,"DeSanto, Sean",A15921,1
Server - Intelligence,"Desrosiers, Michelle",A14900,1
Server - Intelligence,"Desrosiers, Sally",A13218,1
Server - Intelligence,"Deziel, Julie",A9741,1
Server - Intelligence,"Dickerson, Lorrie",A031708,1
Server - Intelligence,"Disner, Delana",A17051,1
Server - Intelligence,"Doblitz, Michele-Angella",A18861,1
Server - Intelligence,"Doodian, Edward",A9205,1
Server - Intelligence,"Dos Reis, Patricia",A11730,1
Server - Intelligence,"Doyle, William",A4859,1
Server - Intelligence,"Anthony, Kelly",A9072,1
Server - Intelligence,"Drezek, Stefvan",A3062,1
Server - Intelligence,"Drogan, Peter",A1786,1
Server - Intelligence,"Duffy, Jeremy",A15743,1
Server - Intelligence,"Duggan, Mary",A13376,1
Server - Intelligence,"DuPont, Dinari",A10389,1
Server - Intelligence,"Durr, Ryan",A033166,1
Server - Intelligence,"Dyer, M Michelle",A7842,1
Server - Intelligence,"Eason, Tolisha",A17907,1
Server - Intelligence,"Edouard, Thelma",A14000,1
Server - Intelligence,"Eldridge, Colby",A11557,1
Server - Intelligence,"Armstrong, Ryan",A19248,1
Server - Intelligence,"Ellis, Michele",A031705,1
Server - Intelligence,"Engelbert, Tracy",A5768,1
Server - Intelligence,"Enzmann, Olivia",A030476,1
Server - Intelligence,"Ephraim, LaShaneika",A20003,1
Server - Intelligence,"Ernst, Eric",A9075,1
Server - Intelligence,"Espie, Michael",A9311,1
Server - Intelligence,"Evan-Cook, Angelica",A034304,1
Server - Intelligence,"Evers, Henry",A030470,1
Server - Intelligence,"Falkowski, Kelly",A3143,1
Server - Intelligence,"Famiglietti, Andrew",A16536,1
Server - Intelligence,"Arthurs, Christopher",A11099,1
Server - Intelligence,"Fatcheric, Andrew",A17668,1
Server - Intelligence,"Fede, Michael",A19252,1
Server - Intelligence,"Ferry, Kristine",A9148,1
Server - Intelligence,"Finsterbush, Barkley",A030020,1
Server - Intelligence,"Fiori, Judith",A4098,1
Server - Intelligence,"Firsch, Ashley",A20069,1
Server - Intelligence,"Fitzgerald, William",A8516,1
Server - Intelligence,"Flannelly, Kailey",A033534,1
Server - Intelligence,"Fleming, Nicole",A16873,1
Server - Intelligence,"Flynn, Gerald",A9678,1
Server - Intelligence,"Ascoli, Kimberly",A030532,1
Server - Intelligence,"Foss, Christopher",A9633,1
Server - Intelligence,"Foss, Robert",A5655,1
Server - Intelligence,"Francisco, Alexander",A030090,1
Server - Intelligence,"French, Abigail",A18600,1
Server - Intelligence,"Frink, Karyn",A8836,1
Server - Intelligence,"Fry, Joshua",A033167,1
Server - Intelligence,"Funaro, Michael",A8750,1
Server - Intelligence,"Gader, Brett",A15687,1
Server - Intelligence,"Gagne, Gillian",A030091,1
Server - Intelligence,"Gagnon, Jeffrey",A4737,1
Server - Intelligence,"Awan, S. Shameem",A9630,1
Server - Intelligence,"Gamache, Sara",A032191,1
Server - Intelligence,"Gandler, Adam",A9500,1
Server - Intelligence,"Gannon, Sean",A031706,1
Server - Intelligence,"Garba, Christopher",A19597,1
Server - Intelligence,"Gaskins, Chelsea",A17909,1
Server - Intelligence,"Gattuso, David",A6036,1
Server - Intelligence,"Gaudette, Jennifer",A17575,1
Server - Intelligence,"Gauvin, Bianca",A20072,1
Server - Intelligence,"Gerardi, Timothy",A5417,1
Server - Intelligence,"Gerheim, Kate",A13112,1
Server - Intelligence,"Aylmer, Brittany",A031857,1
Server - Intelligence,"Geyer, Leigh-Ann",A4842,1
Server - Intelligence,"Gillerlane, Michael",A3234,1
Server - Intelligence,"Giorgio, Chelsea",A19250,1
Server - Intelligence,"Glazier, Samuel",A20005,1
Server - Intelligence,"Gomes, Michelle",A19286,1
Server - Intelligence,"Gomez, Byron",A18498,1
Server - Intelligence,"Gonsalves, Jason",A13307,1
Server - Intelligence,"Gonzalez, Rafael",A033786,1
Server - Intelligence,"Goodale, Thomas",A1809,1
Server - Intelligence,"Gorham, Erik",A030806,1
Server - Intelligence,"Bailon, Andrew",T033270,1
Server - Intelligence,"Gottier, Jacob",A16210,1
Server - Intelligence,"Gray, Karen",A5758,1
Server - Intelligence,"Grikas, John",A1104,1
Server - Intelligence,"Grosnick, Sarah",A14483,1
Server - Intelligence,"Grundy, Mark",A14688,1
Server - Intelligence,"Guci, Nicole",A032046,1
Server - Intelligence,"Guzman, Stephanie",A034342,1
Server - Intelligence,"Gwinup, Jeffrey",A034343,1
Server - Intelligence,"Hachey, Justin",A17394,1
Server - Intelligence,"Hadi, Breann",A14612,1
Server - Intelligence,"Agosu, Omolola",A18212,1
Server - Intelligence,"Bakine, Ornis",A031278,1
Server - Intelligence,"Hale, Christine",A5241,1
Server - Intelligence,"Halnen, Kelly",A034344,1
Server - Intelligence,"Hamilton, Nicholas",A19564,1
Server - Intelligence,"Hanley, Kathleen Gillerlane",A9935,1
Server - Intelligence,"Harclerode, Amanda",A16256,1
Server - Intelligence,"Harrison, Mark",A2999,1
Server - Intelligence,"Hartman, Michael",A5621,1
Server - Intelligence,"Haskell, Chelsea",A19566,1
Server - Intelligence,"Hassell, Lewis",A4293,1
Server - Intelligence,"Hatala, Adrianna",A16557,1
Server - Intelligence,"Balkissoon, Devindra",A17331,1
Server - Intelligence,"Hawkins, Theophilus",A16902,1
Server - Intelligence,"Hayes, Kirstin",A030808,1
Server - Intelligence,"Haynes, Savanna",A033549,1
Server - Intelligence,"Heinold, Daniel",A8998,1
Server - Intelligence,"Hendrickson, Cristina",A12359,1
Server - Intelligence,"Hilsendager, Sarah",A11750,1
Server - Intelligence,"Hirschauer, Lindsay",A19568,1
Server - Intelligence,"Holder, Van Simone",A031282,1
Server - Intelligence,"Holley, William",A031745,1
Server - Intelligence,"Holt, Stacy",A12769,1
Server - Intelligence,"Ball, Katherine",A031694,1
Server - Intelligence,"Homsi, Keenan",A13703,1
Server - Intelligence,"Horta, Keri",A19186,1
Server - Intelligence,"Hosenfeld, Jeffrey",A14040,1
Server - Intelligence,"Hribar, Frank",A7246,1
Server - Intelligence,"Huber, Sarah",A14024,1
Server - Intelligence,"Hughes, Audrey",A9923,1
Server - Intelligence,"Hughes, Melanie",A5874,1
Server - Intelligence,"Huling, William",A6210,1
Server - Intelligence,"Hunter, Craig",A18496,1
Server - Intelligence,"Hutchinson, Jennifer",A11709,1
Server - Intelligence,"Baltzer, Karen",A7176,1
Server - Intelligence,"Ike, Francis",A19980,1
Server - Intelligence,"Izraeli, Zachary",A032632,1
Server - Intelligence,"Jackson, Carey",A13249,1
Server - Intelligence,"Jackson, Spencer",A14939,1
Server - Intelligence,"Jadin, Melissa",A6118,1
Server - Intelligence,"James, Shauntae",A17890,1
Server - Intelligence,"Jastremski, Stephen",A19438,1
Server - Intelligence,"Jean, Daniel",A17613,1
Server - Intelligence,"Jeffords, Regan",A17114,1
Server - Intelligence,"Jergenson, Matthew",A19288,1
Server - Intelligence,"Bandi, Praveen",T032160,1
Server - Intelligence,"Johnson, Caroline",A14823,1
Server - Intelligence,"Johnson, Samantha",A032634,1
Server - Intelligence,"Jones, Jeffrey",A12989,1
Server - Intelligence,"Joyner, Nathan",A13005,1
Server - Intelligence,"Kaufman, Kara",A17645,1
Server - Intelligence,"Kelleher, Jordan",A19572,1
Server - Intelligence,"Kelly, Elizabeth",A10292,1
Server - Intelligence,"Kleinman, Phillip",A033124,1
Server - Intelligence,"Kleinman, William",A20040,1
Server - Intelligence,"Kluberdanz, Marla",A9374,1
Server - Intelligence,"Barrett, Thomas",A11747,1
Server - Intelligence,"Knowles, Naomi",A7801,1
Server - Intelligence,"Kogut, Stephen",A17664,1
Server - Intelligence,"Komsa, Nicholas",A031755,1
Server - Intelligence,"Konkle, Marvin",A7524,1
Server - Intelligence,"Konop, Krystina",A030092,1
Server - Intelligence,"Koppmann, James",A8754,1
Server - Intelligence,"Kotler, Kellen",A16685,1
Server - Intelligence,"Koza, William",A033128,1
Server - Intelligence,"Kropp, Adam",A12765,1
Server - Intelligence,"Kumar, Sasi",A10423,1
Server - Intelligence,"Barthel, Gregory",A16687,1
Server - Intelligence,"Kuniegel, Mitzi",A8225,1
Server - Intelligence,"Labrie, Glen",A13300,1
Server - Intelligence,"Lafrenaye, Marc",A9767,1
Server - Intelligence,"Laird, Kevin",A10299,1
Server - Intelligence,"Lambert, Christopher",A12611,1
Server - Intelligence,"Lambis, Jorge",A14983,1
Server - Intelligence,"Landells, Brett",A12509,1
Server - Intelligence,"Landeros, Jhocelyn",A030816,1
Server - Intelligence,"Langevin, Kristopher",A032638,1
Server - Intelligence,"Lanni, Catherine",A15629,1
Server - Intelligence,"Bednarz, Daniel",A19077,1
Server - Intelligence,"Laster, Debra",A033570,1
Server - Intelligence,"LaVallee, Michael",A034329,1
Server - Intelligence,"Laven, Julie",A17120,1
Server - Intelligence,"Laverty, Michael",A13204,1
Server - Intelligence,"Leaym, Jennifer",A12745,1
Server - Intelligence,"Ledoux, Corey",A15655,1
Server - Intelligence,"Lee, Jared",A15496,1
Server - Intelligence,"Lee, Robert",A12891,1
Server - Intelligence,"Lee, Stephanie",A032391,1
Server - Intelligence,"Lerner, Shelby",A19341,1
Server - Intelligence,"Begin, Megan",A16215,1
Server - Intelligence,"Leroux, Brian",A10713,1
Server - Intelligence,"Letourneau, Roland",A4618,1
Server - Intelligence,"Lewandowski, Melissa",A10061,1
Server - Intelligence,"Lewis, Lexandre",A18190,1
Server - Intelligence,"Leydon, Justin",A13405,1
Server - Intelligence,"Lloyd, Anissa",A12419,1
Server - Intelligence,"Lorenzen, Tyler",A034354,1
Server - Intelligence,"Lowry, Sara",A20007,1
Server - Intelligence,"Lynch, Cynthia",A5170,1
Server - Intelligence,"Lynch, Daniel",A5702,1
Server - Intelligence,"Bennett, Anne",A16563,1
Server - Intelligence,"Maaz, Joshua",A12314,1
Server - Intelligence,"MacConnell, David",A1692,1
Server - Intelligence,"Macdonald-Conill, Kim",A3580,1
Server - Intelligence,"Macera, Nicholas",A13535,1
Server - Intelligence,"Macgregor, Bernadette",A19385,1
Server - Intelligence,"Mackey, Lory",A6228,1
Server - Intelligence,"Mackowitz, Eric",A12868,1
Server - Intelligence,"Mahoney, Kimberley",A13883,1
Server - Intelligence,"Malaro, Kelly",A15290,1
Server - Intelligence,"Manchester, Meredith",A031893,1
Server - Intelligence,"Ahmed, Nahla",A16689,1
Server - Intelligence,"Benoit, Derek",A5215,1
Server - Intelligence,"Mann, Ronald",A033849,1
Server - Intelligence,"Marine, Dustin",A15670,1
Server - Intelligence,"Marshall, Desire",A030481,1
Server - Intelligence,"Martin, Ashley",A031714,1
Server - Intelligence,"Martin, John",A1238,1
Server - Intelligence,"Maslyn, Emily",A17181,1
Server - Intelligence,"Maynard, Laurie Ann",A6981,1
Server - Intelligence,"McCann, Shatoiya",A18188,1
Server - Intelligence,"McCartin, Kelli",A17922,1
Server - Intelligence,"McClary, Tara",A12986,1
Server - Intelligence,"Benson, Andrew",A13297,1
Server - Intelligence,"McCullough, Tommy",A031623,1
Server - Intelligence,"McCusker, Nathan",A12978,1
Server - Intelligence,"McDonald, Tashonda",A032639,1
Server - Intelligence,"McGraw, Elizabeth",A19452,1
Server - Intelligence,"McIntosh, Kaylee",A033126,1
Server - Intelligence,"McKee, Desire",A13607,1
Server - Intelligence,"McLaren, Nicholas",A16077,1
Server - Intelligence,"McLoud, Kurt",A13886,1
Server - Intelligence,"McNaney, Steven",A12267,1
Server - Intelligence,"McSweeney, Samantha",A030550,1
Server - Intelligence,"Berard, Scott",A4296,1
Server - Intelligence,"Medoff, Emily",A034353,1
Server - Intelligence,"Meller, Peter",A9367,1
Server - Intelligence,"Mellino, Benjamin",A12541,1
Server - Intelligence,"Messier, Kyle",A20219,1
Server - Intelligence,"Messina, Brent",A031715,1
Server - Intelligence,"Metivier, James",A1418,1
Server - Intelligence,"Mi, Tuon",A15080,1
Server - Intelligence,"Michel, Stephen",A20065,1
Server - Intelligence,"Miller, Alexis",A19569,1
Server - Intelligence,"Miller, Erik",A14869,1
Server - Intelligence,"Berk, Todd",A11936,1
Server - Intelligence,"Miller, Ian",A032049,1
Server - Intelligence,"Mohn, Samantha",A032098,1
Server - Intelligence,"Montagino, Catherine",A17600,1
Server - Intelligence,"Mooney, Edward",A18512,1
Server - Intelligence,"Mooney, Mallory",A18387,1
Server - Intelligence,"Moore, Kris",A19531,1
Server - Intelligence,"Moore, Robbie",A16329,1
Server - Intelligence,"Morin, Lauren",A13108,1
Server - Intelligence,"Morse, Laura",A19947,1
Server - Intelligence,"Mujoria, Nikhilesh",A033282,1
Server - Intelligence,"Berthod, Andrew",A18351,1
Server - Intelligence,"Mulholland, James",A2265,1
Server - Intelligence,"Mulrain, Neal",A12540,1
Server - Intelligence,"Mundy, Sarah",A18796,1
Server - Intelligence,"Murphy, Brian",A12805,1
Server - Intelligence,"Murphy, Christopher",A12746,1
Server - Intelligence,"Murphy, James",A4546,1
Server - Intelligence,"Muto, Christina M.P.",A5791,1
Server - Intelligence,"Mycroft, Derek",A14092,1
Server - Intelligence,"Myers, Erica",A9274,1
Server - Intelligence,"Nagy, David",A7277,1
Server - Intelligence,"Bianco, Keila",A12068,1
Server - Intelligence,"Neaves, Joseph",A15098,1
Server - Intelligence,"Newton, Kevin",A033576,1
Server - Intelligence,"Nguyen, Blake",A030482,1
Server - Intelligence,"Noble, Brittany",A14044,1
Server - Intelligence,"Norsek, Stephen",A9188,1
Server - Intelligence,"Norton, Brian",A8997,1
Server - Intelligence,"Noviello, Anthony",A4616,1
Server - Intelligence,"Nunes, Taylor",A031843,1
Server - Intelligence,"O'Brien, Gregory",A8624,1
Server - Intelligence,"O'Brien, Shannon",A2632,1
Server - Intelligence,"Bibb Lyke, Janet",A10930,1
Server - Intelligence,"O'Connor, James",A9464,1
Server - Intelligence,"Oleski, Elaine",A032282,1
Server - Intelligence,"Oliva-Ramage, Lina",A9940,1
Server - Intelligence,"Olney, Allan",A4083,1
Server - Intelligence,"Ormsbee, Jonathan",A033068,1
Server - Intelligence,"Ortiz Guzman, Dayna",A031712,1
Server - Intelligence,"Ortiz Guzman, Iris",A15840,1
Server - Intelligence,"Overholtzer, Kathryn",A18545,1
Server - Intelligence,"Pace, Doreen",A1796,1
Server - Intelligence,"Palmer, Kyle",A17888,1
Server - Intelligence,"Blanco, Gabrielle",A032044,1
Server - Intelligence,"Pannala, Mahipal",T034555,1
Server - Intelligence,"Paredes, Alvaro",A11950,1
Server - Intelligence,"Passacantando, Lianne",A16595,1
Server - Intelligence,"Patangay, Abhishek",T17655,1
Server - Intelligence,"Patruno, Lindsey",A18562,1
Server - Intelligence,"Patterson, Michael",A9346,1
Server - Intelligence,"Paulekas, Kevin",A18874,1
Server - Intelligence,"Peer, Jennifer",A16297,1
Server - Intelligence,"Peloquin, Steven",A15462,1
Server - Intelligence,"Pelzman, Steven",A19599,1
Server - Intelligence,"Blie, Victoria",A11116,1
Server - Intelligence,"Pennacchia Jr, Michael",A032885,1
Server - Intelligence,"Peralta, Daniel",A14439,1
Server - Intelligence,"Perreault, Rebecca",A10997,1
Server - Intelligence,"Peterkin, Rickeia",A030484,1
Server - Intelligence,"Petrarca, Michael",A10186,1
Server - Intelligence,"Pezzillo, Ashley",A17073,1
Server - Intelligence,"Pfeiffer, Brian",A14226,1
Server - Intelligence,"Piatti, Cynthia",A5118,1
Server - Intelligence,"Picard, Neal",A031418,1
Server - Intelligence,"Pietch, Amy",A15958,1
Server - Intelligence,"Bodkin, Randall",A12197,1
Server - Intelligence,"Pinney, Amy",A10700,1
Server - Intelligence,"Pitt, Katrina",A19595,1
Server - Intelligence,"Pitts, William",A12713,1
Server - Intelligence,"Pope, Michelle",A1951,1
Server - Intelligence,"Posocco, Kayla",A16587,1
Server - Intelligence,"Prario, David",A8618,1
Server - Intelligence,"Price, Deirdre",A033317,1
Server - Intelligence,"Provost, Christopher",A031717,1
Server - Intelligence,"Pruett, Teri",A7660,1
Server - Intelligence,"Purcell, Timothy",A9194,1
Server - Intelligence,"Aime, Wa'Tesha",A16707,1
Server - Intelligence,"Boualapha, Joy",A12984,1
Server - Intelligence,"Qian, Maxwell",A033673,1
Server - Intelligence,"Qiu, Yiguang",A9184,1
Server - Intelligence,"Quarles, Alan",A9719,1
Server - Intelligence,"Quednau, Jamie",A19404,1
Server - Intelligence,"Raffan, Sharon",A5892,1
Server - Intelligence,"Raicik, John",A5202,1
Server - Intelligence,"Ralston, Shaun",A8999,1
Server - Intelligence,"Ramos, Debra",A8207,1
Server - Intelligence,"Rampone, Bridget",A15110,1
Server - Intelligence,"Rasmussen, Linda",A11214,1
Server - Intelligence,"Boudreau, Christina L.R.",A10643,1
Server - Intelligence,"Rego, Cristin",A9014,1
Server - Intelligence,"Reichley, John",A3242,1
Server - Intelligence,"Renaud, Kate",A11781,1
Server - Intelligence,"Reynolds, Britney",A034300,1
Server - Intelligence,"Rhoades, Connor",A031320,1
Server - Intelligence,"Richardson, Brittany",A18881,1
Server - Intelligence,"Richardson, Michelle",A11495,1
Server - Intelligence,"Richer, Cameron",A17626,1
Server - Intelligence,"Richmond-Dawkins, Christopher",A033143,1
Server - Intelligence,"Riggs, James",A14937,1
Server - Intelligence,"Boudreaux, James",A12553,1
Server - Intelligence,"Rimshaw, Colin",A17893,1
Server - Intelligence,"Roberson, Mary",A15805,1
Server - Intelligence,"Roche, Patricia",A8535,1
Server - Intelligence,"Rodo, Marisa",A19592,1
Server - Intelligence,"Rodriguez, Loyda",A10361,1
Server - Intelligence,"Rome, Regan",A033957,1
Server - Intelligence,"Romm, Carrie",A10556,1
Server - Intelligence,"Rottler, Alex",A16609,1
Server - Intelligence,"Rounds, Donna",A1425,1
Server - Intelligence,"Rowan, Patrick",A031718,1
Server - Intelligence,"Bousquet, Jennifer",A030120,1
Server - Intelligence,"Roy, Keighan",A034303,1
Server - Intelligence,"Rueda, Vanessa",A032052,1
Server - Intelligence,"Russell, James",A14781,1
Server - Intelligence,"Russo, Maria",A033551,1
Server - Intelligence,"Ruster, Sharon",A8693,1
Server - Intelligence,"Ryan, Joseph",A19594,1
Server - Intelligence,"Sabourin, Ryan",A17678,1
Server - Intelligence,"Sadowski, Angela",A9411,1
Server - Intelligence,"Saffelle, Alyson",A15116,1
Server - Intelligence,"Schino, Paul",A9103,1
Server - Intelligence,"Bradley, John",A034305,1
Server - Intelligence,"Schmitt, Michael",A16883,1
Server - Intelligence,"Scotti, Jonathan",A14299,1
Server - Intelligence,SCS Subscription,SCS_Subscription,1
Server - Intelligence,"Seder, Evan",A032631,1
Server - Intelligence,"Seither, Elizabeth",A030542,1
Server - Intelligence,"Sexton, Kieran",A030823,1
Server - Intelligence,"Shaffer, Pamela",A16913,1
Server - Intelligence,"Shaw, Adam",A13533,1
Server - Intelligence,"Shead, Ariel",A19296,1
Server - Intelligence,"Shepard, Duncan",A16695,1
Server - Intelligence,"Brennan, Meagan",A16920,1
Server - Intelligence,"Sherer, Michael",A15685,1
Server - Intelligence,"Sherring, James",A4252,1
Server - Intelligence,"Siegfried, John",A16357,1
Server - Intelligence,"Silva, Acel",A12767,1
Server - Intelligence,"Simons, Christopher",A5505,1
Server - Intelligence,"Simons, Robert",A030908,1
Server - Intelligence,"Simpson, Irene",A2096,1
Server - Intelligence,"Skerry Leonard, Mikhaila",A17012,1
Server - Intelligence,"Slaughter, Samantha",A19308,1
Server - Intelligence,"Small, Kelly",A8899,1
Server - Intelligence,"Bridges, Diane",A4254,1
Server - Intelligence,"Smart, Patrick",A19074,1
Server - Intelligence,"Smith, Amy",A10417,1
Server - Intelligence,"Smith, Caleb",A032053,1
Server - Intelligence,"Smith, Daren",A14988,1
Server - Intelligence,"Smith, Leesa",A8253,1
Server - Intelligence,"Smith, Sarah",A16694,1
Server - Intelligence,"Smith, Shawn",A11366,1
Server - Intelligence,"Smith, Sterling",A16069,1
Server - Intelligence,"Smolan, Alexander",A032054,1
Server - Intelligence,"Snow, Madeline",A034356,1
Server - Intelligence,"Brissette, Ian",A031279,1
Server - Intelligence,"Somaru, Kudarie",A17340,1
Server - Intelligence,"Somers-McKeever, Amy",A030505,1
Server - Intelligence,"Soodini, Ramu",A19559,1
Server - Intelligence,"Souza, Jennifer",A032895,1
Server - Intelligence,"Speice, Tara",A11809,1
Server - Intelligence,"Spence, Kelly",A031734,1
Server - Intelligence,"St. Francis, Kelly",A14959,1
Server - Intelligence,"St. Onge, Lisa",A6166,1
Server - Intelligence,"Starr, Jesse",A13679,1
Server - Intelligence,"Stevens, Sabrina",A032633,1
Server - Intelligence,"Brittin, Matthew",A16213,1
Server - Intelligence,"Stickelman, Allyson",A12212,1
Server - Intelligence,"Stolte, Rebecca",A11722,1
Server - Intelligence,"Streiff, Sarah",A16922,1
Server - Intelligence,"Sullivan, Patrick",A13677,1
Server - Intelligence,"Swanson, Michael",A14278,1
Server - Intelligence,"Sweet, Erika",A033670,1
Server - Intelligence,"Swiergosz, Aaron",A034364,1
Server - Intelligence,"Tannheimer, Melissa",A031736,1
Server - Intelligence,"Taylor, Andrew",A13216,1
Server - Intelligence,"Teece, Jeffrey",A7268,1
Server - Intelligence,"Brown, Larry",A3075,1
Server - Intelligence,"Teevin, James",A6357,1
Server - Intelligence,"Terry, Joshua",A11178,1
Server - Intelligence,"Thompson, Denise",A12643,1
Server - Intelligence,"Tierney, Carolyn",A2223,1
Server - Intelligence,"Tillinghast, Zuhairah",A10580,1
Server - Intelligence,"Torres, Leslie",A034357,1
Server - Intelligence,"Tretler, Britanie",A19187,1
Server - Intelligence,"Trigo, Lu Ann",A1514,1
Server - Intelligence,"Troxell, Kristy",A17063,1
Server - Intelligence,"Turner, Sheela",A6392,1
Server - Intelligence,"Albert, Cydney",A14425,1
Server - Intelligence,"Brown, Stephanie",A9127,1
Server - Intelligence,"Valentini, Lee",A5535,1
Server - Intelligence,"Vallejo, Johan",A20012,1
Server - Intelligence,"Van Gorden, Kathleen",A15904,1
Server - Intelligence,"Van Kooten, Thomas",A030485,1
Server - Intelligence,"Vasquez, Jodi",A9159,1
Server - Intelligence,"Villacorta, Luciana",A18878,1
Server - Intelligence,"Vincent, Michael",A17355,1
Server - Intelligence,VisixMstratSVC,VisixMstratSVC,1
Server - Intelligence,"Vito, Benjamin",A030093,1
Server - Intelligence,"Wacenske, Quinn",A16477,1
Server - Intelligence,"Brown, Timothy",A5832,1
Server - Intelligence,"Waddell, J. Alexandria",A16885,1
Server - Intelligence,"Wahl, Bryce",A14993,1
Server - Intelligence,"Wahl, Deanna",A14991,1
Server - Intelligence,"Waldner, Robert",A12408,1
Server - Intelligence,"Walker, Kwame",A19838,1
Server - Intelligence,"Wallace, Robert",A9126,1
Server - Intelligence,"Waller, Shakeyta",A033154,1
Server - Intelligence,"Wallin, Steven",A15102,1
Server - Intelligence,"Walsh, Michael",A16479,1
Server - Intelligence,"Walsingham, Amy",A16219,1
Server - Intelligence,"Browne, Aaron",A033645,1
Server - Intelligence,"Walters, Landen",A033631,1
Server - Intelligence,"Wang, William",A033155,1
Server - Intelligence,"Ward, Michelle",A9604,1
Server - Intelligence,"Ware, Katherine",A13440,1
Server - Intelligence,"Welch, Sean",A5220,1
Server - Intelligence,"Wells, Patricia",A9969,1
Server - Intelligence,"Wesselhoeft, Conrad",A8887,1
Server - Intelligence,"White, Andrew",A2846,1
Server - Intelligence,"White, Kelley",A032635,1
Server - Intelligence,"White, Savannah",A15003,1
Server - Intelligence,"Bruno, Elizabeth",A18587,1
Server - Intelligence,"Whitehurst, Kierstyn",A18882,1
Server - Intelligence,"Wilkins, Rigby",A18550,1
Server - Intelligence,"Willette, Gabrielle",A16976,1
Server - Intelligence,"Winfree, Gloria",A6848,1
Server - Intelligence,"Winn, Michele",A8550,1
Server - Intelligence,"Wojtowicz, Bryan",A15052,1
Server - Intelligence,"Wood, Tony",A14952,1
Server - Intelligence,"Wortz, Kylie",A18682,1
Server - Intelligence,"Young, Jacob",A032058,1
Server - Intelligence,"Young, Nicole",A2375,1
Server - Intelligence,"Bui, Lina",A17905,1
Server - Intelligence,"Zeigler, Nicholas",A033345,1
Server - Intelligence,"Zerba, James",A1101,1
Server - Intelligence,"Zerba, Mark",A8621,1
Server - Intelligence,"Zhang, Yun",A20250,1
Server - Intelligence,"Zhu, Liu",A034546,1
Server - Intelligence,"Zhu, Ying",A19839,1
Server - Intelligence,"Zientara, Raymond",A9447,1
Server - Intelligence,"Zimmer, Erica",A9176,1
Server - Intelligence,"Zuffoletti, Philip",A9797,1
Server - Intelligence,"Zwyer, Jessica",A15007,1
Server - Intelligence,"Burgoyne, David",A15955,1
Server - Intelligence,"Burr, Hannah",A15954,1
Server - Intelligence,"Buttermore, Kristen",A16691,1
Server - Intelligence,"Butts, Holly",A033387,1
Server - Intelligence,"Cahill, Sean",A9463,1
Server - Intelligence,"Allen, Caitlin",A16947,1
Server - Intelligence,"Caldarone, Ryan",A15661,1
Server - Intelligence,"Calouro, Timothy",A15469,1
Server - Intelligence,"Cannon, Parrish",A6954,1
Server - Intelligence,"Cape, Kelly",A11277,1
Server - Intelligence,"Carnevale, Frank",A5555,1
Server - Intelligence,"Carvill, James",A10585,1
Server - Intelligence,"Casey, Brandon",A16911,1
Server - Intelligence,CED Subscription,CED_Subscription,1
Server - Intelligence,"Chadwell, Kimberly",A15693,1
Server - Intelligence,"Chiappinelli, Karen",A9296,1
Server - Intelligence,"Alton, Jessica",A15037,1
Server - Intelligence,"Chickene, Alexa",A030453,1
Server - Intelligence,"Childs, Timothy",A12609,1
Server - Intelligence,"Chintamaneni, Balaji",A032589,1
Server - Intelligence,"Chi-Ukpai, Chinanu",A18208,1
Server - Intelligence,"Chofay, Devon",A034298,1
Server - Intelligence,"Chowdhury, Mohammed",A030028,1
Server - Intelligence,"Clark, Christopher",A14277,1
Server - Intelligence,"Clark, Maxime",A031701,1
Server - Intelligence,"Clark, Sonja",A14475,1
Server - Intelligence,"Claxton, Kristie",A3311,1
Server - Intelligence,"Alvarado, Raymond",A19554,1
Server - Intelligence,"Clemente, Stephanie",A15012,1
Server - Intelligence,"Cloutier, Cory",A16889,1
Server - Intelligence,"Cobb, Kevin",A9785,1
Server - Intelligence,"Cochran, Amanda",A17397,1
Server - Intelligence,"Colaluca, Andrew",A030053,1
Server - Intelligence,"Collette, Susan",A9557,1
Server - Intelligence,"Collins, Joseph",A030030,1
Server - Intelligence,"Colvin, Bryanca",A17057,1
Server - Intelligence,"Conley, Hannah",A030804,1
Server - Intelligence,"Connors, Andrew",A17088,1
Server - Intelligence,"Amaral, Kevin",A032588,1
Server - Intelligence,"Connors, Bridget",A16237,1
Server - Intelligence,"Cook, Nicole",A8839,1
Server - Intelligence,"Corson, Sean",A12776,1
Server - Intelligence,"Costa, Bruno",A15953,1
Server - Intelligence,"Cotten, Sharon",A9642,1
Server - Intelligence,"Cowell, Carla",A17873,1
Server - Intelligence,"Craig, Matthew",A030457,1
Server - Intelligence,"Craveiro, Joseph",A13538,1
Server - Intelligence,"Cremer, Brian",A9361,1
Server - Intelligence,"Cronin, Matthew",A9280,1
Server - Analytics,"Adhikari, Prasanna",A031576,1
Server - Analytics,"Allen, Caitlin",A16947,1
Server - Analytics,"DeBarros, Angela",A031059,1
Server - Analytics,"Desrosiers, Michelle",A14900,1
Server - Analytics,"Desrosiers, Sally",A13218,1
Server - Analytics,"Dos Reis, Patricia",A11730,1
Server - Analytics,"Drezek, Stefvan",A3062,1
Server - Analytics,"Drogan, Peter",A1786,1
Server - Analytics,"Falkowski, Kelly",A3143,1
Server - Analytics,"Gottier, Jacob",A16210,1
Server - Analytics,"Jastremski, Stephen",A19438,1
Server - Analytics,"Kumar, Sasi",A10423,1
Server - Analytics,"Bailon, Andrew",T033270,1
Server - Analytics,"Laird, Kevin",A10299,1
Server - Analytics,"Lambis, Jorge",A14983,1
Server - Analytics,"LaVallee, Michael",A034329,1
Server - Analytics,"Lee, Stephanie",A032391,1
Server - Analytics,"Letourneau, Roland",A4618,1
Server - Analytics,"Manchester, Meredith",A031893,1
Server - Analytics,"Mann, Ronald",A033849,1
Server - Analytics,"McCartin, Kelli",A17922,1
Server - Analytics,"McGraw, Elizabeth",A19452,1
Server - Analytics,"Metivier, James",A1418,1
Server - Analytics,"Bandi, Praveen",T032160,1
Server - Analytics,"Miller, Erik",A14869,1
Server - Analytics,"Mujoria, Nikhilesh",A033282,1
Server - Analytics,"Nunes, Taylor",A031843,1
Server - Analytics,"Ormsbee, Jonathan",A033068,1
Server - Analytics,"Pannala, Mahipal",T034555,1
Server - Analytics,"Patangay, Abhishek",T17655,1
Server - Analytics,"Pelzman, Steven",A19599,1
Server - Analytics,"Pennacchia Jr, Michael",A032885,1
Server - Analytics,"Petrarca, Michael",A10186,1
Server - Analytics,"Pitts, William",A12713,1
Server - Analytics,"Boudreaux, James",A12553,1
Server - Analytics,"Prario, David",A8618,1
Server - Analytics,"Qian, Maxwell",A033673,1
Server - Analytics,"Qiu, Yiguang",A9184,1
Server - Analytics,"Quednau, Jamie",A19404,1
Server - Analytics,"Renaud, Kate",A11781,1
Server - Analytics,"Sabourin, Ryan",A17678,1
Server - Analytics,"Saffelle, Alyson",A15116,1
Server - Analytics,SCS Subscription,SCS_Subscription,1
Server - Analytics,"Soodini, Ramu",A19559,1
Server - Analytics,"Van Gorden, Kathleen",A15904,1
Server - Analytics,CED Subscription,CED_Subscription,1
Server - Analytics,"Zeigler, Nicholas",A033345,1
Server - Analytics,"Zhang, Yun",A20250,1
Server - Analytics,"Zhu, Liu",A034546,1
Server - Analytics,"Zhu, Ying",A19839,1
Server - Analytics,"Zientara, Raymond",A9447,1
Server - Analytics,"Chintamaneni, Balaji",A032589,1
Server - Analytics,"Collins, Joseph",A030030,1
Server - Analytics,"Connors, Bridget",A16237,1
Server - Analytics,CSI Security,CSI,1
Server - Collaboration,-,,1
Server - Distribution,"Adhikari, Prasanna",A031576,1
Server - Distribution,"Agnoli, Joseph",A14228,1
Server - Distribution,"Andrade, Kevin",A19591,1
Server - Distribution,"Crozier, Todd",A11636,1
Server - Distribution,"Cruz Cabrera, Rosangel",A032667,1
Server - Distribution,CSI Security,CSI,1
Server - Distribution,"Cureton, Asya",A032097,1
Server - Distribution,"Daigle, Benjamin",A10819,1
Server - Distribution,"Dailey, Cornelius",A032664,1
Server - Distribution,"DaSilva, Manoel",A9710,1
Server - Distribution,"Davenport, William",A12514,1
Server - Distribution,"Davis, Dante",A19314,1
Server - Distribution,"Davis, Talia",A032666,1
Server - Distribution,"Andrews, Santino",A032358,1
Server - Distribution,"Davis, Tyler",A10818,1
Server - Distribution,"De Buono, Alison",A16216,1
Server - Distribution,"De Salvo, Steven",A6319,1
Server - Distribution,"DeBarros, Angela",A031059,1
Server - Distribution,"DeCubellis, Lisa",A3263,1
Server - Distribution,"Deems, David",A17829,1
Server - Distribution,"Dempsey, Kara",A16696,1
Server - Distribution,"Dent, Alena",A19563,1
Server - Distribution,"D'Eramo, Leandra",A15691,1
Server - Distribution,"DeRosa, Donna",A6391,1
Server - Distribution,"Angulo, Laura",A031075,1
Server - Distribution,"DeSanto, Sean",A15921,1
Server - Distribution,"Desrosiers, Michelle",A14900,1
Server - Distribution,"Desrosiers, Sally",A13218,1
Server - Distribution,"Deziel, Julie",A9741,1
Server - Distribution,"Dickerson, Lorrie",A031708,1
Server - Distribution,"Disner, Delana",A17051,1
Server - Distribution,"Doblitz, Michele-Angella",A18861,1
Server - Distribution,"Doodian, Edward",A9205,1
Server - Distribution,"Dos Reis, Patricia",A11730,1
Server - Distribution,"Doyle, William",A4859,1
Server - Distribution,"Anthony, Kelly",A9072,1
Server - Distribution,"Drezek, Stefvan",A3062,1
Server - Distribution,"Drogan, Peter",A1786,1
Server - Distribution,"Duffy, Jeremy",A15743,1
Server - Distribution,"Duggan, Mary",A13376,1
Server - Distribution,"DuPont, Dinari",A10389,1
Server - Distribution,"Durr, Ryan",A033166,1
Server - Distribution,"Dyer, M Michelle",A7842,1
Server - Distribution,"Eason, Tolisha",A17907,1
Server - Distribution,"Edouard, Thelma",A14000,1
Server - Distribution,"Eldridge, Colby",A11557,1
Server - Distribution,"Armstrong, Ryan",A19248,1
Server - Distribution,"Ellis, Michele",A031705,1
Server - Distribution,"Engelbert, Tracy",A5768,1
Server - Distribution,"Enzmann, Olivia",A030476,1
Server - Distribution,"Ephraim, LaShaneika",A20003,1
Server - Distribution,"Ernst, Eric",A9075,1
Server - Distribution,"Espie, Michael",A9311,1
Server - Distribution,"Evan-Cook, Angelica",A034304,1
Server - Distribution,"Evers, Henry",A030470,1
Server - Distribution,"Falkowski, Kelly",A3143,1
Server - Distribution,"Famiglietti, Andrew",A16536,1
Server - Distribution,"Arthurs, Christopher",A11099,1
Server - Distribution,"Fatcheric, Andrew",A17668,1
Server - Distribution,"Fede, Michael",A19252,1
Server - Distribution,"Ferry, Kristine",A9148,1
Server - Distribution,"Finsterbush, Barkley",A030020,1
Server - Distribution,"Fiori, Judith",A4098,1
Server - Distribution,"Firsch, Ashley",A20069,1
Server - Distribution,"Fitzgerald, William",A8516,1
Server - Distribution,"Flannelly, Kailey",A033534,1
Server - Distribution,"Fleming, Nicole",A16873,1
Server - Distribution,"Flynn, Gerald",A9678,1
Server - Distribution,"Ascoli, Kimberly",A030532,1
Server - Distribution,"Foss, Christopher",A9633,1
Server - Distribution,"Foss, Robert",A5655,1
Server - Distribution,"Francisco, Alexander",A030090,1
Server - Distribution,"French, Abigail",A18600,1
Server - Distribution,"Frink, Karyn",A8836,1
Server - Distribution,"Fry, Joshua",A033167,1
Server - Distribution,"Funaro, Michael",A8750,1
Server - Distribution,"Gader, Brett",A15687,1
Server - Distribution,"Gagne, Gillian",A030091,1
Server - Distribution,"Gagnon, Jeffrey",A4737,1
Server - Distribution,"Awan, S. Shameem",A9630,1
Server - Distribution,"Gamache, Sara",A032191,1
Server - Distribution,"Gandler, Adam",A9500,1
Server - Distribution,"Gannon, Sean",A031706,1
Server - Distribution,"Garba, Christopher",A19597,1
Server - Distribution,"Gaskins, Chelsea",A17909,1
Server - Distribution,"Gattuso, David",A6036,1
Server - Distribution,"Gaudette, Jennifer",A17575,1
Server - Distribution,"Gauvin, Bianca",A20072,1
Server - Distribution,"Gerardi, Timothy",A5417,1
Server - Distribution,"Gerheim, Kate",A13112,1
Server - Distribution,"Aylmer, Brittany",A031857,1
Server - Distribution,"Geyer, Leigh-Ann",A4842,1
Server - Distribution,"Gillerlane, Michael",A3234,1
Server - Distribution,"Giorgio, Chelsea",A19250,1
Server - Distribution,"Glazier, Samuel",A20005,1
Server - Distribution,"Gomes, Michelle",A19286,1
Server - Distribution,"Gomez, Byron",A18498,1
Server - Distribution,"Gonsalves, Jason",A13307,1
Server - Distribution,"Gonzalez, Rafael",A033786,1
Server - Distribution,"Goodale, Thomas",A1809,1
Server - Distribution,"Gorham, Erik",A030806,1
Server - Distribution,"Bailon, Andrew",T033270,1
Server - Distribution,"Gottier, Jacob",A16210,1
Server - Distribution,"Gray, Karen",A5758,1
Server - Distribution,"Grikas, John",A1104,1
Server - Distribution,"Grosnick, Sarah",A14483,1
Server - Distribution,"Grundy, Mark",A14688,1
Server - Distribution,"Guci, Nicole",A032046,1
Server - Distribution,"Guzman, Stephanie",A034342,1
Server - Distribution,"Gwinup, Jeffrey",A034343,1
Server - Distribution,"Hachey, Justin",A17394,1
Server - Distribution,"Hadi, Breann",A14612,1
Server - Distribution,"Agosu, Omolola",A18212,1
Server - Distribution,"Bakine, Ornis",A031278,1
Server - Distribution,"Hale, Christine",A5241,1
Server - Distribution,"Halnen, Kelly",A034344,1
Server - Distribution,"Hamilton, Nicholas",A19564,1
Server - Distribution,"Hanley, Kathleen Gillerlane",A9935,1
Server - Distribution,"Harclerode, Amanda",A16256,1
Server - Distribution,"Harrison, Mark",A2999,1
Server - Distribution,"Hartman, Michael",A5621,1
Server - Distribution,"Haskell, Chelsea",A19566,1
Server - Distribution,"Hassell, Lewis",A4293,1
Server - Distribution,"Hatala, Adrianna",A16557,1
Server - Distribution,"Balkissoon, Devindra",A17331,1
Server - Distribution,"Hawkins, Theophilus",A16902,1
Server - Distribution,"Hayes, Kirstin",A030808,1
Server - Distribution,"Haynes, Savanna",A033549,1
Server - Distribution,"Heinold, Daniel",A8998,1
Server - Distribution,"Hendrickson, Cristina",A12359,1
Server - Distribution,"Hilsendager, Sarah",A11750,1
Server - Distribution,"Hirschauer, Lindsay",A19568,1
Server - Distribution,"Holder, Van Simone",A031282,1
Server - Distribution,"Holley, William",A031745,1
Server - Distribution,"Holt, Stacy",A12769,1
Server - Distribution,"Ball, Katherine",A031694,1
Server - Distribution,"Homsi, Keenan",A13703,1
Server - Distribution,"Horta, Keri",A19186,1
Server - Distribution,"Hosenfeld, Jeffrey",A14040,1
Server - Distribution,"Hribar, Frank",A7246,1
Server - Distribution,"Huber, Sarah",A14024,1
Server - Distribution,"Hughes, Audrey",A9923,1
Server - Distribution,"Hughes, Melanie",A5874,1
Server - Distribution,"Huling, William",A6210,1
Server - Distribution,"Hunter, Craig",A18496,1
Server - Distribution,"Hutchinson, Jennifer",A11709,1
Server - Distribution,"Baltzer, Karen",A7176,1
Server - Distribution,"Ike, Francis",A19980,1
Server - Distribution,"Izraeli, Zachary",A032632,1
Server - Distribution,"Jackson, Carey",A13249,1
Server - Distribution,"Jackson, Spencer",A14939,1
Server - Distribution,"Jadin, Melissa",A6118,1
Server - Distribution,"James, Shauntae",A17890,1
Server - Distribution,"Jastremski, Stephen",A19438,1
Server - Distribution,"Jean, Daniel",A17613,1
Server - Distribution,"Jeffords, Regan",A17114,1
Server - Distribution,"Jergenson, Matthew",A19288,1
Server - Distribution,"Bandi, Praveen",T032160,1
Server - Distribution,"Johnson, Caroline",A14823,1
Server - Distribution,"Johnson, Samantha",A032634,1
Server - Distribution,"Jones, Jeffrey",A12989,1
Server - Distribution,"Joyner, Nathan",A13005,1
Server - Distribution,"Kaufman, Kara",A17645,1
Server - Distribution,"Kelleher, Jordan",A19572,1
Server - Distribution,"Kelly, Elizabeth",A10292,1
Server - Distribution,"Kleinman, Phillip",A033124,1
Server - Distribution,"Kleinman, William",A20040,1
Server - Distribution,"Kluberdanz, Marla",A9374,1
Server - Distribution,"Barrett, Thomas",A11747,1
Server - Distribution,"Knowles, Naomi",A7801,1
Server - Distribution,"Kogut, Stephen",A17664,1
Server - Distribution,"Komsa, Nicholas",A031755,1
Server - Distribution,"Konkle, Marvin",A7524,1
Server - Distribution,"Konop, Krystina",A030092,1
Server - Distribution,"Koppmann, James",A8754,1
Server - Distribution,"Kotler, Kellen",A16685,1
Server - Distribution,"Koza, William",A033128,1
Server - Distribution,"Kropp, Adam",A12765,1
Server - Distribution,"Kumar, Sasi",A10423,1
Server - Distribution,"Barthel, Gregory",A16687,1
Server - Distribution,"Kuniegel, Mitzi",A8225,1
Server - Distribution,"Labrie, Glen",A13300,1
Server - Distribution,"Lafrenaye, Marc",A9767,1
Server - Distribution,"Laird, Kevin",A10299,1
Server - Distribution,"Lambert, Christopher",A12611,1
Server - Distribution,"Lambis, Jorge",A14983,1
Server - Distribution,"Landells, Brett",A12509,1
Server - Distribution,"Landeros, Jhocelyn",A030816,1
Server - Distribution,"Langevin, Kristopher",A032638,1
Server - Distribution,"Lanni, Catherine",A15629,1
Server - Distribution,"Bednarz, Daniel",A19077,1
Server - Distribution,"Laster, Debra",A033570,1
Server - Distribution,"LaVallee, Michael",A034329,1
Server - Distribution,"Laven, Julie",A17120,1
Server - Distribution,"Laverty, Michael",A13204,1
Server - Distribution,"Leaym, Jennifer",A12745,1
Server - Distribution,"Ledoux, Corey",A15655,1
Server - Distribution,"Lee, Jared",A15496,1
Server - Distribution,"Lee, Robert",A12891,1
Server - Distribution,"Lee, Stephanie",A032391,1
Server - Distribution,"Lerner, Shelby",A19341,1
Server - Distribution,"Begin, Megan",A16215,1
Server - Distribution,"Leroux, Brian",A10713,1
Server - Distribution,"Letourneau, Roland",A4618,1
Server - Distribution,"Lewandowski, Melissa",A10061,1
Server - Distribution,"Lewis, Lexandre",A18190,1
Server - Distribution,"Leydon, Justin",A13405,1
Server - Distribution,"Lloyd, Anissa",A12419,1
Server - Distribution,"Lorenzen, Tyler",A034354,1
Server - Distribution,"Lowry, Sara",A20007,1
Server - Distribution,"Lynch, Cynthia",A5170,1
Server - Distribution,"Lynch, Daniel",A5702,1
Server - Distribution,"Bennett, Anne",A16563,1
Server - Distribution,"Maaz, Joshua",A12314,1
Server - Distribution,"MacConnell, David",A1692,1
Server - Distribution,"Macdonald-Conill, Kim",A3580,1
Server - Distribution,"Macera, Nicholas",A13535,1
Server - Distribution,"Macgregor, Bernadette",A19385,1
Server - Distribution,"Mackey, Lory",A6228,1
Server - Distribution,"Mackowitz, Eric",A12868,1
Server - Distribution,"Mahoney, Kimberley",A13883,1
Server - Distribution,"Malaro, Kelly",A15290,1
Server - Distribution,"Manchester, Meredith",A031893,1
Server - Distribution,"Ahmed, Nahla",A16689,1
Server - Distribution,"Benoit, Derek",A5215,1
Server - Distribution,"Mann, Ronald",A033849,1
Server - Distribution,"Marine, Dustin",A15670,1
Server - Distribution,"Marshall, Desire",A030481,1
Server - Distribution,"Martin, Ashley",A031714,1
Server - Distribution,"Martin, John",A1238,1
Server - Distribution,"Maslyn, Emily",A17181,1
Server - Distribution,"Maynard, Laurie Ann",A6981,1
Server - Distribution,"McCann, Shatoiya",A18188,1
Server - Distribution,"McCartin, Kelli",A17922,1
Server - Distribution,"McClary, Tara",A12986,1
Server - Distribution,"Benson, Andrew",A13297,1
Server - Distribution,"McCullough, Tommy",A031623,1
Server - Distribution,"McCusker, Nathan",A12978,1
Server - Distribution,"McDonald, Tashonda",A032639,1
Server - Distribution,"McGraw, Elizabeth",A19452,1
Server - Distribution,"McIntosh, Kaylee",A033126,1
Server - Distribution,"McKee, Desire",A13607,1
Server - Distribution,"McLaren, Nicholas",A16077,1
Server - Distribution,"McLoud, Kurt",A13886,1
Server - Distribution,"McNaney, Steven",A12267,1
Server - Distribution,"McSweeney, Samantha",A030550,1
Server - Distribution,"Berard, Scott",A4296,1
Server - Distribution,"Medoff, Emily",A034353,1
Server - Distribution,"Meller, Peter",A9367,1
Server - Distribution,"Mellino, Benjamin",A12541,1
Server - Distribution,"Messier, Kyle",A20219,1
Server - Distribution,"Messina, Brent",A031715,1
Server - Distribution,"Metivier, James",A1418,1
Server - Distribution,"Mi, Tuon",A15080,1
Server - Distribution,"Michel, Stephen",A20065,1
Server - Distribution,"Miller, Alexis",A19569,1
Server - Distribution,"Miller, Erik",A14869,1
Server - Distribution,"Berk, Todd",A11936,1
Server - Distribution,"Miller, Ian",A032049,1
Server - Distribution,"Mohn, Samantha",A032098,1
Server - Distribution,"Montagino, Catherine",A17600,1
Server - Distribution,"Mooney, Edward",A18512,1
Server - Distribution,"Mooney, Mallory",A18387,1
Server - Distribution,"Moore, Kris",A19531,1
Server - Distribution,"Moore, Robbie",A16329,1
Server - Distribution,"Morin, Lauren",A13108,1
Server - Distribution,"Morse, Laura",A19947,1
Server - Distribution,"Mujoria, Nikhilesh",A033282,1
Server - Distribution,"Berthod, Andrew",A18351,1
Server - Distribution,"Mulholland, James",A2265,1
Server - Distribution,"Mulrain, Neal",A12540,1
Server - Distribution,"Mundy, Sarah",A18796,1
Server - Distribution,"Murphy, Brian",A12805,1
Server - Distribution,"Murphy, Christopher",A12746,1
Server - Distribution,"Murphy, James",A4546,1
Server - Distribution,"Muto, Christina M.P.",A5791,1
Server - Distribution,"Mycroft, Derek",A14092,1
Server - Distribution,"Myers, Erica",A9274,1
Server - Distribution,"Nagy, David",A7277,1
Server - Distribution,"Bianco, Keila",A12068,1
Server - Distribution,"Neaves, Joseph",A15098,1
Server - Distribution,"Newton, Kevin",A033576,1
Server - Distribution,"Nguyen, Blake",A030482,1
Server - Distribution,"Noble, Brittany",A14044,1
Server - Distribution,"Norsek, Stephen",A9188,1
Server - Distribution,"Norton, Brian",A8997,1
Server - Distribution,"Noviello, Anthony",A4616,1
Server - Distribution,"Nunes, Taylor",A031843,1
Server - Distribution,"O'Brien, Gregory",A8624,1
Server - Distribution,"O'Brien, Shannon",A2632,1
Server - Distribution,"Bibb Lyke, Janet",A10930,1
Server - Distribution,"O'Connor, James",A9464,1
Server - Distribution,"Oleski, Elaine",A032282,1
Server - Distribution,"Oliva-Ramage, Lina",A9940,1
Server - Distribution,"Olney, Allan",A4083,1
Server - Distribution,"Ormsbee, Jonathan",A033068,1
Server - Distribution,"Ortiz Guzman, Dayna",A031712,1
Server - Distribution,"Ortiz Guzman, Iris",A15840,1
Server - Distribution,"Overholtzer, Kathryn",A18545,1
Server - Distribution,"Pace, Doreen",A1796,1
Server - Distribution,"Palmer, Kyle",A17888,1
Server - Distribution,"Blanco, Gabrielle",A032044,1
Server - Distribution,"Pannala, Mahipal",T034555,1
Server - Distribution,"Paredes, Alvaro",A11950,1
Server - Distribution,"Passacantando, Lianne",A16595,1
Server - Distribution,"Patangay, Abhishek",T17655,1
Server - Distribution,"Patruno, Lindsey",A18562,1
Server - Distribution,"Patterson, Michael",A9346,1
Server - Distribution,"Paulekas, Kevin",A18874,1
Server - Distribution,"Peer, Jennifer",A16297,1
Server - Distribution,"Peloquin, Steven",A15462,1
Server - Distribution,"Pelzman, Steven",A19599,1
Server - Distribution,"Blie, Victoria",A11116,1
Server - Distribution,"Pennacchia Jr, Michael",A032885,1
Server - Distribution,"Peralta, Daniel",A14439,1
Server - Distribution,"Perreault, Rebecca",A10997,1
Server - Distribution,"Peterkin, Rickeia",A030484,1
Server - Distribution,"Petrarca, Michael",A10186,1
Server - Distribution,"Pezzillo, Ashley",A17073,1
Server - Distribution,"Pfeiffer, Brian",A14226,1
Server - Distribution,"Piatti, Cynthia",A5118,1
Server - Distribution,"Picard, Neal",A031418,1
Server - Distribution,"Pietch, Amy",A15958,1
Server - Distribution,"Bodkin, Randall",A12197,1
Server - Distribution,"Pinney, Amy",A10700,1
Server - Distribution,"Pitt, Katrina",A19595,1
Server - Distribution,"Pitts, William",A12713,1
Server - Distribution,"Pope, Michelle",A1951,1
Server - Distribution,"Posocco, Kayla",A16587,1
Server - Distribution,"Prario, David",A8618,1
Server - Distribution,"Price, Deirdre",A033317,1
Server - Distribution,"Provost, Christopher",A031717,1
Server - Distribution,"Pruett, Teri",A7660,1
Server - Distribution,"Purcell, Timothy",A9194,1
Server - Distribution,"Aime, Wa'Tesha",A16707,1
Server - Distribution,"Boualapha, Joy",A12984,1
Server - Distribution,"Qian, Maxwell",A033673,1
Server - Distribution,"Qiu, Yiguang",A9184,1
Server - Distribution,"Quarles, Alan",A9719,1
Server - Distribution,"Quednau, Jamie",A19404,1
Server - Distribution,"Raffan, Sharon",A5892,1
Server - Distribution,"Raicik, John",A5202,1
Server - Distribution,"Ralston, Shaun",A8999,1
Server - Distribution,"Ramos, Debra",A8207,1
Server - Distribution,"Rampone, Bridget",A15110,1
Server - Distribution,"Rasmussen, Linda",A11214,1
Server - Distribution,"Boudreau, Christina L.R.",A10643,1
Server - Distribution,"Rego, Cristin",A9014,1
Server - Distribution,"Reichley, John",A3242,1
Server - Distribution,"Renaud, Kate",A11781,1
Server - Distribution,"Reynolds, Britney",A034300,1
Server - Distribution,"Rhoades, Connor",A031320,1
Server - Distribution,"Richardson, Brittany",A18881,1
Server - Distribution,"Richardson, Michelle",A11495,1
Server - Distribution,"Richer, Cameron",A17626,1
Server - Distribution,"Richmond-Dawkins, Christopher",A033143,1
Server - Distribution,"Riggs, James",A14937,1
Server - Distribution,"Boudreaux, James",A12553,1
Server - Distribution,"Rimshaw, Colin",A17893,1
Server - Distribution,"Roberson, Mary",A15805,1
Server - Distribution,"Roche, Patricia",A8535,1
Server - Distribution,"Rodo, Marisa",A19592,1
Server - Distribution,"Rodriguez, Loyda",A10361,1
Server - Distribution,"Rome, Regan",A033957,1
Server - Distribution,"Romm, Carrie",A10556,1
Server - Distribution,"Rottler, Alex",A16609,1
Server - Distribution,"Rounds, Donna",A1425,1
Server - Distribution,"Rowan, Patrick",A031718,1
Server - Distribution,"Bousquet, Jennifer",A030120,1
Server - Distribution,"Roy, Keighan",A034303,1
Server - Distribution,"Rueda, Vanessa",A032052,1
Server - Distribution,"Russell, James",A14781,1
Server - Distribution,"Russo, Maria",A033551,1
Server - Distribution,"Ruster, Sharon",A8693,1
Server - Distribution,"Ryan, Joseph",A19594,1
Server - Distribution,"Sabourin, Ryan",A17678,1
Server - Distribution,"Sadowski, Angela",A9411,1
Server - Distribution,"Saffelle, Alyson",A15116,1
Server - Distribution,"Schino, Paul",A9103,1
Server - Distribution,"Bradley, John",A034305,1
Server - Distribution,"Schmitt, Michael",A16883,1
Server - Distribution,"Scotti, Jonathan",A14299,1
Server - Distribution,SCS Subscription,SCS_Subscription,1
Server - Distribution,"Seder, Evan",A032631,1
Server - Distribution,"Seither, Elizabeth",A030542,1
Server - Distribution,"Sexton, Kieran",A030823,1
Server - Distribution,"Shaffer, Pamela",A16913,1
Server - Distribution,"Shaw, Adam",A13533,1
Server - Distribution,"Shead, Ariel",A19296,1
Server - Distribution,"Shepard, Duncan",A16695,1
Server - Distribution,"Brennan, Meagan",A16920,1
Server - Distribution,"Sherer, Michael",A15685,1
Server - Distribution,"Sherring, James",A4252,1
Server - Distribution,"Siegfried, John",A16357,1
Server - Distribution,"Silva, Acel",A12767,1
Server - Distribution,"Simons, Christopher",A5505,1
Server - Distribution,"Simons, Robert",A030908,1
Server - Distribution,"Simpson, Irene",A2096,1
Server - Distribution,"Skerry Leonard, Mikhaila",A17012,1
Server - Distribution,"Slaughter, Samantha",A19308,1
Server - Distribution,"Small, Kelly",A8899,1
Server - Distribution,"Bridges, Diane",A4254,1
Server - Distribution,"Smart, Patrick",A19074,1
Server - Distribution,"Smith, Amy",A10417,1
Server - Distribution,"Smith, Caleb",A032053,1
Server - Distribution,"Smith, Daren",A14988,1
Server - Distribution,"Smith, Leesa",A8253,1
Server - Distribution,"Smith, Sarah",A16694,1
Server - Distribution,"Smith, Shawn",A11366,1
Server - Distribution,"Smith, Sterling",A16069,1
Server - Distribution,"Smolan, Alexander",A032054,1
Server - Distribution,"Snow, Madeline",A034356,1
Server - Distribution,"Brissette, Ian",A031279,1
Server - Distribution,"Somaru, Kudarie",A17340,1
Server - Distribution,"Somers-McKeever, Amy",A030505,1
Server - Distribution,"Soodini, Ramu",A19559,1
Server - Distribution,"Souza, Jennifer",A032895,1
Server - Distribution,"Speice, Tara",A11809,1
Server - Distribution,"Spence, Kelly",A031734,1
Server - Distribution,"St. Francis, Kelly",A14959,1
Server - Distribution,"St. Onge, Lisa",A6166,1
Server - Distribution,"Starr, Jesse",A13679,1
Server - Distribution,"Stevens, Sabrina",A032633,1
Server - Distribution,"Brittin, Matthew",A16213,1
Server - Distribution,"Stickelman, Allyson",A12212,1
Server - Distribution,"Stolte, Rebecca",A11722,1
Server - Distribution,"Streiff, Sarah",A16922,1
Server - Distribution,"Sullivan, Patrick",A13677,1
Server - Distribution,"Swanson, Michael",A14278,1
Server - Distribution,"Sweet, Erika",A033670,1
Server - Distribution,"Swiergosz, Aaron",A034364,1
Server - Distribution,"Tannheimer, Melissa",A031736,1
Server - Distribution,"Taylor, Andrew",A13216,1
Server - Distribution,"Teece, Jeffrey",A7268,1
Server - Distribution,"Brown, Larry",A3075,1
Server - Distribution,"Teevin, James",A6357,1
Server - Distribution,"Terry, Joshua",A11178,1
Server - Distribution,"Thompson, Denise",A12643,1
Server - Distribution,"Tierney, Carolyn",A2223,1
Server - Distribution,"Tillinghast, Zuhairah",A10580,1
Server - Distribution,"Torres, Leslie",A034357,1
Server - Distribution,"Tretler, Britanie",A19187,1
Server - Distribution,"Trigo, Lu Ann",A1514,1
Server - Distribution,"Troxell, Kristy",A17063,1
Server - Distribution,"Turner, Sheela",A6392,1
Server - Distribution,"Albert, Cydney",A14425,1
Server - Distribution,"Brown, Stephanie",A9127,1
Server - Distribution,"Valentini, Lee",A5535,1
Server - Distribution,"Vallejo, Johan",A20012,1
Server - Distribution,"Van Gorden, Kathleen",A15904,1
Server - Distribution,"Van Kooten, Thomas",A030485,1
Server - Distribution,"Vasquez, Jodi",A9159,1
Server - Distribution,"Villacorta, Luciana",A18878,1
Server - Distribution,"Vincent, Michael",A17355,1
Server - Distribution,VisixMstratSVC,VisixMstratSVC,1
Server - Distribution,"Vito, Benjamin",A030093,1
Server - Distribution,"Wacenske, Quinn",A16477,1
Server - Distribution,"Brown, Timothy",A5832,1
Server - Distribution,"Waddell, J. Alexandria",A16885,1
Server - Distribution,"Wahl, Bryce",A14993,1
Server - Distribution,"Wahl, Deanna",A14991,1
Server - Distribution,"Waldner, Robert",A12408,1
Server - Distribution,"Walker, Kwame",A19838,1
Server - Distribution,"Wallace, Robert",A9126,1
Server - Distribution,"Waller, Shakeyta",A033154,1
Server - Distribution,"Wallin, Steven",A15102,1
Server - Distribution,"Walsh, Michael",A16479,1
Server - Distribution,"Walsingham, Amy",A16219,1
Server - Distribution,"Browne, Aaron",A033645,1
Server - Distribution,"Walters, Landen",A033631,1
Server - Distribution,"Wang, William",A033155,1
Server - Distribution,"Ward, Michelle",A9604,1
Server - Distribution,"Ware, Katherine",A13440,1
Server - Distribution,"Welch, Sean",A5220,1
Server - Distribution,"Wells, Patricia",A9969,1
Server - Distribution,"Wesselhoeft, Conrad",A8887,1
Server - Distribution,"White, Andrew",A2846,1
Server - Distribution,"White, Kelley",A032635,1
Server - Distribution,"White, Savannah",A15003,1
Server - Distribution,"Bruno, Elizabeth",A18587,1
Server - Distribution,"Whitehurst, Kierstyn",A18882,1
Server - Distribution,"Wilkins, Rigby",A18550,1
Server - Distribution,"Willette, Gabrielle",A16976,1
Server - Distribution,"Winfree, Gloria",A6848,1
Server - Distribution,"Winn, Michele",A8550,1
Server - Distribution,"Wojtowicz, Bryan",A15052,1
Server - Distribution,"Wood, Tony",A14952,1
Server - Distribution,"Wortz, Kylie",A18682,1
Server - Distribution,"Young, Jacob",A032058,1
Server - Distribution,"Young, Nicole",A2375,1
Server - Distribution,"Bui, Lina",A17905,1
Server - Distribution,"Zeigler, Nicholas",A033345,1
Server - Distribution,"Zerba, James",A1101,1
Server - Distribution,"Zerba, Mark",A8621,1
Server - Distribution,"Zhang, Yun",A20250,1
Server - Distribution,"Zhu, Liu",A034546,1
Server - Distribution,"Zhu, Ying",A19839,1
Server - Distribution,"Zientara, Raymond",A9447,1
Server - Distribution,"Zimmer, Erica",A9176,1
Server - Distribution,"Zuffoletti, Philip",A9797,1
Server - Distribution,"Zwyer, Jessica",A15007,1
Server - Distribution,"Burgoyne, David",A15955,1
Server - Distribution,"Burr, Hannah",A15954,1
Server - Distribution,"Buttermore, Kristen",A16691,1
Server - Distribution,"Butts, Holly",A033387,1
Server - Distribution,"Cahill, Sean",A9463,1
Server - Distribution,"Allen, Caitlin",A16947,1
Server - Distribution,"Caldarone, Ryan",A15661,1
Server - Distribution,"Calouro, Timothy",A15469,1
Server - Distribution,"Cannon, Parrish",A6954,1
Server - Distribution,"Cape, Kelly",A11277,1
Server - Distribution,"Carnevale, Frank",A5555,1
Server - Distribution,"Carvill, James",A10585,1
Server - Distribution,"Casey, Brandon",A16911,1
Server - Distribution,CED Subscription,CED_Subscription,1
Server - Distribution,"Chadwell, Kimberly",A15693,1
Server - Distribution,"Chiappinelli, Karen",A9296,1
Server - Distribution,"Alton, Jessica",A15037,1
Server - Distribution,"Chickene, Alexa",A030453,1
Server - Distribution,"Childs, Timothy",A12609,1
Server - Distribution,"Chintamaneni, Balaji",A032589,1
Server - Distribution,"Chi-Ukpai, Chinanu",A18208,1
Server - Distribution,"Chofay, Devon",A034298,1
Server - Distribution,"Chowdhury, Mohammed",A030028,1
Server - Distribution,"Clark, Christopher",A14277,1
Server - Distribution,"Clark, Maxime",A031701,1
Server - Distribution,"Clark, Sonja",A14475,1
Server - Distribution,"Claxton, Kristie",A3311,1
Server - Distribution,"Alvarado, Raymond",A19554,1
Server - Distribution,"Clemente, Stephanie",A15012,1
Server - Distribution,"Cloutier, Cory",A16889,1
Server - Distribution,"Cobb, Kevin",A9785,1
Server - Distribution,"Cochran, Amanda",A17397,1
Server - Distribution,"Colaluca, Andrew",A030053,1
Server - Distribution,"Collette, Susan",A9557,1
Server - Distribution,"Collins, Joseph",A030030,1
Server - Distribution,"Colvin, Bryanca",A17057,1
Server - Distribution,"Conley, Hannah",A030804,1
Server - Distribution,"Connors, Andrew",A17088,1
Server - Distribution,"Amaral, Kevin",A032588,1
Server - Distribution,"Connors, Bridget",A16237,1
Server - Distribution,"Cook, Nicole",A8839,1
Server - Distribution,"Corson, Sean",A12776,1
Server - Distribution,"Costa, Bruno",A15953,1
Server - Distribution,"Cotten, Sharon",A9642,1
Server - Distribution,"Cowell, Carla",A17873,1
Server - Distribution,"Craig, Matthew",A030457,1
Server - Distribution,"Craveiro, Joseph",A13538,1
Server - Distribution,"Cremer, Brian",A9361,1
Server - Distribution,"Cronin, Matthew",A9280,1
Server - Transaction,"Adhikari, Prasanna",A031576,1
Server - Transaction,"Agnoli, Joseph",A14228,1
Server - Transaction,"Bakine, Ornis",A031278,1
Server - Transaction,"Guzman, Stephanie",A034342,1
Server - Transaction,"Gwinup, Jeffrey",A034343,1
Server - Transaction,"Halnen, Kelly",A034344,1
Server - Transaction,"Hanley, Kathleen Gillerlane",A9935,1
Server - Transaction,"Harrison, Mark",A2999,1
Server - Transaction,"Hatala, Adrianna",A16557,1
Server - Transaction,"Hawkins, Theophilus",A16902,1
Server - Transaction,"Hayes, Kirstin",A030808,1
Server - Transaction,"Haynes, Savanna",A033549,1
Server - Transaction,"Heinold, Daniel",A8998,1
Server - Transaction,"Ball, Katherine",A031694,1
Server - Transaction,"Hilsendager, Sarah",A11750,1
Server - Transaction,"Holder, Van Simone",A031282,1
Server - Transaction,"Holley, William",A031745,1
Server - Transaction,"Horta, Keri",A19186,1
Server - Transaction,"Hughes, Audrey",A9923,1
Server - Transaction,"Hughes, Melanie",A5874,1
Server - Transaction,"Hunter, Craig",A18496,1
Server - Transaction,"Ike, Francis",A19980,1
Server - Transaction,"Izraeli, Zachary",A032632,1
Server - Transaction,"Jackson, Carey",A13249,1
Server - Transaction,"Baltzer, Karen",A7176,1
Server - Transaction,"Jackson, Spencer",A14939,1
Server - Transaction,"James, Shauntae",A17890,1
Server - Transaction,"Jastremski, Stephen",A19438,1
Server - Transaction,"Jean, Daniel",A17613,1
Server - Transaction,"Jergenson, Matthew",A19288,1
Server - Transaction,"Johnson, Caroline",A14823,1
Server - Transaction,"Johnson, Samantha",A032634,1
Server - Transaction,"Kaufman, Kara",A17645,1
Server - Transaction,"Kleinman, Phillip",A033124,1
Server - Transaction,"Kleinman, William",A20040,1
Server - Transaction,"Bandi, Praveen",T032160,1
Server - Transaction,"Kluberdanz, Marla",A9374,1
Server - Transaction,"Knowles, Naomi",A7801,1
Server - Transaction,"Komsa, Nicholas",A031755,1
Server - Transaction,"Koza, William",A033128,1
Server - Transaction,"Kumar, Sasi",A10423,1
Server - Transaction,"Kuniegel, Mitzi",A8225,1
Server - Transaction,"Landells, Brett",A12509,1
Server - Transaction,"Landeros, Jhocelyn",A030816,1
Server - Transaction,"Langevin, Kristopher",A032638,1
Server - Transaction,"LaVallee, Michael",A034329,1
Server - Transaction,"Barthel, Gregory",A16687,1
Server - Transaction,"Ledoux, Corey",A15655,1
Server - Transaction,"Lee, Jared",A15496,1
Server - Transaction,"Lee, Robert",A12891,1
Server - Transaction,"Lewandowski, Melissa",A10061,1
Server - Transaction,"Lewis, Lexandre",A18190,1
Server - Transaction,"Lloyd, Anissa",A12419,1
Server - Transaction,"Lorenzen, Tyler",A034354,1
Server - Transaction,"Lowry, Sara",A20007,1
Server - Transaction,"Lynch, Cynthia",A5170,1
Server - Transaction,"Macgregor, Bernadette",A19385,1
Server - Transaction,"Bennett, Anne",A16563,1
Server - Transaction,"Mackey, Lory",A6228,1
Server - Transaction,"Mackowitz, Eric",A12868,1
Server - Transaction,"Mahoney, Kimberley",A13883,1
Server - Transaction,"Marshall, Desire",A030481,1
Server - Transaction,"Martin, Ashley",A031714,1
Server - Transaction,"Maslyn, Emily",A17181,1
Server - Transaction,"Maynard, Laurie Ann",A6981,1
Server - Transaction,"McCann, Shatoiya",A18188,1
Server - Transaction,"McCullough, Tommy",A031623,1
Server - Transaction,"McDonald, Tashonda",A032639,1
Server - Transaction,"Berk, Todd",A11936,1
Server - Transaction,"McGraw, Elizabeth",A19452,1
Server - Transaction,"McIntosh, Kaylee",A033126,1
Server - Transaction,"McKee, Desire",A13607,1
Server - Transaction,"McLaren, Nicholas",A16077,1
Server - Transaction,"McLoud, Kurt",A13886,1
Server - Transaction,"McSweeney, Samantha",A030550,1
Server - Transaction,"Medoff, Emily",A034353,1
Server - Transaction,"Messina, Brent",A031715,1
Server - Transaction,"Metivier, James",A1418,1
Server - Transaction,"Mi, Tuon",A15080,1
Server - Transaction,"Berthod, Andrew",A18351,1
Server - Transaction,"Michel, Stephen",A20065,1
Server - Transaction,"Miller, Alexis",A19569,1
Server - Transaction,"Miller, Erik",A14869,1
Server - Transaction,"Miller, Ian",A032049,1
Server - Transaction,"Mohn, Samantha",A032098,1
Server - Transaction,"Montagino, Catherine",A17600,1
Server - Transaction,"Mooney, Edward",A18512,1
Server - Transaction,"Mooney, Mallory",A18387,1
Server - Transaction,"Moore, Kris",A19531,1
Server - Transaction,"Moore, Robbie",A16329,1
Server - Transaction,"Bianco, Keila",A12068,1
Server - Transaction,"Morin, Lauren",A13108,1
Server - Transaction,"Mujoria, Nikhilesh",A033282,1
Server - Transaction,"Mulholland, James",A2265,1
Server - Transaction,"Mulrain, Neal",A12540,1
Server - Transaction,"Murphy, James",A4546,1
Server - Transaction,"Muto, Christina M.P.",A5791,1
Server - Transaction,"Mycroft, Derek",A14092,1
Server - Transaction,"Myers, Erica",A9274,1
Server - Transaction,"Neaves, Joseph",A15098,1
Server - Transaction,"Nguyen, Blake",A030482,1
Server - Transaction,"Blanco, Gabrielle",A032044,1
Server - Transaction,"Norton, Brian",A8997,1
Server - Transaction,"O'Connor, James",A9464,1
Server - Transaction,"Oliva-Ramage, Lina",A9940,1
Server - Transaction,"Ormsbee, Jonathan",A033068,1
Server - Transaction,"Ortiz Guzman, Dayna",A031712,1
Server - Transaction,"Ortiz Guzman, Iris",A15840,1
Server - Transaction,"Overholtzer, Kathryn",A18545,1
Server - Transaction,"Pace, Doreen",A1796,1
Server - Transaction,"Palmer, Kyle",A17888,1
Server - Transaction,"Pannala, Mahipal",T034555,1
Server - Transaction,"Agosu, Omolola",A18212,1
Server - Transaction,"Bodkin, Randall",A12197,1
Server - Transaction,"Paredes, Alvaro",A11950,1
Server - Transaction,"Patangay, Abhishek",T17655,1
Server - Transaction,"Patruno, Lindsey",A18562,1
Server - Transaction,"Patterson, Michael",A9346,1
Server - Transaction,"Paulekas, Kevin",A18874,1
Server - Transaction,"Peer, Jennifer",A16297,1
Server - Transaction,"Pelzman, Steven",A19599,1
Server - Transaction,"Peralta, Daniel",A14439,1
Server - Transaction,"Perreault, Rebecca",A10997,1
Server - Transaction,"Peterkin, Rickeia",A030484,1
Server - Transaction,"Bradley, John",A034305,1
Server - Transaction,"Pezzillo, Ashley",A17073,1
Server - Transaction,"Piatti, Cynthia",A5118,1
Server - Transaction,"Pietch, Amy",A15958,1
Server - Transaction,"Pinney, Amy",A10700,1
Server - Transaction,"Posocco, Kayla",A16587,1
Server - Transaction,"Provost, Christopher",A031717,1
Server - Transaction,"Pruett, Teri",A7660,1
Server - Transaction,"Raffan, Sharon",A5892,1
Server - Transaction,"Ralston, Shaun",A8999,1
Server - Transaction,"Ramos, Debra",A8207,1
Server - Transaction,"Brennan, Meagan",A16920,1
Server - Transaction,"Rampone, Bridget",A15110,1
Server - Transaction,"Rasmussen, Linda",A11214,1
Server - Transaction,"Reichley, John",A3242,1
Server - Transaction,"Reynolds, Britney",A034300,1
Server - Transaction,"Rhoades, Connor",A031320,1
Server - Transaction,"Richardson, Brittany",A18881,1
Server - Transaction,"Richmond-Dawkins, Christopher",A033143,1
Server - Transaction,"Riggs, James",A14937,1
Server - Transaction,"Roberson, Mary",A15805,1
Server - Transaction,"Roche, Patricia",A8535,1
Server - Transaction,"Bridges, Diane",A4254,1
Server - Transaction,"Rodo, Marisa",A19592,1
Server - Transaction,"Romm, Carrie",A10556,1
Server - Transaction,"Rounds, Donna",A1425,1
Server - Transaction,"Rowan, Patrick",A031718,1
Server - Transaction,"Roy, Keighan",A034303,1
Server - Transaction,"Rueda, Vanessa",A032052,1
Server - Transaction,"Russell, James",A14781,1
Server - Transaction,"Russo, Maria",A033551,1
Server - Transaction,"Sabourin, Ryan",A17678,1
Server - Transaction,"Saffelle, Alyson",A15116,1
Server - Transaction,"Brittin, Matthew",A16213,1
Server - Transaction,"Schmitt, Michael",A16883,1
Server - Transaction,SCS Subscription,SCS_Subscription,1
Server - Transaction,"Seder, Evan",A032631,1
Server - Transaction,"Sexton, Kieran",A030823,1
Server - Transaction,"Shead, Ariel",A19296,1
Server - Transaction,"Shepard, Duncan",A16695,1
Server - Transaction,"Sherer, Michael",A15685,1
Server - Transaction,"Sherring, James",A4252,1
Server - Transaction,"Siegfried, John",A16357,1
Server - Transaction,"Simons, Robert",A030908,1
Server - Transaction,"Browne, Aaron",A033645,1
Server - Transaction,"Skerry Leonard, Mikhaila",A17012,1
Server - Transaction,"Slaughter, Samantha",A19308,1
Server - Transaction,"Smart, Patrick",A19074,1
Server - Transaction,"Smith, Caleb",A032053,1
Server - Transaction,"Smith, Shawn",A11366,1
Server - Transaction,"Smolan, Alexander",A032054,1
Server - Transaction,"Snow, Madeline",A034356,1
Server - Transaction,"Somaru, Kudarie",A17340,1
Server - Transaction,"Soodini, Ramu",A19559,1
Server - Transaction,"Speice, Tara",A11809,1
Server - Transaction,"Bruno, Elizabeth",A18587,1
Server - Transaction,"Spence, Kelly",A031734,1
Server - Transaction,"St. Francis, Kelly",A14959,1
Server - Transaction,"Stevens, Sabrina",A032633,1
Server - Transaction,"Stickelman, Allyson",A12212,1
Server - Transaction,"Stolte, Rebecca",A11722,1
Server - Transaction,"Streiff, Sarah",A16922,1
Server - Transaction,"Sweet, Erika",A033670,1
Server - Transaction,"Swiergosz, Aaron",A034364,1
Server - Transaction,"Tannheimer, Melissa",A031736,1
Server - Transaction,"Thompson, Denise",A12643,1
Server - Transaction,"Bui, Lina",A17905,1
Server - Transaction,"Torres, Leslie",A034357,1
Server - Transaction,"Tretler, Britanie",A19187,1
Server - Transaction,"Troxell, Kristy",A17063,1
Server - Transaction,"Turner, Sheela",A6392,1
Server - Transaction,"Villacorta, Luciana",A18878,1
Server - Transaction,"Waller, Shakeyta",A033154,1
Server - Transaction,"Walsh, Michael",A16479,1
Server - Transaction,"Walters, Landen",A033631,1
Server - Transaction,"Wang, William",A033155,1
Server - Transaction,"Ward, Michelle",A9604,1
Server - Transaction,"Burr, Hannah",A15954,1
Server - Transaction,"Ware, Katherine",A13440,1
Server - Transaction,"Wells, Patricia",A9969,1
Server - Transaction,"White, Kelley",A032635,1
Server - Transaction,"White, Savannah",A15003,1
Server - Transaction,"Whitehurst, Kierstyn",A18882,1
Server - Transaction,"Wilkins, Rigby",A18550,1
Server - Transaction,"Winfree, Gloria",A6848,1
Server - Transaction,"Wojtowicz, Bryan",A15052,1
Server - Transaction,"Wortz, Kylie",A18682,1
Server - Transaction,"Young, Jacob",A032058,1
Server - Transaction,"Cahill, Sean",A9463,1
Server - Transaction,"Zhu, Liu",A034546,1
Server - Transaction,"Zimmer, Erica",A9176,1
Server - Transaction,"Zwyer, Jessica",A15007,1
Server - Transaction,"Ahmed, Nahla",A16689,1
Server - Transaction,"Calouro, Timothy",A15469,1
Server - Transaction,"Cape, Kelly",A11277,1
Server - Transaction,CED Subscription,CED_Subscription,1
Server - Transaction,"Chadwell, Kimberly",A15693,1
Server - Transaction,"Chi-Ukpai, Chinanu",A18208,1
Server - Transaction,"Chofay, Devon",A034298,1
Server - Transaction,"Chowdhury, Mohammed",A030028,1
Server - Transaction,"Clark, Maxime",A031701,1
Server - Transaction,"Clark, Sonja",A14475,1
Server - Transaction,"Claxton, Kristie",A3311,1
Server - Transaction,"Alvarado, Raymond",A19554,1
Server - Transaction,"Clemente, Stephanie",A15012,1
Server - Transaction,"Cloutier, Cory",A16889,1
Server - Transaction,"Cobb, Kevin",A9785,1
Server - Transaction,"Colaluca, Andrew",A030053,1
Server - Transaction,"Colvin, Bryanca",A17057,1
Server - Transaction,"Conley, Hannah",A030804,1
Server - Transaction,"Connors, Andrew",A17088,1
Server - Transaction,"Connors, Bridget",A16237,1
Server - Transaction,"Cook, Nicole",A8839,1
Server - Transaction,"Cotten, Sharon",A9642,1
Server - Transaction,"Andrews, Santino",A032358,1
Server - Transaction,"Craig, Matthew",A030457,1
Server - Transaction,"Craveiro, Joseph",A13538,1
Server - Transaction,"Cruz Cabrera, Rosangel",A032667,1
Server - Transaction,"Cureton, Asya",A032097,1
Server - Transaction,"Dailey, Cornelius",A032664,1
Server - Transaction,"Davenport, William",A12514,1
Server - Transaction,"Davis, Dante",A19314,1
Server - Transaction,"Davis, Talia",A032666,1
Server - Transaction,"De Buono, Alison",A16216,1
Server - Transaction,"DeBarros, Angela",A031059,1
Server - Transaction,"Armstrong, Ryan",A19248,1
Server - Transaction,"Deems, David",A17829,1
Server - Transaction,"Dempsey, Kara",A16696,1
Server - Transaction,"Dent, Alena",A19563,1
Server - Transaction,"D'Eramo, Leandra",A15691,1
Server - Transaction,"Desrosiers, Michelle",A14900,1
Server - Transaction,"Deziel, Julie",A9741,1
Server - Transaction,"Doblitz, Michele-Angella",A18861,1
Server - Transaction,"Doodian, Edward",A9205,1
Server - Transaction,"Duffy, Jeremy",A15743,1
Server - Transaction,"Duggan, Mary",A13376,1
Server - Transaction,"Ascoli, Kimberly",A030532,1
Server - Transaction,"Durr, Ryan",A033166,1
Server - Transaction,"Dyer, M Michelle",A7842,1
Server - Transaction,"Eason, Tolisha",A17907,1
Server - Transaction,"Edouard, Thelma",A14000,1
Server - Transaction,"Ellis, Michele",A031705,1
Server - Transaction,"Enzmann, Olivia",A030476,1
Server - Transaction,"Evan-Cook, Angelica",A034304,1
Server - Transaction,"Evers, Henry",A030470,1
Server - Transaction,"Fatcheric, Andrew",A17668,1
Server - Transaction,"Ferry, Kristine",A9148,1
Server - Transaction,"Aylmer, Brittany",A031857,1
Server - Transaction,"Firsch, Ashley",A20069,1
Server - Transaction,"Flannelly, Kailey",A033534,1
Server - Transaction,"Flynn, Gerald",A9678,1
Server - Transaction,"Francisco, Alexander",A030090,1
Server - Transaction,"French, Abigail",A18600,1
Server - Transaction,"Frink, Karyn",A8836,1
Server - Transaction,"Fry, Joshua",A033167,1
Server - Transaction,"Gader, Brett",A15687,1
Server - Transaction,"Gagne, Gillian",A030091,1
Server - Transaction,"Gamache, Sara",A032191,1
Server - Transaction,"Bailon, Andrew",T033270,1
Server - Transaction,"Gannon, Sean",A031706,1
Server - Transaction,"Gaskins, Chelsea",A17909,1
Server - Transaction,"Gaudette, Jennifer",A17575,1
Server - Transaction,"Gauvin, Bianca",A20072,1
Server - Transaction,"Gerheim, Kate",A13112,1
Server - Transaction,"Gomes, Michelle",A19286,1
Server - Transaction,"Gomez, Byron",A18498,1
Server - Transaction,"Gray, Karen",A5758,1
Server - Transaction,"Grosnick, Sarah",A14483,1
Server - Transaction,"Guci, Nicole",A032046,1
Server - Geospatial,-,,1
Drivers - Big Data,-,,1
Drivers - OLAP,-,,1
Gateway - EMM - Mobile Iron,-,,1
Gateway - EMM - AirWatch by VMWare,-,,1
Gateway - EMM - AppConfig,-,,1
Gateway - EMM - Blackberry Dynamics,-,,1
