,Claim Create Dt,Claim Reopen Date,Claim Type,Clm,Cov,Covrg Cd,Detail Claim Type,Detail LOB,Examiner,Examiner Email,File Convert Dt,File Number,Insured 1,LOB,Loss State,Policy State,Rsv Dt,Claim Cnt
0,5/16/2019 136,,Injury    ,1,BI   ,262,BI All,Home Sec II      ,"Huber, Sarah",SHUBER@AMICA.COM                                  ,5/16/2019,60003529817,George M. Durgin                                                      ,Home     ,Rhode Island,RHODE ISLAND,5/16/2019,1
1,5/16/2019 136,,Injury    ,1,BI   ,900,BI All,Umbrella Injury  ,"Schino, Paul",PSCHINO@AMICA.COM                                 ,5/16/2019,60003529262,Donna R. Bollinger                                                    ,Umbrella ,North Carolina,NORTH CAROLINA,5/16/2019,1
2,5/16/2019 136,,Injury    ,2,BI   ,101,BI All,Auto Injury      ,"Peloquin, Steven",SPELOQUIN@AMICA.COM                               ,5/16/2019,60003526878,Craig G. Carr                                                         ,Auto     ,Florida,FLORIDA,5/16/2019,1
3,5/16/2019 136,,Injury    ,2,BI   ,262,BI All,Home Sec II      ,"Huber, Sarah",SHUBER@AMICA.COM                                  ,5/16/2019,60003528808,Hamid Banafsheha                                                      ,Home     ,California,CALIFORNIA,5/16/2019,1
4,5/16/2019 136,,Injury    ,3,BI   ,101,BI All,Auto Injury      ,"Espie, Michael",MESPIE@AMICA.COM                                  ,5/16/2019,60003474996,Zachary S. Cannon                                                     ,Auto     ,New Mexico,NEW MEXICO,5/16/2019,1
5,5/16/2019 136,,Phy Dam   ,1,PD   ,266,PD All,Home Sec II      ,"Murphy, Christopher",CMURPHY3@AMICA.COM                                ,5/2/2019,60003506942,Nancy J. Vobecky                                                      ,Home     ,New Jersey,NEW JERSEY,5/16/2019,1
6,5/16/2019 136,,Phy Dam   ,2,PD   ,266,PD All,Home Sec II      ,"Murphy, Christopher",CMURPHY3@AMICA.COM                                ,5/16/2019,60003528380,Barry L. Levenberg                                                    ,Home     ,New Jersey,NEW JERSEY,5/16/2019,1
7,5/15/2019 135,,Injury    ,1,UDBI ,104,BI All,Auto Injury      ,"Marine, Dustin",DMARINE@AMICA.COM                                 ,5/15/2019,60003527481,Bradley J. Olson                                                      ,Auto     ,Rhode Island,RHODE ISLAND,5/15/2019,1
8,5/15/2019 135,,Injury    ,3,BI   ,101,BI All,Auto Injury      ,"Laverty, Michael",MLAVERTY@AMICA.COM                                ,5/15/2019,60003528151,Cristina A. Hamscher                                                  ,Auto     ,Massachusetts,MASSACHUSETTS,5/15/2019,1
9,5/15/2019 135,,Injury    ,4,BI   ,101,BI All,Auto Injury      ,"Laverty, Michael",MLAVERTY@AMICA.COM                                ,3/20/2018,60002929746,Vito J. Colletti                                                      ,Auto     ,New York,NEW YORK,5/15/2019,1
10,5/15/2019 135,,Phy Dam   ,1,PD   ,266,PD All,Home Sec II      ,"Huber, Sarah",SHUBER@AMICA.COM                                  ,5/15/2019,60003481846,David W. Yee                                                          ,Home     ,Idaho,WASHINGTON,5/15/2019,1
11,5/15/2019 135,,Phy Dam   ,2,PD   ,102,PD All,Auto Phy Dam     ,"Marine, Dustin",DMARINE@AMICA.COM                                 ,4/22/2019,60003484159,Donald P. Morgan                                                      ,Auto     ,Virginia,WEST VIRGINIA,5/15/2019,1
12,5/15/2019 135,,Phy Dam   ,10,PD   ,102,PD All,Auto Phy Dam     ,"Espie, Michael",MESPIE@AMICA.COM                                  ,2/28/2019,60003366093,John D. Ottenheimer                                                   ,Auto     ,Maryland,MARYLAND,5/15/2019,1
13,5/14/2019 134,,Injury    ,7,BI   ,101,BI All,Auto Injury      ,"Espie, Michael",MESPIE@AMICA.COM                                  ,5/12/2019,60002953637,Mary Anne Pusey                                                       ,Auto     ,Maryland,MARYLAND,5/14/2019,1
14,5/14/2019 134,,Phy Dam   ,3,PD   ,102,PD All,Auto Phy Dam     ,"Rottler, Alex",AROTTLER@AMICA.COM                                ,5/14/2019,60003446723,Robert M. Blume                                                       ,Auto     ,Texas,TEXAS,5/14/2019,1
15,5/13/2019 133,,Injury    ,1,BI   ,900,BI All,Umbrella Injury  ,"Schino, Paul",PSCHINO@AMICA.COM                                 ,5/13/2019,60003526114,Nicholas Bradley Rakes,Umbrella ,New Jersey,NEW JERSEY,5/13/2019,1
16,5/13/2019 133,,Injury    ,1,BI   ,900,BI All,Umbrella Injury  ,"Schino, Paul",PSCHINO@AMICA.COM                                 ,5/9/2019,60003522939,Martin J. Dunne,Umbrella ,Wisconsin,ILLINOIS,5/13/2019,1
17,5/13/2019 133,,Injury    ,2,BI   ,101,BI All,Auto Injury      ,"Laverty, Michael",MLAVERTY@AMICA.COM                                ,5/13/2019,60003525805,Helen A. MacDonald                                                    ,Auto     ,New York,NEW YORK,5/13/2019,1
18,5/13/2019 133,,Injury    ,2,BI   ,900,BI All,Umbrella Injury  ,"Schino, Paul",PSCHINO@AMICA.COM                                 ,5/13/2019,60003526114,Nicholas Bradley Rakes,Umbrella ,New Jersey,NEW JERSEY,5/13/2019,1
19,5/13/2019 133,,Injury    ,7,UDBI ,104,BI All,Auto Injury      ,"Peloquin, Steven",SPELOQUIN@AMICA.COM                               ,4/12/2019,60003485010,Betsy Valencia                                                        ,Auto     ,Florida,FLORIDA,5/13/2019,1
20,5/13/2019 133,,Phy Dam   ,3,PD   ,102,PD All,Auto Phy Dam     ,"Espie, Michael",MESPIE@AMICA.COM                                  ,5/9/2019,60003444446,Jessica Kauahi,Auto     ,Arizona,ARIZONA,5/13/2019,1
21,5/13/2019 133,,Phy Dam   ,3,PD   ,102,PD All,Auto Phy Dam     ,"Manoogian, Sharon",SMANOOGIAN@AMICA.COM                              ,5/9/2019,60003469789,Nathan Marcus                                                         ,Auto     ,New Jersey,NEW JERSEY,5/13/2019,1
22,5/10/2019 130,,Injury    ,1,BI   ,900,BI All,Umbrella Injury  ,"Schino, Paul",PSCHINO@AMICA.COM                                 ,5/10/2019,60003524067,David F. Taylor                                                       ,Umbrella ,Arizona,VIRGINIA,5/10/2019,1
23,5/10/2019 130,,Injury    ,5,BI   ,101,BI All,Auto Injury      ,"Espie, Michael",MESPIE@AMICA.COM                                  ,5/12/2019,60002953637,Mary Anne Pusey                                                       ,Auto     ,Maryland,MARYLAND,5/12/2019,1
24,5/10/2019 130,,Injury    ,6,BI   ,101,BI All,Auto Injury      ,"Espie, Michael",MESPIE@AMICA.COM                                  ,5/12/2019,60002953637,Mary Anne Pusey                                                       ,Auto     ,Maryland,MARYLAND,5/12/2019,1
25,5/9/2019 129,,Injury    ,5,UMBI ,120,BI All,Auto Injury      ,"Espie, Michael",MESPIE@AMICA.COM                                  ,5/1/2019,60003502943,Rodney Breeden,Auto     ,Texas,ARIZONA,5/9/2019,1
26,5/8/2019 128,,Injury    ,1,BI   ,101,BI All,Auto Injury      ,"Espie, Michael",MESPIE@AMICA.COM                                  ,5/13/2019,60003521504,Dominic J. Di Salvo                                                   ,Auto     ,Maine,MAINE,5/13/2019,1
27,5/7/2019 127,,Phy Dam   ,1,SINK ,504,OTC All,Marine Phy Dam   ,"Macera, Nicholas",NMACERA@AMICA.COM                                 ,5/16/2019,60003520344,Juan Sanchez                                                          ,Marine   ,Florida,FLORIDA,5/16/2019,1
28,5/6/2019 126,,Injury    ,1,BI   ,900,BI All,Umbrella Injury  ,"Schino, Paul",PSCHINO@AMICA.COM                                 ,5/6/2019,60003519108,John S. Caromile                                                      ,Umbrella ,Connecticut,CONNECTICUT,5/6/2019,1
29,4/29/2019 119,,Injury    ,3,UDBI ,104,BI All,Auto Injury      ,"Espie Examiner, Default",-                                                 ,5/10/2019,60002980209,Karon K. Scott                                                        ,Auto     ,Pennsylvania,NEW JERSEY,5/10/2019,1
30,4/11/2019 101,,Injury    ,3,UDBI ,104,BI All,Auto Injury      ,"Espie, Michael",MESPIE@AMICA.COM                                  ,5/13/2019,60003120151,Dennis Peeler,Auto     ,Arizona,ARIZONA,5/13/2019,1
31,4/10/2019 100,,Injury    ,7,BI   ,101,BI All,Auto Injury      ,"Rottler, Alex",AROTTLER@AMICA.COM                                ,5/16/2019,60003416887,Akia Chantell Harris                                                  ,Auto     ,Texas,TEXAS,5/16/2019,1
32,4/9/2019 99,,Injury    ,1,BI   ,101,BI All,Auto Injury      ,"Marine, Dustin",DMARINE@AMICA.COM                                 ,5/14/2019,60003494830,Andrew Josephson                                                      ,Auto     ,California,CALIFORNIA,5/14/2019,1
33,4/4/2019 94,,Phy Dam   ,1,FIRE ,010,OTC All,Auto Phy Dam     ,"Espie, Michael",MESPIE@AMICA.COM                                  ,4/5/2019,60003491777,Dean W. Wilson                                                        ,Auto     ,New Mexico,NEW MEXICO,5/16/2019,1
34,3/28/2019 87,,Injury    ,2,UDBI ,104,BI All,Auto Injury      ,"Laverty, Michael",MLAVERTY@AMICA.COM                                ,5/14/2019,60002796502,Dominik Johannes Hainzl,Auto     ,California,MASSACHUSETTS,5/14/2019,1
35,3/22/2019 81,,Injury    ,1,BI   ,900,BI All,Umbrella Injury  ,"Lambert, Christopher",CLAMBERT@AMICA.COM                                ,3/22/2019,60003479771,Rebecca K. Carson,Umbrella ,Texas,TEXAS,3/22/2019,1
36,3/4/2019 63,,Injury    ,2,BI   ,101,BI All,Auto Injury      ,"Marine, Dustin",DMARINE@AMICA.COM                                 ,5/13/2019,60003459875,Adam C. Ahlswede                                                      ,Auto     ,California,CALIFORNIA,5/13/2019,1
37,2/19/2019 50,,Injury    ,1,BI   ,101,BI All,Auto Injury      ,"Rottler, Alex",AROTTLER@AMICA.COM                                ,5/13/2019,60003450165,Debbie Millman                                                        ,Auto     ,Texas,TEXAS,5/13/2019,1
38,1/30/2019 30,,Injury    ,6,BI   ,101,BI All,Auto Injury      ,"Rottler, Alex",AROTTLER@AMICA.COM                                ,5/16/2019,60003416887,Akia Chantell Harris                                                  ,Auto     ,Texas,TEXAS,5/16/2019,1
39,1/25/2019 25,5/15/2019,Phy Dam   ,2,PD   ,102,PD All,Auto Phy Dam     ,"Espie, Michael",MESPIE@AMICA.COM                                  ,3/31/2019,60003428225,Judith W. Henderson                                                   ,Auto     ,Connecticut,CONNECTICUT,5/15/2019,1
40,1/16/2019 16,,Injury    ,5,BI   ,101,BI All,Auto Injury      ,"Rottler, Alex",AROTTLER@AMICA.COM                                ,5/16/2019,60003416887,Akia Chantell Harris                                                  ,Auto     ,Texas,TEXAS,5/16/2019,1
41,12/17/2018 351,,Injury    ,2,BI   ,101,BI All,Auto Injury      ,"Peloquin, Steven",SPELOQUIN@AMICA.COM                               ,5/8/2019,60003386305,John F. Davis                                                         ,Auto     ,Florida,FLORIDA,5/8/2019,1
42,12/5/2018 339,,Injury    ,3,BI   ,101,BI All,Auto Injury      ,"Laverty, Michael",MLAVERTY@AMICA.COM                                ,5/14/2019,60003095461,Ronald J. Harrill                                                     ,Auto     ,New York,NEW YORK,5/14/2019,1
43,11/19/2018 323,,Phy Dam   ,1,WATER,230,Sec I Dam,Home Sec I       ,"Cremer, Brian",BCREMER@AMICA.COM                                 ,2/28/2019,60003368755,Anne E. Brady                                                         ,Home     ,Massachusetts,MASSACHUSETTS,5/13/2019,1
44,11/13/2018 317,,Injury    ,7,BI   ,101,BI All,Auto Injury      ,"Rottler, Alex",AROTTLER@AMICA.COM                                ,5/16/2019,60003361542,Taylor Abo-Hamzy,Auto     ,Texas,TEXAS,5/16/2019,1
45,11/13/2018 317,,Injury    ,8,BI   ,101,BI All,Auto Injury      ,"Rottler, Alex",AROTTLER@AMICA.COM                                ,5/16/2019,60003361542,Taylor Abo-Hamzy,Auto     ,Texas,TEXAS,5/16/2019,1
46,11/12/2018 316,,Injury    ,4,BI   ,101,BI All,Auto Injury      ,"Rottler, Alex",AROTTLER@AMICA.COM                                ,5/16/2019,60003361542,Taylor Abo-Hamzy,Auto     ,Texas,TEXAS,5/16/2019,1
47,11/12/2018 316,,Injury    ,5,BI   ,101,BI All,Auto Injury      ,"Rottler, Alex",AROTTLER@AMICA.COM                                ,5/16/2019,60003361542,Taylor Abo-Hamzy,Auto     ,Texas,TEXAS,5/16/2019,1
48,11/12/2018 316,,Injury    ,6,BI   ,101,BI All,Auto Injury      ,"Rottler, Alex",AROTTLER@AMICA.COM                                ,5/16/2019,60003361542,Taylor Abo-Hamzy,Auto     ,Texas,TEXAS,5/16/2019,1
49,11/9/2018 313,4/29/2019,Injury    ,2,PIP  ,130,PIP All,Auto Injury      ,"Schino, Paul",PSCHINO@AMICA.COM                                 ,2/7/2019,60003338601,Sridhar R. Vennamaneni                                                ,Auto     ,Florida,FLORIDA,4/29/2019,1
50,11/3/2018 307,,Phy Dam   ,1,WIND ,220,Sec I Dam,Home Sec I       ,"Murphy, Christopher",CMURPHY3@AMICA.COM                                ,11/20/2018,60003354682,Jeffrey Packer                                                        ,Home     ,New Jersey,NEW JERSEY,5/15/2019,1
51,10/17/2018 290,,Injury    ,1,PIP  ,130,PIP All,Auto Injury      ,"Laverty, Michael",MLAVERTY@AMICA.COM                                ,1/30/2019,60003336655,Walls Sanon                                                           ,Auto     ,New York,NEW YORK,5/15/2019,1
52,10/8/2018 281,5/13/2019,Phy Dam   ,1,OTHER,250,Sec I Dam,Home Sec I       ,"Wahl, Bryce",BWAHL@AMICA.COM                                   ,10/12/2018,60003328729,Robert Santoro                                                        ,Home     ,New York,NEW YORK,5/13/2019,1
53,10/3/2018 276,,Injury    ,4,BI   ,101,BI All,Auto Injury      ,"Laverty, Michael",MLAVERTY@AMICA.COM                                ,10/3/2018,60003314354,Nancy M. Endres                                                       ,Auto     ,New York,NEW YORK,5/15/2019,1
54,9/25/2018 268,,Injury    ,2,MP   ,140,MP All,Auto Injury      ,"Marine, Dustin",DMARINE@AMICA.COM                                 ,9/10/2018,60003295462,Arutyun Saryan                                                        ,Auto     ,California,CALIFORNIA,4/24/2019,1
55,8/28/2018 240,12/12/2018,Phy Dam   ,1,OTHER,250,Sec I Dam,Home Sec I       ,"Murphy, Christopher",CMURPHY3@AMICA.COM                                ,4/15/2019,60003289772,Donna Mishkin,Home     ,New Jersey,NEW JERSEY,5/16/2019,1
56,8/22/2018 234,,Injury    ,3,BI   ,101,BI All,Auto Injury      ,"Peloquin, Steven",SPELOQUIN@AMICA.COM                               ,5/16/2019,60003280468,Brian Ivkovich                                                        ,Auto     ,Florida,FLORIDA,5/16/2019,1
57,8/22/2018 234,,Phy Dam   ,1,WIND ,220,Sec I Dam,Home Sec I       ,"Cremer, Brian",BCREMER@AMICA.COM                                 ,10/4/2018,60003283716,Keith Moore                                                           ,Home     ,Texas,TEXAS,5/10/2019,1
58,8/20/2018 232,,Phy Dam   ,1,WATER,230,Sec I Dam,Home Sec I       ,"Wahl, Bryce",BWAHL@AMICA.COM                                   ,10/15/2018,60003281970,Christopher J. Mandala                                                ,Home     ,California,CALIFORNIA,5/8/2019,1
59,8/3/2018 215,5/16/2019,Injury    ,6,BI   ,101,BI All,Auto Injury      ,"Peloquin, Steven",SPELOQUIN@AMICA.COM                               ,10/29/2018,60003262717,Robert O. Wright                                                      ,Auto     ,South Carolina,FLORIDA,5/16/2019,1
60,7/26/2018 207,5/10/2019,Phy Dam   ,1,HAIL ,225,Sec I Dam,Home Sec I       ,"Cremer, Brian",BCREMER@AMICA.COM                                 ,8/24/2018,60003255623,Nancy P. Ehrenkranz                                                   ,Home     ,Texas,TEXAS,5/10/2019,1
61,7/20/2018 201,,Injury    ,2,BI   ,101,BI All,Auto Injury      ,"Espie, Michael",MESPIE@AMICA.COM                                  ,5/14/2019,60003249321,Anthony Miranda                                                       ,Auto     ,Connecticut,CONNECTICUT,5/14/2019,1
62,7/11/2018 192,5/15/2019,Injury    ,1,PIP  ,130,PIP All,Auto Injury      ,"Peloquin, Steven",SPELOQUIN@AMICA.COM                               ,8/1/2018,60003240248,Michaele R. Duncan,Auto     ,New Jersey,FLORIDA,5/15/2019,1
63,6/28/2018 179,,Injury    ,2,PIP  ,130,PIP All,Auto Injury      ,"Espie Examiner, Default",-                                                 ,11/26/2018,60003228099,Alyssa Montesino                                                      ,Auto     ,New Jersey,NEW JERSEY,5/14/2019,1
64,5/18/2018 138,,Phy Dam   ,1,FIRE ,210,Sec I Dam,Home Sec I       ,"Cremer, Brian",BCREMER@AMICA.COM                                 ,5/22/2018,60003185341,Jian Lin                                                              ,Home     ,Massachusetts,MASSACHUSETTS,4/25/2019,1
65,5/16/2018 136,5/16/2019,Phy Dam   ,1,WIND ,220,Sec I Dam,Home Sec I       ,"Murphy, Christopher",CMURPHY3@AMICA.COM                                ,5/18/2018,60003183123,Arthur A. Mc Clure                                                    ,Home     ,Connecticut,CONNECTICUT,5/16/2019,1
66,5/7/2018 127,5/14/2019,Injury    ,3,PIP  ,130,PIP All,Auto Injury      ,"Espie, Michael",MESPIE@AMICA.COM                                  ,10/8/2018,60003171547,Cynthia J. Knoll Lee,Auto     ,Minnesota,MINNESOTA,5/14/2019,1
67,5/7/2018 127,5/16/2019,Injury    ,2,MP   ,140,MP All,Auto Injury      ,"Rottler, Alex",AROTTLER@AMICA.COM                                ,6/12/2018,60003171269,Michael S. Blake                                                      ,Auto     ,Ohio,OHIO,5/16/2019,1
68,5/7/2018 127,5/16/2019,Injury    ,3,MP   ,140,MP All,Auto Injury      ,"Rottler, Alex",AROTTLER@AMICA.COM                                ,6/12/2018,60003171269,Michael S. Blake                                                      ,Auto     ,Ohio,OHIO,5/16/2019,1
69,5/7/2018 127,5/16/2019,Injury    ,7,MP   ,140,MP All,Auto Injury      ,"Rottler, Alex",AROTTLER@AMICA.COM                                ,6/12/2018,60003171269,Michael S. Blake                                                      ,Auto     ,Ohio,OHIO,5/16/2019,1
70,4/2/2018 92,,Injury    ,3,BI   ,101,BI All,Auto Injury      ,"Rottler, Alex",AROTTLER@AMICA.COM                                ,5/16/2019,60003136867,Ronald M. Sledge                                                      ,Auto     ,Texas,TEXAS,5/16/2019,1
71,1/11/2018 11,3/14/2019,Phy Dam   ,1,OTHER,250,Sec I Dam,Home Sec I       ,"Murphy, Christopher",CMURPHY3@AMICA.COM                                ,3/14/2019,60003023082,James W. Hunt                                                         ,Home     ,Florida,TENNESSEE,5/16/2019,1
72,11/9/2017 313,,Injury    ,4,BI   ,101,BI All,Auto Injury      ,"Laverty, Michael",MLAVERTY@AMICA.COM                                ,5/16/2019,60002989519,Kyle M. Green,Auto     ,Massachusetts,MASSACHUSETTS,5/16/2019,1
73,9/26/2017 269,5/12/2019,Injury    ,2,BI   ,101,BI All,Auto Injury      ,"Espie, Michael",MESPIE@AMICA.COM                                  ,5/12/2019,60002953637,Mary Anne Pusey                                                       ,Auto     ,Maryland,MARYLAND,5/12/2019,1
74,9/26/2017 269,5/12/2019,Injury    ,3,BI   ,101,BI All,Auto Injury      ,"Espie, Michael",MESPIE@AMICA.COM                                  ,5/12/2019,60002953637,Mary Anne Pusey                                                       ,Auto     ,Maryland,MARYLAND,5/12/2019,1
75,9/14/2017 257,5/14/2019,Injury    ,3,PIP  ,130,PIP All,Auto Injury      ,"Laverty, Michael",MLAVERTY@AMICA.COM                                ,3/26/2019,60002940756,Celina Nunez,Auto     ,South Carolina,MASSACHUSETTS,5/14/2019,1
76,9/8/2017 251,,Injury    ,5,BI   ,101,BI All,Auto Injury      ,"Laverty, Michael",MLAVERTY@AMICA.COM                                ,5/2/2019,60002876243,Stephen Carty                                                         ,Auto     ,Massachusetts,MASSACHUSETTS,5/2/2019,1
77,7/26/2017 207,,Injury    ,2,UDBI ,104,BI All,Auto Injury      ,"Espie, Michael",MESPIE@AMICA.COM                                  ,5/15/2019,60002808141,Marissa Mollie Smith,Auto     ,Connecticut,CONNECTICUT,5/15/2019,1
78,7/10/2017 191,,Injury    ,3,BI   ,101,BI All,Auto Injury      ,"Marine, Dustin",DMARINE@AMICA.COM                                 ,5/10/2019,60002855223,Zeev Segal                                                            ,Auto     ,Pennsylvania,PENNSYLVANIA,5/10/2019,1
79,6/16/2017 167,5/9/2019,Phy Dam   ,1,WIND ,220,Sec I Dam,Home Sec I       ,"Cremer, Brian",BCREMER@AMICA.COM                                 ,6/27/2017,60002842238,Michael William Zaccardo,Home     ,Massachusetts,MASSACHUSETTS,5/9/2019,1
80,5/17/2017 137,5/15/2019,Injury    ,4,BI   ,101,BI All,Auto Injury      ,"Leydon Examiner, Default",-                                                 ,6/30/2017,60002808395,Scott J. Bakal                                                        ,Auto     ,Illinois,ILLINOIS,5/15/2019,1
81,5/5/2017 125,,Injury    ,1,BI   ,101,BI All,Auto Injury      ,"Espie, Michael",MESPIE@AMICA.COM                                  ,5/14/2019,60002798481,George E. Thomassy III                                                ,Auto     ,Connecticut,CONNECTICUT,5/14/2019,1
82,1/25/2017 25,4/3/2019,Injury    ,1,PIP  ,130,PIP All,Auto Injury      ,"Laverty, Michael",MLAVERTY@AMICA.COM                                ,7/20/2017,60002700184,Paul Marnell,Auto     ,New York,NEW YORK,4/3/2019,1
83,9/19/2016 263,2/7/2019,Injury    ,1,PIP  ,130,PIP All,Auto Injury      ,"Laverty, Michael",MLAVERTY@AMICA.COM                                ,7/25/2017,60002587715,Devon A. Chung Jr.,Auto     ,New York,NEW YORK,2/7/2019,1
84,4/4/2016 95,5/13/2019,Injury    ,9,MP   ,140,MP All,Auto Injury      ,"Peloquin, Steven",SPELOQUIN@AMICA.COM                               ,5/14/2018,60002426092,Carla Fiorella Lazabara                                               ,Auto     ,Florida,FLORIDA,5/13/2019,1
85,3/30/2016 90,5/7/2019,Phy Dam   ,1,HAIL ,225,Sec I Dam,Home Sec I       ,"Wahl, Bryce",BWAHL@AMICA.COM                                   ,4/5/2016,60002423663,Howard C. Schwartz                                                    ,Home     ,Texas,TEXAS,5/14/2019,1
86,8/17/2015 229,2/5/2019,Injury    ,1,PIP  ,130,PIP All,Auto Injury      ,"Manoogian, Sharon",SMANOOGIAN@AMICA.COM                              ,8/18/2017,60002228459,Andre Devers,Auto     ,New York,NEW YORK,2/5/2019,1
87,5/12/2015 132,5/14/2019,Injury    ,1,PIP  ,130,PIP All,Auto Injury      ,"Swanson, Michael",MSWANSON@AMICA.COM                                ,5/16/2016,60002132280,Nyall H. Mitchell                                                     ,Auto     ,New York,NEW YORK,5/14/2019,1
88,4/22/2014 112,5/2/2019,Injury    ,1,PIP  ,130,PIP All,Auto Injury      ,"Manoogian, Sharon",SMANOOGIAN@AMICA.COM                              ,7/24/2014,60001799903,Elizabeth Ann Kieslich,Auto     ,Florida,FLORIDA,5/2/2019,1
89,8/28/2006 240,,Phy Dam   ,1,COLL ,090,Coll All,Auto Phy Dam     ,"Marine, Dustin",DMARINE@AMICA.COM                                 ,5/15/2019,60003528166,Linda Chen                                                            ,Auto     ,Pennsylvania,PENNSYLVANIA,5/15/2019,1
90,9/25/1998 268,5/15/2019,Injury    ,2,PIP  ,130,PIP All,Auto Injury      ,"Boudreau, Christina L.R.",CBOUDREAU@AMICA.COM                               ,9/25/1998,60001986669,                                                                      ,Auto     ,New Jersey,NEW JERSEY,5/15/2019,1
