,Claim Create Dt,Claim Reopen Date,Claim Type,Clm,Cov,Covrg Cd,Detail Claim Type,Detail LOB,Examiner,Examiner Email,File Convert Dt,File Number,Insured 1,LOB,Loss State,Policy State,Rsv Dt,Claim Cnt
0,8/26/2019 238,,Injury    ,1,BBI  ,950,BI All,Umbrella Injury  ,"Huber, Sarah",SHUBER@AMICA.COM                                  ,8/26/2019,60003627281,Kevin Asp,Umbrella ,North Carolina,NORTH CAROLINA,8/26/2019,1
1,8/26/2019 238,,Injury    ,1,BI   ,262,BI All,Home Sec II      ,"Murphy, Christopher",CMURPHY3@AMICA.COM                                ,8/26/2019,60003567764,Anthony F. Ferrandino                                                 ,Home     ,Connecticut,CONNECTICUT,8/26/2019,1
2,8/26/2019 238,,Injury    ,1,HBI  ,910,BI All,Umbrella Injury  ,"Lambert, Christopher",CLAMBERT@AMICA.COM                                ,8/26/2019,60003627087,William Arbour,Umbrella ,Texas,TEXAS,8/26/2019,1
3,8/26/2019 238,,Injury    ,2,BI   ,101,BI All,Auto Injury      ,"Espie, Michael",MESPIE@AMICA.COM                                  ,8/26/2019,60003542162,Gary Petersen,Auto     ,Arizona,ARIZONA,8/26/2019,1
4,8/26/2019 238,,Injury    ,5,UDBI ,104,BI All,Auto Injury      ,"Laverty, Michael",MLAVERTY@AMICA.COM                                ,8/26/2019,60003622649,Kelly Gallagher,Auto     ,Massachusetts,MASSACHUSETTS,8/26/2019,1
5,8/26/2019 238,,Injury    ,7,BI   ,262,BI All,Home Sec II      ,"Huber, Sarah",SHUBER@AMICA.COM                                  ,8/12/2019,60003531198,Caitlin Kraus                                                         ,Home     ,Connecticut,CONNECTICUT,8/26/2019,1
6,8/26/2019 238,,Injury    ,8,MP   ,264,MP All,Home Sec II      ,"Huber, Sarah",SHUBER@AMICA.COM                                  ,8/12/2019,60003531198,Caitlin Kraus                                                         ,Home     ,Connecticut,CONNECTICUT,8/26/2019,1
7,8/26/2019 238,,Injury    ,9,MP   ,264,MP All,Home Sec II      ,"Huber, Sarah",SHUBER@AMICA.COM                                  ,8/12/2019,60003531198,Caitlin Kraus                                                         ,Home     ,Connecticut,CONNECTICUT,8/26/2019,1
8,8/26/2019 238,,Injury    ,10,MP   ,264,MP All,Home Sec II      ,"Huber, Sarah",SHUBER@AMICA.COM                                  ,8/12/2019,60003531198,Caitlin Kraus                                                         ,Home     ,Connecticut,CONNECTICUT,8/26/2019,1
9,8/26/2019 238,,Injury    ,11,MP   ,264,MP All,Home Sec II      ,"Huber, Sarah",SHUBER@AMICA.COM                                  ,8/12/2019,60003531198,Caitlin Kraus                                                         ,Home     ,Connecticut,CONNECTICUT,8/26/2019,1
10,8/26/2019 238,,Injury    ,12,MP   ,264,MP All,Home Sec II      ,"Huber, Sarah",SHUBER@AMICA.COM                                  ,8/12/2019,60003531198,Caitlin Kraus                                                         ,Home     ,Connecticut,CONNECTICUT,8/26/2019,1
11,8/26/2019 238,,Phy Dam   ,2,WIND ,220,Sec I Dam,Home Sec I       ,"Wahl, Bryce",BWAHL@AMICA.COM                                   ,8/26/2019,60003627412,Oneida Siverio                                                        ,Home     ,Florida,FLORIDA,8/26/2019,1
12,8/23/2019 235,,Injury    ,1,HBI  ,910,BI All,Umbrella Injury  ,"Huber, Sarah",SHUBER@AMICA.COM                                  ,8/23/2019,60003625629,Lee B. Draper                                                         ,Umbrella ,Florida,FLORIDA,8/23/2019,1
13,8/23/2019 235,,Injury    ,5,BI   ,101,BI All,Auto Injury      ,"Rottler, Alex",AROTTLER@AMICA.COM                                ,11/26/2018,60002657398,Lance E. Thomas                                                       ,Auto     ,Washington,WASHINGTON,8/23/2019,1
14,8/23/2019 235,,Phy Dam   ,1,FIRE ,210,Sec I Dam,Home Sec I       ,"Wahl, Bryce",BWAHL@AMICA.COM                                   ,8/26/2019,60003626156,Alaeddeen Al-Toum                                                     ,Home     ,Florida,FLORIDA,8/26/2019,1
15,8/23/2019 235,,Phy Dam   ,5,PD   ,102,PD All,Auto Phy Dam     ,"Peloquin, Steven",SPELOQUIN@AMICA.COM                               ,4/12/2019,60003339851,Andrew M. Widay III,Auto     ,Georgia,GEORGIA,8/23/2019,1
16,8/22/2019 234,,Injury    ,1,BI   ,900,BI All,Umbrella Injury  ,"Schino, Paul",PSCHINO@AMICA.COM                                 ,8/22/2019,60003624201,Robert A. Lawrence                                                    ,Umbrella ,New York,FLORIDA,8/22/2019,1
17,8/22/2019 234,,Injury    ,2,UDBI ,104,BI All,Auto Injury      ,"Espie, Michael",MESPIE@AMICA.COM                                  ,8/22/2019,60003227757,Dolores J. Chan                                                       ,Auto     ,Nevada,NEVADA,8/22/2019,1
18,8/21/2019 233,,Injury    ,1,UDBI ,104,BI All,Auto Injury      ,"Rottler, Alex",AROTTLER@AMICA.COM                                ,8/22/2019,60003623217,George John Nassar                                                    ,Auto     ,Washington,WASHINGTON,8/22/2019,1
19,8/21/2019 233,,Injury    ,2,MP   ,264,MP All,Home Sec II      ,"Huber, Sarah",SHUBER@AMICA.COM                                  ,7/17/2019,60003587662,Arnette D. Daugherty                                                  ,Home     ,Texas,TEXAS,8/21/2019,1
20,8/21/2019 233,,Injury    ,5,UMBI ,120,BI All,Auto Injury      ,"Peloquin, Steven",SPELOQUIN@AMICA.COM                               ,2/28/2018,60003071305,Scott M. Hunter                                                       ,Auto     ,Florida,FLORIDA,8/21/2019,1
21,8/21/2019 233,,Injury    ,9,PIP  ,130,PIP All,Auto Injury      ,"Costa, Bruno",BCOSTA2@AMICA.COM                                 ,4/15/2019,60003454090,Larry Buchsbaum                                                       ,Auto     ,New Jersey,PENNSYLVANIA,8/21/2019,1
22,8/20/2019 232,,Injury    ,1,BI   ,101,BI All,Auto Injury      ,"Schino, Paul",PSCHINO@AMICA.COM                                 ,8/21/2019,60003567469,Kirk A. Manning                                                       ,Auto     ,Rhode Island,NEW JERSEY,8/21/2019,1
23,8/20/2019 232,,Injury    ,2,UDBI ,104,BI All,Auto Injury      ,"Peloquin, Steven",SPELOQUIN@AMICA.COM                               ,8/20/2019,60003620494,John R. Chamberlin                                                    ,Auto     ,Michigan,MICHIGAN,8/20/2019,1
24,8/19/2019 231,,Injury    ,3,UDBI ,104,BI All,Auto Injury      ,"Espie, Michael",MESPIE@AMICA.COM                                  ,8/19/2019,60002875636,Gary L. Hughes                                                        ,Auto     ,Minnesota,MINNESOTA,8/19/2019,1
25,8/16/2019 228,,Injury    ,1,BI   ,900,BI All,Umbrella Injury  ,"Costa, Bruno",BCOSTA2@AMICA.COM                                 ,8/16/2019,60003619150,Erica H. Springer,Umbrella ,California,CALIFORNIA,8/16/2019,1
26,8/16/2019 228,8/26/2019,Injury    ,1,MP   ,140,MP All,Auto Injury      ,"Huber, Sarah",SHUBER@AMICA.COM                                  ,8/21/2019,60003618739,Katelyn R. Hartnett,Auto     ,Colorado,COLORADO,8/26/2019,1
27,8/15/2019 227,,Injury    ,2,UDBI ,104,BI All,Auto Injury      ,"Laverty, Michael",MLAVERTY@AMICA.COM                                ,8/15/2019,60003602497,Sarit Shalhevet,Auto     ,New York,MASSACHUSETTS,8/15/2019,1
28,8/14/2019 226,,Phy Dam   ,2,THEFT,020,OTC All,Auto Phy Dam     ,"Laverty, Michael",MLAVERTY@AMICA.COM                                ,8/14/2019,60003616165,Myrta L. Correa,Auto     ,Massachusetts,MASSACHUSETTS,8/14/2019,1
29,8/12/2019 224,,Phy Dam   ,1,HAIL ,225,Sec I Dam,Home Sec I       ,"Cremer, Brian",BCREMER@AMICA.COM                                 ,8/22/2019,60003614970,Stephanie K. Garner,Home     ,Oregon,OREGON,8/26/2019,1
30,8/12/2019 224,8/15/2019,Phy Dam   ,2,COLL ,090,Coll All,Auto Phy Dam     ,"Lambert, Christopher",CLAMBERT@AMICA.COM                                ,7/31/2019,60003603402,Jacek Ploch,Auto     ,Rhode Island,RHODE ISLAND,8/15/2019,1
31,8/10/2019 222,,Phy Dam   ,1,FIRE ,210,Sec I Dam,Home Sec I       ,"Cremer, Brian",BCREMER@AMICA.COM                                 ,8/12/2019,60003613537,Pablo Jimenez                                                         ,Home     ,Texas,TEXAS,8/13/2019,1
32,8/7/2019 219,,Injury    ,3,BI   ,101,BI All,Auto Injury      ,"Rottler, Alex",AROTTLER@AMICA.COM                                ,8/26/2019,60003608254,Ilene M. Munk,Auto     ,Oregon,OREGON,8/26/2019,1
33,8/5/2019 217,,Injury    ,2,UDBI ,104,BI All,Auto Injury      ,"Rottler, Alex",AROTTLER@AMICA.COM                                ,8/19/2019,60003547758,Leroy M. Killough                                                     ,Auto     ,Texas,TEXAS,8/19/2019,1
34,7/31/2019 212,,Injury    ,1,HBI  ,910,BI All,Umbrella Injury  ,"Lambert, Christopher",CLAMBERT@AMICA.COM                                ,7/31/2019,60003602964,Miguel Angel Montes,Umbrella ,Massachusetts,MASSACHUSETTS,7/31/2019,1
35,7/31/2019 212,,Injury    ,1,HBI  ,910,BI All,Umbrella Injury  ,"Schino, Paul",PSCHINO@AMICA.COM                                 ,7/31/2019,60003603003,Richard P. Morrison                                                   ,Umbrella ,Arizona,ARIZONA,7/31/2019,1
36,7/26/2019 207,,Phy Dam   ,3,OTHER,085,OTC All,Auto Phy Dam     ,"Laverty, Michael",MLAVERTY@AMICA.COM                                ,10/16/2018,60003336987,Stephen F. Holahan                                                    ,Auto     ,Massachusetts,MASSACHUSETTS,7/26/2019,1
37,7/24/2019 205,,Injury    ,5,UMBI ,120,BI All,Auto Injury      ,"Rottler, Alex",AROTTLER@AMICA.COM                                ,8/26/2019,60003494988,Robert W. Mounger                                                     ,Auto     ,Texas,TEXAS,8/26/2019,1
38,7/23/2019 204,,Injury    ,3,BI   ,101,BI All,Auto Injury      ,"Costa, Bruno",BCOSTA2@AMICA.COM                                 ,8/26/2019,60003576669,Edward Douglas Hutson Jr.,Auto     ,Pennsylvania,PENNSYLVANIA,8/26/2019,1
39,7/23/2019 204,,Phy Dam   ,1,WIND ,220,Sec I Dam,Home Sec I       ,"Murphy, Christopher",CMURPHY3@AMICA.COM                                ,8/8/2019,60003594982,Ferdinand S. Spucci                                                   ,Home     ,New York,NEW YORK,8/22/2019,1
40,7/15/2019 196,,Injury    ,6,BI   ,101,BI All,Auto Injury      ,"Costa, Bruno",BCOSTA2@AMICA.COM                                 ,8/26/2019,60003073880,Terry D. Mostrom                                                      ,Auto     ,California,CALIFORNIA,8/26/2019,1
41,7/15/2019 196,,Injury    ,7,BI   ,101,BI All,Auto Injury      ,"Costa, Bruno",BCOSTA2@AMICA.COM                                 ,8/26/2019,60003073880,Terry D. Mostrom                                                      ,Auto     ,California,CALIFORNIA,8/26/2019,1
42,6/28/2019 179,,Injury    ,2,UDBI ,104,BI All,Auto Injury      ,"Laverty, Michael",MLAVERTY@AMICA.COM                                ,8/20/2019,60003381242,Michele Lee Drescher,Auto     ,Pennsylvania,NEW YORK,8/26/2019,1
43,4/24/2019 114,,Injury    ,5,BI   ,101,BI All,Auto Injury      ,"Manoogian, Sharon",SMANOOGIAN@AMICA.COM                              ,8/14/2019,60003503703,David A. Belter,Auto     ,Texas,TEXAS,8/14/2019,1
44,4/24/2019 114,,Phy Dam   ,1,COLL ,090,Coll All,Auto Phy Dam     ,"Costa, Bruno",BCOSTA2@AMICA.COM                                 ,6/3/2019,60003508689,Oliver Tate Brooks                                                    ,Auto     ,California,CALIFORNIA,8/8/2019,1
45,4/19/2019 109,,Injury    ,3,BI   ,101,BI All,Auto Injury      ,"Manoogian, Sharon",SMANOOGIAN@AMICA.COM                              ,8/14/2019,60003503703,David A. Belter,Auto     ,Texas,TEXAS,8/14/2019,1
46,3/7/2019 66,8/26/2019,Injury    ,2,MP   ,140,MP All,Auto Injury      ,"Peloquin, Steven",SPELOQUIN@AMICA.COM                               ,6/20/2019,60003465658,Robin L Snipes,Auto     ,Missouri,GEORGIA,8/26/2019,1
47,1/28/2019 28,,Injury    ,6,BI   ,101,BI All,Auto Injury      ,"Lambert, Christopher",CLAMBERT@AMICA.COM                                ,8/20/2019,60002998252,Gregor Kemdjian,Auto     ,California,CALIFORNIA,8/20/2019,1
48,1/21/2019 21,,Injury    ,3,BI   ,101,BI All,Auto Injury      ,"Costa, Bruno",BCOSTA2@AMICA.COM                                 ,8/26/2019,60003420968,John E. Ottaviani                                                     ,Auto     ,Rhode Island,RHODE ISLAND,8/26/2019,1
49,12/19/2018 353,,Injury    ,1,BI   ,262,BI All,Home Sec II      ,"Lambert, Christopher",CLAMBERT@AMICA.COM                                ,8/23/2019,60003335967,Alan M. Hammond,Home     ,California,CALIFORNIA,8/23/2019,1
50,7/11/2018 192,6/25/2019,Injury    ,1,PIP  ,130,PIP All,Auto Injury      ,"Peloquin, Steven",SPELOQUIN@AMICA.COM                               ,8/1/2018,60003240248,Michaele R. Duncan,Auto     ,New Jersey,FLORIDA,6/25/2019,1
51,3/27/2018 86,8/12/2019,Injury    ,2,PIP  ,130,PIP All,Auto Injury      ,"Manoogian, Sharon",SMANOOGIAN@AMICA.COM                              ,12/19/2018,60003127900,                                                                      ,Auto     ,New York,UNKNOWN,8/12/2019,1
52,3/17/2018 76,,Phy Dam   ,1,FIRE ,210,Sec I Dam,Home Sec I       ,"Cremer, Brian",BCREMER@AMICA.COM                                 ,3/18/2018,60003121087,Michelle Marin,Home     ,Colorado,COLORADO,8/15/2019,1
53,3/15/2018 74,8/26/2019,Phy Dam   ,4,PD   ,102,PD All,Auto Phy Dam     ,"Huber, Sarah",SHUBER@AMICA.COM                                  ,8/21/2019,60003119206,Thomas J. Collins                                                     ,Auto     ,New York,NEW JERSEY,8/26/2019,1
54,3/8/2018 67,,Injury    ,3,PIPX ,132,PIP All,Auto Injury      ,"Laverty, Michael",MLAVERTY@AMICA.COM                                ,6/27/2019,60002852814,Patricia E. DeJoy                                                     ,Auto     ,New York,NEW YORK,8/23/2019,1
55,2/1/2018 32,8/26/2019,Injury    ,5,BI   ,101,BI All,Auto Injury      ,"Costa, Bruno",BCOSTA2@AMICA.COM                                 ,8/26/2019,60003073880,Terry D. Mostrom                                                      ,Auto     ,California,CALIFORNIA,8/26/2019,1
56,1/26/2018 26,4/26/2019,Injury    ,3,UMBI ,120,BI All,Auto Injury      ,"Costa, Bruno",BCOSTA2@AMICA.COM                                 ,4/23/2019,60002709906,Abel Tejeda,Auto     ,Pennsylvania,PENNSYLVANIA,8/26/2019,1
57,1/18/2018 18,,Injury    ,3,BI   ,101,BI All,Auto Injury      ,"Rottler, Alex",AROTTLER@AMICA.COM                                ,8/7/2019,60003061246,Darryl Pope                                                           ,Auto     ,Texas,TEXAS,8/7/2019,1
58,12/11/2017 345,8/26/2019,Injury    ,2,PIP  ,130,PIP All,Auto Injury      ,"Peloquin, Steven",SPELOQUIN@AMICA.COM                               ,7/18/2019,60003020875,Christopher A. Hernandez                                              ,Auto     ,Florida,FLORIDA,8/26/2019,1
59,7/31/2017 212,8/26/2019,Injury    ,1,PIP  ,130,PIP All,Auto Injury      ,"Peloquin, Steven",SPELOQUIN@AMICA.COM                               ,12/4/2017,60002885479,Renee Gallant,Auto     ,Florida,FLORIDA,8/26/2019,1
60,3/20/2017 79,8/7/2019,Injury    ,5,PIP  ,130,PIP All,Auto Injury      ,"Peloquin, Steven",SPELOQUIN@AMICA.COM                               ,7/29/2019,60002749313,Angel Salanitri,Auto     ,Florida,FLORIDA,8/7/2019,1
61,1/9/2017 9,8/23/2019,Injury    ,5,PIP  ,130,PIP All,Auto Injury      ,"Laverty, Michael",MLAVERTY@AMICA.COM                                ,1/24/2017,60002677777,Chauline D. Vernon                                                    ,Auto     ,New York,NEW YORK,8/23/2019,1
62,9/19/2016 263,2/7/2019,Injury    ,1,PIP  ,130,PIP All,Auto Injury      ,"Laverty, Michael",MLAVERTY@AMICA.COM                                ,7/25/2017,60002587715,Devon A. Chung Jr.,Auto     ,New York,NEW YORK,2/7/2019,1
63,1/4/2016 4,7/23/2019,Injury    ,2,PIP  ,130,PIP All,Auto Injury      ,"Peloquin, Steven",SPELOQUIN@AMICA.COM                               ,7/23/2019,60002346304,Natalie Kozma                                                         ,Auto     ,Florida,FLORIDA,7/23/2019,1
64,12/19/2015 353,,Phy Dam   ,1,WATER,230,Sec I Dam,Home Sec I       ,"Cremer, Brian",BCREMER@AMICA.COM                                 ,12/19/2015,60002336089,Elise Francesa Duran                                                  ,Home     ,California,CALIFORNIA,8/20/2019,1
65,9/11/2015 254,7/24/2019,Injury    ,2,PIP  ,130,PIP All,Auto Injury      ,"Manoogian, Sharon",SMANOOGIAN@AMICA.COM                              ,7/15/2019,60002250013,Carmen D. Huertas Diaz,Auto     ,Florida,FLORIDA,7/24/2019,1
66,8/28/2015 240,8/15/2019,Injury    ,4,PIP  ,130,PIP All,Auto Injury      ,"Keenan, Kelly",KKEENAN@AMICA.COM                                 ,6/5/2018,60002235554,Janet Colson                                                          ,Auto     ,Florida,FLORIDA,8/15/2019,1
67,4/18/2013 108,8/7/2019,Injury    ,2,PIP  ,130,PIP All,Auto Injury      ,"Manoogian, Sharon",SMANOOGIAN@AMICA.COM                              ,6/30/2016,60001496408,William Candelario                                                    ,Auto     ,Massachusetts,MASSACHUSETTS,8/7/2019,1
