Claim_Closed_Reason,Claim_Create_Dt,Claim_Create_Mth,Claim_Create_Qrt,Claim_Create_Yr,Claim_Hdlr_Branch,Claim_Hdlr_JO,Claim_Sup_End_Dt,Claim_Sup_Type,Claim_Sync_Status,Claim_Type,Clm,Clm_Rsv_Amt,Cov,Covrg_Cd,Detail_Claim_Type,Detail_LOB,File_Closed_Reason,File_Number,File_Type,LOB,Loss_State,Policy_State,Clm_Ct_Rsv_1_Yr_aft_Clm_Rpt,Clm_Ct_Rsv_2_Yr_aft_Clm_Rpt,Clm_Ct_Rsv_3_Mth_aft_Clm_Rpt,Clm_Ct_Rsv_3_Yr_aft_Clm_Rpt,Clm_Ct_Rsv_4_Yr_aft_Clm_Rpt,Clm_Ct_Rsv_6_Mth_aft_Clm_Rpt,Clm_Ct_Rsv_9_Mth_aft_Clm_Rpt,Rsv_1_Yr_aft_Clm_Rpt,Rsv_2_Yr_aft_Clm_Rpt,Rsv_3_Mth_aft_Clm_Rpt,Rsv_3_Yr_aft_Clm_Rpt,Rsv_4_Yr_aft_Clm_Rpt,Rsv_6_Mth_aft_Clm_Rpt,Rsv_9_Mth_aft_Clm_Rpt
-                        ,6/30/2008 182,Jun,2,2008,C MA,Claims JO 4,12/31/9999,Primary  ,Processed      ,Phy Dam   ,1,2425,PD   ,102,PD All     ,Auto Phy Dam     ,-                        ,01200805901,Deferred     ,Auto     ,Massachusetts,MASSACHUSETTS,,,1,,,1,,,,2425.0,,,2425.0,
-                        ,6/30/2008 182,Jun,2,2008,Denver,Claims JO 6,12/31/9999,Primary  ,Processed      ,Phy Dam   ,1,3265,HAIL ,225,Sec I Dam  ,Home Sec I       ,-                        ,26200802381,Deferred     ,Home     ,Nebraska,NEBRASKA,,,1,,,1,,,,3265.0,,,3265.0,
-                        ,4/30/2008 121,Apr,2,2008,SE MA,Claims JO 4,12/31/9999,Primary  ,Processed      ,Phy Dam   ,4,2425,PD   ,102,PD All     ,Auto Phy Dam     ,-                        ,12200806340,Deferred     ,Auto     ,Massachusetts,MASSACHUSETTS,,,1,,,,,,,2425.0,,,,
-                        ,2/29/2008 60,Feb,1,2008,Hartford,Claims JO 5,12/31/9999,Primary  ,Processed      ,Phy Dam   ,1,468.82,PD   ,102,PD All     ,Auto Phy Dam     ,-                        ,03200802159,Regular      ,Auto     ,Connecticut,CONNECTICUT,,,1,,,,,,,468.82,,,,
-                        ,2/29/2008 60,Feb,1,2008,Orlando,Claims JO 2,12/31/9999,Primary  ,Processed      ,Phy Dam   ,1,3400,COLL ,090,Coll All   ,Auto Phy Dam     ,-                        ,34200801659,Deferred     ,Auto     ,Florida,FLORIDA,,,1,,,,,,,3400.0,,,,
-                        ,2/29/2008 60,Feb,1,2008,RI Claims,Claims JO 3,12/31/9999,Primary  ,Processed      ,Phy Dam   ,1,3400,COLL ,090,Coll All   ,Auto Phy Dam     ,-                        ,99200802434,Deferred     ,Auto     ,Rhode Island,RHODE ISLAND,,,1,,,,,,,3400.0,,,,
-                        ,2/29/2008 60,Feb,1,2008,RI Claims,Claims JO 3,12/31/9999,Primary  ,Processed      ,Phy Dam   ,2,2425,PD   ,102,PD All     ,Auto Phy Dam     ,-                        ,99200802434,Deferred     ,Auto     ,Rhode Island,RHODE ISLAND,,,1,,,,,,,2425.0,,,,
-                        ,6/30/2018 181,Jun,2,2018,N CA,Claims JO 6,12/31/9999,Primary  ,Processed      ,Phy Dam   ,1,3200,PD   ,102,PD All     ,Auto Phy Dam     ,-                        ,60003231255,Deferred     ,Auto     ,California,CALIFORNIA,,,1,,,1,,,,3200.0,,,3200.0,
-                        ,4/30/2018 120,Apr,2,2018,C MA,Claims JO 4,12/31/9999,Primary  ,Processed      ,Phy Dam   ,1,3200,PD   ,102,PD All     ,Auto Phy Dam     ,-                        ,60003163702,Deferred     ,Auto     ,Maryland,MASSACHUSETTS,,,1,,,,,,,3200.0,,,,
-                        ,4/30/2018 120,Apr,2,2018,N CA,Claims JO 6,12/31/9999,Primary  ,Processed      ,Phy Dam   ,1,4900,COLL ,090,Coll All   ,Auto Phy Dam     ,-                        ,60003157043,Deferred     ,Auto     ,Colorado,CALIFORNIA,,,1,,,1,,,,4900.0,,,4900.0,
-                        ,4/30/2018 120,Apr,2,2018,N CA,Claims JO 6,12/31/9999,Primary  ,Processed      ,Phy Dam   ,3,3200,PD   ,102,PD All     ,Auto Phy Dam     ,-                        ,60003161061,Deferred     ,Auto     ,California,CALIFORNIA,,,1,,,1,1,,,3200.0,,,3200.0,3200.0
-                        ,4/30/2018 120,Apr,2,2018,Rochester,Claims JO 5,12/31/9999,Primary  ,Processed      ,Phy Dam   ,1,5300,WIND ,220,Sec I Dam  ,Home Sec I       ,-                        ,60003166658,Deferred     ,Home     ,New York,NEW YORK,,,1,,,,,,,5300.0,,,,
-                        ,4/30/2018 120,Apr,2,2018,Houston,Claims JO 3,12/31/9999,Primary  ,Processed      ,Injury    ,4,30000,BI   ,101,BI All     ,Auto Injury      ,-                        ,60003163824,Regular      ,Auto     ,Texas,TEXAS,,,,,,,1,,,,,,,30000.0
-                        ,4/30/2018 120,Apr,2,2018,Orlando,Claims JO 2,12/31/9999,Primary  ,Processed      ,Injury    ,1,3600,PIP  ,130,PIP All    ,Auto Injury      ,-                        ,60003164867,Deferred     ,Auto     ,Florida,FLORIDA,1,,1,,,1,1,3600.0,,3600.0,,,3600.0,3600.0
-                        ,4/30/2018 120,Apr,2,2018,Greenville,Claims JO 2,12/31/9999,Primary  ,Processed      ,Injury    ,3,6900,BI   ,101,BI All     ,Auto Injury      ,-                        ,60003161233,Deferred     ,Auto     ,North Carolina,NORTH CAROLINA,,,1,,,,,,,6900.0,,,,
-                        ,4/30/2018 120,Apr,2,2018,RI Claims,Claims JO 3,12/31/9999,Primary  ,Processed      ,Injury    ,2,2300,MP   ,140,MP All     ,Auto Injury      ,-                        ,60003165289,Deferred     ,Auto     ,Rhode Island,RHODE ISLAND,,,1,,,1,,,,2300.0,,,2300.0,
-                        ,4/30/2018 120,Apr,2,2018,RI Claims,Claims JO 3,12/31/9999,Primary  ,Processed      ,Injury    ,3,2300,MP   ,140,MP All     ,Auto Injury      ,-                        ,60003165289,Deferred     ,Auto     ,Rhode Island,RHODE ISLAND,,,1,,,1,,,,2300.0,,,2300.0,
-                        ,4/30/2018 120,Apr,2,2018,RI Claims,Claims JO 3,12/31/9999,Primary  ,Processed      ,Injury    ,4,2300,MP   ,140,MP All     ,Auto Injury      ,-                        ,60003165289,Deferred     ,Auto     ,Rhode Island,RHODE ISLAND,,,1,,,1,,,,2300.0,,,2300.0,
-                        ,4/30/2018 120,Apr,2,2018,RI Claims,Claims JO 3,12/31/9999,Primary  ,Processed      ,Injury    ,5,6900,BI   ,101,BI All     ,Auto Injury      ,-                        ,60003122823,Deferred     ,Auto     ,Rhode Island,RHODE ISLAND,,,1,,,1,,,,6900.0,,,6900.0,
-                        ,4/30/2018 120,Apr,2,2018,RI Claims,Claims JO 3,12/31/9999,Primary  ,Processed      ,Phy Dam   ,1,4900,IOTHR,859,IM All     ,Home Sec I       ,-                        ,60003166755,Deferred     ,Home     ,Rhode Island,RHODE ISLAND,,,1,,,,,,,4900.0,,,,
-                        ,2/28/2018 59,Feb,1,2018,Maine,Claims JO 3,12/31/9999,Primary  ,Processed      ,Injury    ,1,3400,BI   ,262,BI All     ,Home Sec II      ,-                        ,60003101004,Deferred     ,Home     ,New Hampshire,RHODE ISLAND,,,1,,,,,,,3400.0,,,,
-                        ,2/28/2018 59,Feb,1,2018,Maine,Claims JO 3,12/31/9999,Primary  ,Processed      ,Injury    ,2,3400,BI   ,262,BI All     ,Home Sec II      ,-                        ,60003101004,Deferred     ,Home     ,New Hampshire,RHODE ISLAND,,,1,,,,,,,3400.0,,,,
-                        ,2/28/2018 59,Feb,1,2018,Maine,Claims JO 3,12/31/9999,Primary  ,Processed      ,Injury    ,3,3400,BI   ,262,BI All     ,Home Sec II      ,-                        ,60003101004,Deferred     ,Home     ,New Hampshire,RHODE ISLAND,,,1,,,,,,,3400.0,,,,
-                        ,2/28/2018 59,Feb,1,2018,N CA,Claims JO 6,12/31/9999,Primary  ,Processed      ,Injury    ,3,6900,BI   ,101,BI All     ,Auto Injury      ,-                        ,60003071778,Deferred     ,Auto     ,California,MASSACHUSETTS,,,1,,,1,1,,,6900.0,,,6900.0,6900.0
-                        ,2/28/2018 59,Feb,1,2018,N CA,Claims JO 6,12/31/9999,Primary  ,Processed      ,Injury    ,3,100000,BI   ,101,BI All     ,Auto Injury      ,-                        ,60003071778,Regular      ,Auto     ,California,MASSACHUSETTS,1,,,,,,,100000.0,,,,,,
-                        ,2/28/2018 59,Feb,1,2018,Danbury,Claims JO 5,12/31/9999,Primary  ,Processed      ,Injury    ,2,2240,MP   ,140,MP All     ,Auto Injury      ,-                        ,60003100545,Regular      ,Auto     ,Rhode Island,CONNECTICUT,,,1,,,,,,,2240.0,,,,
-                        ,2/28/2018 59,Feb,1,2018,Rochester,Claims JO 5,12/31/9999,Primary  ,Processed      ,Injury    ,4,48765,PIPX ,132,PIP All    ,Auto Injury      ,-                        ,60000974258,Regular      ,Auto     ,New York,NEW YORK,,,,,,,1,,,,,,,48765.0
-                        ,2/28/2018 59,Feb,1,2018,Rochester,Claims JO 5,12/31/9999,Primary  ,Processed      ,Injury    ,5,3700,PIP  ,130,PIP All    ,Auto Injury      ,-                        ,60003100570,Deferred     ,Auto     ,New York,NEW YORK,,,1,,,,,,,3700.0,,,,
-                        ,2/28/2018 59,Feb,1,2018,Tampa,Claims JO 2,12/31/9999,Primary  ,Processed      ,Phy Dam   ,1,6900,WATER,230,Sec I Dam  ,Home Sec I       ,-                        ,60003101054,Regular      ,Home     ,Florida,FLORIDA,1,,,,,,,6900.0,,,,,,
-                        ,2/28/2018 59,Feb,1,2018,Cincinnati,Claims JO 1,12/31/9999,Primary  ,Processed      ,Phy Dam   ,1,7700,PD   ,102,PD All     ,Auto Phy Dam     ,-                        ,60003100754,Regular      ,Auto     ,Indiana,INDIANA,,,1,,,,,,,7700.0,,,,
-                        ,2/28/2018 59,Feb,1,2018,Dallas,Claims JO 3,12/31/9999,Primary  ,Processed      ,Phy Dam   ,1,3200,PD   ,102,PD All     ,Auto Phy Dam     ,-                        ,60003100323,Deferred     ,Auto     ,Texas,TEXAS,,,1,,,,,,,3200.0,,,,
-                        ,2/28/2018 59,Feb,1,2018,Houston,Claims JO 3,12/31/9999,Primary  ,Processed      ,Phy Dam   ,1,3200,PD   ,102,PD All     ,Auto Phy Dam     ,-                        ,60003101355,Deferred     ,Auto     ,Texas,TEXAS,,,1,,,,,,,3200.0,,,,
-                        ,2/28/2018 59,Feb,1,2018,Baltimore,Claims JO 2,12/31/9999,Primary  ,Processed      ,Phy Dam   ,3,3200,PD   ,102,PD All     ,Auto Phy Dam     ,-                        ,60003100703,Deferred     ,Auto     ,Maryland,MARYLAND,,,1,,,,,,,3200.0,,,,
-                        ,2/28/2018 59,Feb,1,2018,Richmond,Claims JO 2,12/31/9999,Primary  ,Processed      ,Phy Dam   ,1,20000,WATER,230,Sec I Dam  ,Home Sec I       ,-                        ,60003101344,Regular      ,Home     ,Virginia,VIRGINIA,,,1,,,,,,,20000.0,,,,
-                        ,2/28/2018 59,Feb,1,2018,Greenville,Claims JO 2,12/31/9999,Primary  ,Processed      ,Injury    ,5,6900,BI   ,101,BI All     ,Auto Injury      ,-                        ,60003099465,Deferred     ,Auto     ,North Carolina,NORTH CAROLINA,,,1,,,1,,,,6900.0,,,6900.0,
-                        ,11/30/2017 334,Nov,4,2017,S CA,Claims JO 6,12/31/9999,Primary  ,Processed      ,Phy Dam   ,6,3200,PD   ,102,PD All     ,Auto Phy Dam     ,-                        ,60002884403,Deferred     ,Auto     ,California,CALIFORNIA,,,1,,,1,,,,3200.0,,,3200.0,
-                        ,4/30/2017 120,Apr,2,2017,N NJ,Claims JO 5,12/31/9999,Primary  ,Processed      ,Phy Dam   ,1,161395,FIRE ,210,Sec I Dam  ,Home Sec I       ,-                        ,60002793801,Regular      ,Home     ,New Jersey,NEW JERSEY,,,,,,,1,,,,,,,161395.0
-                        ,2/28/2017 59,Feb,1,2017,C MA,Claims JO 4,12/31/9999,Primary  ,Processed      ,Injury    ,6,9040,BI   ,101,BI All     ,Auto Injury      ,-                        ,60002704576,Deferred     ,Auto     ,Massachusetts,MASSACHUSETTS,,,1,,,1,,,,9040.0,,,9040.0,
-                        ,2/28/2017 59,Feb,1,2017,C MA,Claims JO 4,12/31/9999,Primary  ,Processed      ,Phy Dam   ,2,3760,PD   ,102,PD All     ,Auto Phy Dam     ,-                        ,60002727696,Deferred     ,Auto     ,Massachusetts,MASSACHUSETTS,,,1,,,,,,,3760.0,,,,
-                        ,2/28/2017 59,Feb,1,2017,W MA,Claims JO 4,12/31/9999,Primary  ,Processed      ,Injury    ,5,9040,BI   ,101,BI All     ,Auto Injury      ,-                        ,60002636591,Deferred     ,Auto     ,Massachusetts,MASSACHUSETTS,,,1,,,,,,,9040.0,,,,
-                        ,2/28/2017 59,Feb,1,2017,Maine,Claims JO 3,12/31/9999,Primary  ,Processed      ,Injury    ,9,6800,BI   ,101,BI All     ,Auto Injury      ,-                        ,60002707200,Deferred     ,Auto     ,Massachusetts,MASSACHUSETTS,1,1,,,,,,6800.0,6800.0,,,,,
-                        ,2/28/2017 59,Feb,1,2017,Maine,Claims JO 3,12/31/9999,Primary  ,Processed      ,Injury    ,9,20000,BI   ,101,BI All     ,Auto Injury      ,-                        ,60002707200,Regular      ,Auto     ,Massachusetts,MASSACHUSETTS,,,,,,,1,,,,,,,20000.0
-                        ,2/28/2017 59,Feb,1,2017,Raleigh,Claims JO 2,12/31/9999,Primary  ,Processed      ,Phy Dam   ,4,3760,PD   ,102,PD All     ,Auto Phy Dam     ,-                        ,60002681426,Deferred     ,Auto     ,North Carolina,NORTH CAROLINA,,,1,,,1,,,,3760.0,,,3760.0,
-                        ,2/28/2017 59,Feb,1,2017,SE MA,Claims JO 4,12/31/9999,Primary  ,Processed      ,Injury    ,6,2600,BIR  ,106,BIR        ,Auto Injury      ,-                        ,60002707200,Deferred     ,Auto     ,Massachusetts,MASSACHUSETTS,1,,,,,,,2600.0,,,,,,
-                        ,2/28/2017 59,Feb,1,2017,SE MA,Claims JO 4,12/31/9999,Primary  ,Processed      ,Injury    ,6,3580,BIR  ,106,BIR        ,Auto Injury      ,-                        ,60002707200,Regular      ,Auto     ,Massachusetts,MASSACHUSETTS,,,,,,,1,,,,,,,3580.0
-                        ,2/28/2017 59,Feb,1,2017,SE MA,Claims JO 4,12/31/9999,Primary  ,Processed      ,Injury    ,7,6800,BI   ,101,BI All     ,Auto Injury      ,-                        ,60002707200,Deferred     ,Auto     ,Massachusetts,MASSACHUSETTS,1,,,,,,,6800.0,,,,,,
-                        ,2/28/2017 59,Feb,1,2017,SE MA,Claims JO 4,12/31/9999,Primary  ,Processed      ,Injury    ,7,20000,BI   ,101,BI All     ,Auto Injury      ,-                        ,60002707200,Regular      ,Auto     ,Massachusetts,MASSACHUSETTS,,,,,,,1,,,,,,,20000.0
-                        ,2/28/2017 59,Feb,1,2017,SE MA,Claims JO 4,12/31/9999,Primary  ,Processed      ,Injury    ,8,2600,BIR  ,106,BIR        ,Auto Injury      ,-                        ,60002707200,Deferred     ,Auto     ,Massachusetts,MASSACHUSETTS,1,,,,,,,2600.0,,,,,,
-                        ,2/28/2017 59,Feb,1,2017,SE MA,Claims JO 4,12/31/9999,Primary  ,Processed      ,Injury    ,8,3580,BIR  ,106,BIR        ,Auto Injury      ,-                        ,60002707200,Regular      ,Auto     ,Massachusetts,MASSACHUSETTS,,,,,,,1,,,,,,,3580.0
-                        ,2/28/2017 59,Feb,1,2017,SE MA,Claims JO 4,12/31/9999,Primary  ,Processed      ,Phy Dam   ,3,3760,PD   ,102,PD All     ,Auto Phy Dam     ,-                        ,60002725212,Deferred     ,Auto     ,Massachusetts,MASSACHUSETTS,,,1,,,,,,,3760.0,,,,
-                        ,2/28/2017 59,Feb,1,2017,Tampa,Claims JO 2,12/31/9999,Primary  ,Processed      ,Phy Dam   ,1,11650,HAIL ,225,Sec I Dam  ,Home Sec I       ,-                        ,60002728460,Deferred     ,Home     ,Florida,FLORIDA,,,1,,,1,,,,11650.0,,,11650.0,
-                        ,2/28/2017 59,Feb,1,2017,Phoenix,Claims JO 6,12/31/9999,Primary  ,Processed      ,Phy Dam   ,1,8830,WATER,452,Ho Ext All ,Dwelling Pol     ,-                        ,60002728532,Deferred     ,Home     ,Arizona,ARIZONA,,,1,,,,,,,8830.0,,,,
-                        ,2/28/2017 59,Feb,1,2017,Houston,Claims JO 3,12/31/9999,Primary  ,Processed      ,Injury    ,7,15060,UMBI ,120,BI All     ,Auto Injury      ,-                        ,60002601843,Deferred     ,Auto     ,Texas,TEXAS,,,1,,,,,,,15060.0,,,,
-                        ,2/28/2017 59,Feb,1,2017,Baltimore,Claims JO 2,12/31/9999,Primary  ,Processed      ,Injury    ,3,3380,PIP  ,130,PIP All    ,Auto Injury      ,-                        ,60002696573,Deferred     ,Auto     ,Maryland,DISTRICT OF COLUMBIA,,,1,,,,,,,3380.0,,,,
-                        ,2/28/2017 59,Feb,1,2017,Orlando,Claims JO 2,12/31/9999,Primary  ,Processed      ,Phy Dam   ,2,3760,PD   ,102,PD All     ,Auto Phy Dam     ,-                        ,60002639338,Deferred     ,Auto     ,Florida,FLORIDA,,,1,,,,,,,3760.0,,,,
-                        ,11/30/2016 335,Nov,4,2016,Rochester,Claims JO 5,12/31/9999,Primary  ,Processed      ,Phy Dam   ,1,9165,FIRE ,210,Sec I Dam  ,Home Sec I       ,-                        ,60002648890,Regular      ,Home     ,New York,NEW YORK,1,,,,,,1,9165.0,,,,,,9165.0
-                        ,11/30/2016 335,Nov,4,2016,Rochester,Claims JO 5,12/31/9999,Primary  ,Processed      ,Phy Dam   ,1,9480,FIRE ,210,Sec I Dam  ,Home Sec I       ,-                        ,60002648890,Regular      ,Home     ,New York,NEW YORK,,,,,,1,,,,,,,9480.0,
-                        ,11/30/2016 335,Nov,4,2016,Houston,Claims JO 3,12/31/9999,Primary  ,Processed      ,Phy Dam   ,1,12120,HAIL ,225,Sec I Dam  ,Home Sec I       ,-                        ,60002648639,Deferred     ,Home     ,Texas,TEXAS,,,1,,,1,1,,,12120.0,,,12120.0,12120.0
-                        ,11/30/2016 335,Nov,4,2016,RI Claims,Claims JO 3,12/31/9999,Primary  ,Processed      ,Injury    ,2,8810,BI   ,101,BI All     ,Auto Injury      ,-                        ,60002642758,Deferred     ,Auto     ,Rhode Island,RHODE ISLAND,,,1,,,1,,,,8810.0,,,8810.0,
-                        ,11/30/2016 335,Nov,4,2016,RI Claims,Claims JO 3,12/31/9999,Primary  ,Processed      ,Injury    ,3,8810,BI   ,101,BI All     ,Auto Injury      ,-                        ,60002642758,Deferred     ,Auto     ,Rhode Island,RHODE ISLAND,,,1,,,1,,,,8810.0,,,8810.0,
-                        ,11/30/2016 335,Nov,4,2016,RI Claims,Claims JO 3,12/31/9999,Primary  ,Processed      ,Injury    ,4,8810,BI   ,101,BI All     ,Auto Injury      ,-                        ,60002642758,Deferred     ,Auto     ,Rhode Island,RHODE ISLAND,,,1,,,1,,,,8810.0,,,8810.0,
-                        ,11/30/2016 335,Nov,4,2016,RI Claims,Claims JO 3,12/31/9999,Primary  ,Processed      ,Injury    ,6,8810,BI   ,101,BI All     ,Auto Injury      ,-                        ,60002610475,Deferred     ,Auto     ,Rhode Island,RHODE ISLAND,,,1,,,1,,,,8810.0,,,8810.0,
-                        ,9/30/2016 274,Sep,3,2016,Cincinnati,Claims JO 1,12/31/9999,Primary  ,Processed      ,Injury    ,2,8500,BI   ,101,BI All     ,Auto Injury      ,-                        ,60002596223,Deferred     ,Auto     ,Indiana,MICHIGAN,,,1,,,1,,,,8500.0,,,8500.0,
-                        ,6/30/2016 182,Jun,2,2016,Tampa,Claims JO 2,12/31/9999,Primary  ,Processed      ,Injury    ,7,25000,BI   ,101,BI All     ,Auto Injury      ,-                        ,60002511613,Regular      ,Auto     ,Florida,FLORIDA,,,1,,,1,1,,,25000.0,,,25000.0,25000.0
-                        ,6/30/2016 182,Jun,2,2016,Tampa,Claims JO 2,12/31/9999,Primary  ,Processed      ,Injury    ,8,25000,BI   ,101,BI All     ,Auto Injury      ,-                        ,60002511613,Regular      ,Auto     ,Florida,FLORIDA,,,1,,,1,1,,,25000.0,,,25000.0,25000.0
-                        ,4/30/2016 121,Apr,2,2016,Houston,Claims JO 3,12/31/9999,Primary  ,Processed      ,Injury    ,1,3310,PIP  ,130,PIP All    ,Auto Injury      ,-                        ,60002455862,Deferred     ,Auto     ,Texas,TEXAS,1,,,,,,1,3310.0,,,,,,3310.0
-                        ,2/29/2016 60,Feb,1,2016,C MA,Claims JO 4,12/31/9999,Primary  ,Processed      ,Phy Dam   ,1,10040,WIND ,220,Sec I Dam  ,Home Sec I       ,-                        ,60002393895,Deferred     ,Home     ,Massachusetts,MASSACHUSETTS,,,1,,,,,,,10040.0,,,,
-                        ,2/29/2016 60,Feb,1,2016,SE MA,Claims JO 4,12/31/9999,Primary  ,Processed      ,Injury    ,1,2160,PIP  ,130,PIP All    ,Auto Injury      ,-                        ,60002396344,Deferred     ,Auto     ,Massachusetts,MASSACHUSETTS,,,1,,,1,,,,2160.0,,,2160.0,
-                        ,2/29/2016 60,Feb,1,2016,S CA,Claims JO 6,12/31/9999,Primary  ,Processed      ,Phy Dam   ,1,3530,PD   ,102,PD All     ,Auto Phy Dam     ,-                        ,60002396908,Deferred     ,Auto     ,California,CALIFORNIA,,,1,,,1,,,,3530.0,,,3530.0,
-                        ,2/29/2016 60,Feb,1,2016,Oregon,Claims JO 6,12/31/9999,Primary  ,Processed      ,Injury    ,2,3190,PIP  ,130,PIP All    ,Auto Injury      ,-                        ,60002379706,Deferred     ,Auto     ,Washington,WASHINGTON,,,1,,,,,,,3190.0,,,,
-                        ,2/29/2016 60,Feb,1,2016,Denver,Claims JO 6,12/31/9999,Primary  ,Processed      ,Injury    ,2,3190,PIP  ,130,PIP All    ,Auto Injury      ,-                        ,60002368227,Deferred     ,Auto     ,Utah,UTAH,,,1,,,1,,,,3190.0,,,3190.0,
-                        ,11/30/2015 334,Nov,4,2015,Danbury,Claims JO 5,12/31/9999,Primary  ,Processed      ,Injury    ,4,3170,PIP  ,130,PIP All    ,Auto Injury      ,-                        ,60002319274,Deferred     ,Auto     ,New York,NEW YORK,,,1,,,1,,,,3170.0,,,3170.0,
-                        ,9/30/2015 273,Sep,3,2015,Hartford,Claims JO 5,12/31/9999,Primary  ,Processed      ,Injury    ,2,7460,BI   ,101,BI All     ,Auto Injury      ,-                        ,60002266538,Deferred     ,Auto     ,Connecticut,CONNECTICUT,,,1,,,1,,,,7460.0,,,7460.0,
-                        ,6/30/2015 181,Jun,2,2015,Albany,Claims JO 5,12/31/9999,Primary  ,Processed      ,Phy Dam   ,1,32800,HAIL ,225,Sec I Dam  ,Home Sec I       ,-                        ,60002182904,Regular      ,Home     ,Colorado,COLORADO,,,,,,,1,,,,,,,32800.0
-                        ,6/30/2015 181,Jun,2,2015,Houston,Claims JO 3,12/31/9999,Primary  ,Processed      ,Phy Dam   ,1,7610,HAIL ,225,Sec I Dam  ,Home Sec I       ,-                        ,60002183211,Deferred     ,Home     ,Texas,TEXAS,,,1,,,1,,,,7610.0,,,7610.0,
-                        ,6/30/2015 181,Jun,2,2015,S NJ,Claims JO 5,12/31/9999,Primary  ,Processed      ,Phy Dam   ,1,5605,WIND ,220,Sec I Dam  ,Home Sec I       ,-                        ,60002183233,Regular      ,Home     ,New Jersey,NEW JERSEY,,,1,,,1,,,,5605.0,,,5605.0,
-                        ,4/30/2015 120,Apr,2,2015,Hartford,Claims JO 5,12/31/9999,Primary  ,Processed      ,Phy Dam   ,2,4110,COLL ,090,Coll All   ,Auto Phy Dam     ,-                        ,60002111604,Deferred     ,Auto     ,Connecticut,CONNECTICUT,,,1,,,,,,,4110.0,,,,
-                        ,4/30/2015 120,Apr,2,2015,Albany,Claims JO 5,12/31/9999,Primary  ,Processed      ,Injury    ,5,18360,PIPX ,132,PIP All    ,Auto Injury      ,-                        ,60001789058,Regular      ,Auto     ,New York,NEW YORK,,,1,,,,,,,18360.0,,,,
-                        ,4/30/2015 120,Apr,2,2015,SE MA,Claims JO 4,12/31/9999,Primary  ,Processed      ,Injury    ,2,2170,PIP  ,130,PIP All    ,Auto Injury      ,-                        ,60002101492,Deferred     ,Auto     ,Massachusetts,MASSACHUSETTS,,,1,,,,,,,2170.0,,,,
-                        ,9/30/2014 273,Sep,3,2014,C MA,Claims JO 4,12/31/9999,Primary  ,Processed      ,Phy Dam   ,1,3250,PD   ,102,PD All     ,Auto Phy Dam     ,-                        ,60001936001,Deferred     ,Auto     ,Pennsylvania,MASSACHUSETTS,,,1,,,,,,,3250.0,,,,
-                        ,9/30/2014 273,Sep,3,2014,Denver,Claims JO 6,12/31/9999,Primary  ,Processed      ,Phy Dam   ,1,630,HAIL ,225,Sec I Dam  ,Home Sec I       ,-                        ,60001935273,Regular      ,Home     ,Colorado,COLORADO,,,1,,,,,,,630.0,,,,
-                        ,9/30/2014 273,Sep,3,2014,Denver,Claims JO 6,12/31/9999,Primary  ,Processed      ,Phy Dam   ,1,4300,WIND ,060,OTC All    ,Auto Phy Dam     ,-                        ,60001935836,Deferred     ,Auto     ,Colorado,COLORADO,,,1,,,,,,,4300.0,,,,
-                        ,9/30/2014 273,Sep,3,2014,Denver,Claims JO 6,12/31/9999,Primary  ,Processed      ,Phy Dam   ,1,4530,COLL ,090,Coll All   ,Auto Phy Dam     ,-                        ,60001935289,Deferred     ,Auto     ,Missouri,KANSAS,,,1,,,,,,,4530.0,,,,
-                        ,9/30/2014 273,Sep,3,2014,Denver,Claims JO 6,12/31/9999,Primary  ,Processed      ,Phy Dam   ,2,520,RENT ,025,OTC All    ,Auto Phy Dam     ,-                        ,60001935836,Deferred     ,Auto     ,Colorado,COLORADO,,,1,,,,,,,520.0,,,,
-                        ,9/30/2014 273,Sep,3,2014,Houston,Claims JO 3,12/31/9999,Primary  ,Processed      ,Phy Dam   ,1,3250,PD   ,102,PD All     ,Auto Phy Dam     ,-                        ,60001935822,Deferred     ,Auto     ,Louisiana,LOUISIANA,,,1,,,,,,,3250.0,,,,
-                        ,9/30/2014 273,Sep,3,2014,Houston,Claims JO 3,12/31/9999,Primary  ,Processed      ,Phy Dam   ,2,3250,PD   ,102,PD All     ,Auto Phy Dam     ,-                        ,60001935806,Deferred     ,Auto     ,Hawaii,TEXAS,,,1,,,,,,,3250.0,,,,
-                        ,9/30/2014 273,Sep,3,2014,Minneapolis,Claims JO 4,12/31/9999,Primary  ,Processed      ,Phy Dam   ,1,7665,HAIL ,225,Sec I Dam  ,Home Sec I       ,-                        ,60001935604,Regular      ,Home     ,Minnesota,MINNESOTA,,,,,,,1,,,,,,,7665.0
-                        ,9/30/2014 273,Sep,3,2014,Minneapolis,Claims JO 4,12/31/9999,Primary  ,Processed      ,Phy Dam   ,1,7890,HAIL ,225,Sec I Dam  ,Home Sec I       ,-                        ,60001935604,Regular      ,Home     ,Minnesota,MINNESOTA,,,,,,1,,,,,,,7890.0,
-                        ,9/30/2014 273,Sep,3,2014,SCO - West,Serv Ctr Ops,12/31/9999,Primary  ,Processed      ,Phy Dam   ,1,300,GLASS,030,Glass & Tow,Auto Phy Dam     ,-                        ,60001935183,Deferred     ,Auto     ,Vermont,VERMONT,,,1,,,,,,,300.0,,,,
-                        ,6/30/2014 181,Jun,2,2014,Rochester,Claims JO 5,12/31/9999,Primary  ,Processed      ,Injury    ,1,660,PIP  ,130,PIP All    ,Auto Injury      ,-                        ,60001859750,Regular      ,Auto     ,New York,NEW YORK,,,,,,,1,,,,,,,660.0
-                        ,6/30/2014 181,Jun,2,2014,Knoxville,Claims JO 2,12/31/9999,Primary  ,Processed      ,Phy Dam   ,1,4490,COLL ,090,Coll All   ,Auto Phy Dam     ,-                        ,60001858844,Deferred     ,Auto     ,Tennessee,TENNESSEE,,,1,,,1,,,,4490.0,,,4490.0,
-                        ,4/30/2014 120,Apr,2,2014,C MA,Claims JO 4,12/31/9999,Primary  ,Processed      ,Injury    ,5,50000,UDBI ,104,BI All     ,Auto Injury      ,-                        ,60001293781,Regular      ,Auto     ,Massachusetts,MASSACHUSETTS,1,,,,,1,1,50000.0,,,,,50000.0,50000.0
-                        ,4/30/2014 120,Apr,2,2014,C MA,Claims JO 4,12/31/9999,Primary  ,Processed      ,Injury    ,5,54900,UDBI ,104,BI All     ,Auto Injury      ,-                        ,60001293781,Regular      ,Auto     ,Massachusetts,MASSACHUSETTS,,,1,,,,,,,54900.0,,,,
-                        ,4/30/2014 120,Apr,2,2014,C MA,Claims JO 4,12/31/9999,Primary  ,Processed      ,Phy Dam   ,1,4490,COLL ,090,Coll All   ,Auto Phy Dam     ,-                        ,60001806846,Deferred     ,Auto     ,Maryland,MASSACHUSETTS,,,1,,,,,,,4490.0,,,,
-                        ,2/28/2014 59,Feb,1,2014,C MA,Claims JO 4,12/31/9999,Primary  ,Processed      ,Injury    ,3,2170,PIP  ,130,PIP All    ,Auto Injury      ,-                        ,60001735168,Deferred     ,Auto     ,Massachusetts,MASSACHUSETTS,,,1,,,,,,,2170.0,,,,
-                        ,2/28/2014 59,Feb,1,2014,N CA,Claims JO 6,12/31/9999,Primary  ,Processed      ,Phy Dam   ,3,510,RENT ,025,OTC All    ,Auto Phy Dam     ,-                        ,60001755970,Deferred     ,Auto     ,California,CALIFORNIA,,,1,,,,,,,510.0,,,,
-                        ,2/28/2014 59,Feb,1,2014,Danbury,Claims JO 5,12/31/9999,Primary  ,Processed      ,Phy Dam   ,1,4460,COLL ,090,Coll All   ,Auto Phy Dam     ,-                        ,60001756408,Deferred     ,Auto     ,Connecticut,CONNECTICUT,,,1,,,,,,,4460.0,,,,
-                        ,2/28/2014 59,Feb,1,2014,Rochester,Claims JO 5,12/31/9999,Primary  ,Processed      ,Phy Dam   ,1,3190,PD   ,102,PD All     ,Auto Phy Dam     ,-                        ,60001756711,Deferred     ,Auto     ,New York,NEW YORK,,,1,,,,,,,3190.0,,,,
-                        ,2/28/2014 59,Feb,1,2014,Tampa,Claims JO 2,12/31/9999,Primary  ,Processed      ,Injury    ,2,3100,PIP  ,130,PIP All    ,Auto Injury      ,-                        ,60001755685,Deferred     ,Auto     ,Florida,FLORIDA,,,1,,,,,,,3100.0,,,,
-                        ,2/28/2014 59,Feb,1,2014,Tampa,Claims JO 2,12/31/9999,Primary  ,Processed      ,Injury    ,3,1000,MP   ,140,MP All     ,Auto Injury      ,-                        ,60001755685,Deferred     ,Auto     ,Florida,FLORIDA,,,1,,,,,,,1000.0,,,,
-                        ,2/28/2014 59,Feb,1,2014,Cincinnati,Claims JO 1,12/31/9999,Primary  ,Processed      ,Phy Dam   ,1,4460,COLL ,090,Coll All   ,Auto Phy Dam     ,-                        ,60001756459,Deferred     ,Auto     ,Ohio,OHIO,,,1,,,,,,,4460.0,,,,
-                        ,2/28/2014 59,Feb,1,2014,Houston,Claims JO 3,12/31/9999,Primary  ,Processed      ,Injury    ,5,7060,BI   ,101,BI All     ,Auto Injury      ,-                        ,60001755082,Deferred     ,Auto     ,Texas,TEXAS,,,1,,,1,,,,7060.0,,,7060.0,
-                        ,2/28/2014 59,Feb,1,2014,Houston,Claims JO 3,12/31/9999,Primary  ,Processed      ,Phy Dam   ,1,3190,PD   ,102,PD All     ,Auto Phy Dam     ,-                        ,60001756153,Deferred     ,Auto     ,Louisiana,LOUISIANA,,,1,,,,,,,3190.0,,,,
-                        ,2/28/2014 59,Feb,1,2014,Baltimore,Claims JO 2,12/31/9999,Primary  ,Processed      ,Injury    ,2,7060,BI   ,101,BI All     ,Auto Injury      ,-                        ,60001755638,Deferred     ,Auto     ,Maryland,MARYLAND,,,1,,,1,,,,7060.0,,,7060.0,
-                        ,2/28/2014 59,Feb,1,2014,Baltimore,Claims JO 2,12/31/9999,Primary  ,Processed      ,Injury    ,3,7060,BI   ,101,BI All     ,Auto Injury      ,-                        ,60001755638,Deferred     ,Auto     ,Maryland,MARYLAND,,,1,,,1,,,,7060.0,,,7060.0,
-                        ,2/28/2014 59,Feb,1,2014,Pittsburgh,Claims JO 5,12/31/9999,Primary  ,Processed      ,Phy Dam   ,1,3560,OTHER,085,OTC All    ,Auto Phy Dam     ,-                        ,60001756498,Deferred     ,Auto     ,New Jersey,NEW JERSEY,,,1,,,,,,,3560.0,,,,
-                        ,2/28/2014 59,Feb,1,2014,Atlanta,Claims JO 2,12/31/9999,Primary  ,Processed      ,Phy Dam   ,1,3730,FREEZ,235,Sec I Dam  ,Home Sec I       ,-                        ,60001756141,Deferred     ,Home     ,Georgia,GEORGIA,,,1,,,,,,,3730.0,,,,
-                        ,2/28/2014 59,Feb,1,2014,Orlando,Claims JO 2,12/31/9999,Primary  ,Processed      ,Phy Dam   ,2,3190,PD   ,102,PD All     ,Auto Phy Dam     ,-                        ,60001756745,Deferred     ,Auto     ,Florida,FLORIDA,,,1,,,1,1,,,3190.0,,,3190.0,3190.0
-                        ,2/28/2014 59,Feb,1,2014,Greenville,Claims JO 2,12/31/9999,Primary  ,Processed      ,Phy Dam   ,1,4460,COLL ,090,Coll All   ,Auto Phy Dam     ,-                        ,60001755996,Deferred     ,Auto     ,North Carolina,NORTH CAROLINA,,,1,,,,,,,4460.0,,,,
-                        ,9/30/2013 273,Sep,3,2013,Danbury,Claims JO 5,12/31/9999,Primary  ,Processed      ,Injury    ,2,3100,PIP  ,130,PIP All    ,Auto Injury      ,-                        ,60001635108,Deferred     ,Auto     ,New York,NEW YORK,,,,,,,1,,,,,,,3100.0
-                        ,9/30/2013 273,Sep,3,2013,Danbury,Claims JO 5,12/31/9999,Primary  ,Processed      ,Injury    ,5,2100,PIP  ,130,PIP All    ,Auto Injury      ,-                        ,60001634820,Deferred     ,Auto     ,New York,MASSACHUSETTS,,,1,,,1,,,,2100.0,,,2100.0,
-                        ,9/30/2013 273,Sep,3,2013,Tampa,Claims JO 2,12/31/9999,Primary  ,Processed      ,Injury    ,6,10350,UMBI ,120,BI All     ,Auto Injury      ,-                        ,60001611765,Deferred     ,Auto     ,Florida,FLORIDA,,,1,,,,,,,10350.0,,,,
-                        ,9/30/2013 273,Sep,3,2013,Tampa,Claims JO 2,12/31/9999,Primary  ,Processed      ,Injury    ,6,50000,UMBI ,120,BI All     ,Auto Injury      ,-                        ,60001611765,Regular      ,Auto     ,Florida,FLORIDA,,,,,,1,1,,,,,,50000.0,50000.0
-                        ,4/30/2013 120,Apr,2,2013,SE MA,Claims JO 4,12/31/9999,Primary  ,Processed      ,Phy Dam   ,1,195785,FIRE ,210,Sec I Dam  ,Home Sec I       ,-                        ,60001508362,Regular      ,Home     ,Massachusetts,MASSACHUSETTS,,,,,,1,,,,,,,195785.0,
-                        ,4/30/2013 120,Apr,2,2013,Houston,Claims JO 3,12/31/9999,Primary  ,Processed      ,Injury    ,1,3020,PIP  ,130,PIP All    ,Auto Injury      ,-                        ,60001507694,Deferred     ,Auto     ,Texas,TEXAS,,,1,,,1,,,,3020.0,,,3020.0,
-                        ,4/30/2013 120,Apr,2,2013,Houston,Claims JO 3,12/31/9999,Primary  ,Processed      ,Phy Dam   ,1,4910,HAIL ,225,Sec I Dam  ,Home Sec I       ,-                        ,60001508201,Deferred     ,Home     ,Texas,TEXAS,,,1,,,,,,,4910.0,,,,
-                        ,4/30/2013 120,Apr,2,2013,Houston,Claims JO 3,12/31/9999,Primary  ,Processed      ,Phy Dam   ,1,94985,FIRE ,210,Sec I Dam  ,Home Sec I       ,-                        ,60001508092,Regular      ,Home     ,Texas,TEXAS,,,1,,,1,,,,94985.0,,,94985.0,
-                        ,4/30/2013 120,Apr,2,2013,Richmond,Claims JO 2,12/31/9999,Primary  ,Processed      ,Injury    ,6,6790,BI   ,101,BI All     ,Auto Injury      ,-                        ,60001498259,Deferred     ,Auto     ,Virginia,VIRGINIA,,,1,,,1,1,,,6790.0,,,6790.0,6790.0
-                        ,4/30/2013 120,Apr,2,2013,SCO - East,Serv Ctr Ops,12/31/9999,Primary  ,Processed      ,Phy Dam   ,1,290,GLASS,030,Glass & Tow,Auto Phy Dam     ,-                        ,60001508658,Deferred     ,Auto     ,Texas,TEXAS,,,1,,,1,1,,,290.0,,,290.0,290.0
-                        ,4/30/2013 120,Apr,2,2013,SCO - East,Serv Ctr Ops,12/31/9999,Primary  ,Processed      ,Phy Dam   ,2,3130,UMPD ,122,PD All     ,Auto Phy Dam     ,-                        ,60001506640,Deferred     ,Auto     ,Texas,TEXAS,,,1,,,,,,,3130.0,,,,
-                        ,4/30/2013 120,Apr,2,2013,RI Claims,Claims JO 3,12/31/9999,Primary  ,Processed      ,Injury    ,3,6790,BI   ,101,BI All     ,Auto Injury      ,-                        ,60001501925,Deferred     ,Auto     ,Rhode Island,RHODE ISLAND,,,1,,,,,,,6790.0,,,,
-                        ,4/30/2013 120,Apr,2,2013,RI Claims,Claims JO 3,12/31/9999,Primary  ,Processed      ,Injury    ,4,6790,BI   ,101,BI All     ,Auto Injury      ,-                        ,60001501925,Deferred     ,Auto     ,Rhode Island,RHODE ISLAND,,,1,,,,,,,6790.0,,,,
-                        ,2/28/2013 59,Feb,1,2013,C MA,Claims JO 4,12/31/9999,Primary  ,Processed      ,Phy Dam   ,1,4790,WIND ,220,Sec I Dam  ,Home Sec I       ,-                        ,60001457758,Deferred     ,Home     ,Massachusetts,MASSACHUSETTS,,,1,,,,,,,4790.0,,,,
-                        ,2/28/2013 59,Feb,1,2013,Hartford,Claims JO 5,12/31/9999,Primary  ,Processed      ,Injury    ,1,3390,MP   ,140,MP All     ,Auto Injury      ,-                        ,60001457880,Deferred     ,Auto     ,Connecticut,CONNECTICUT,,,1,,,,,,,3390.0,,,,
-                        ,2/28/2013 59,Feb,1,2013,Hartford,Claims JO 5,12/31/9999,Primary  ,Processed      ,Injury    ,3,1000,MP   ,140,MP All     ,Auto Injury      ,-                        ,60001457888,Deferred     ,Auto     ,Connecticut,CONNECTICUT,,,1,,,,,,,1000.0,,,,
-                        ,2/28/2013 59,Feb,1,2013,Seattle,Claims JO 6,12/31/9999,Primary  ,Processed      ,Injury    ,2,6560,BI   ,101,BI All     ,Auto Injury      ,-                        ,60001448600,Deferred     ,Auto     ,Washington,WASHINGTON,,,1,,,,,,,6560.0,,,,
-                        ,2/28/2013 59,Feb,1,2013,S CA,Claims JO 6,12/31/9999,Primary  ,Processed      ,Phy Dam   ,1,2770,OTHER,250,Sec I Dam  ,Home Sec I       ,-                        ,60001458235,Deferred     ,Home     ,California,CALIFORNIA,,,1,,,,,,,2770.0,,,,
-                        ,2/28/2013 59,Feb,1,2013,Cincinnati,Claims JO 1,12/31/9999,Primary  ,Processed      ,Phy Dam   ,1,4140,COLL ,090,Coll All   ,Auto Phy Dam     ,-                        ,60001457994,Deferred     ,Auto     ,Pennsylvania,INDIANA,,,1,,,,,,,4140.0,,,,
-                        ,2/28/2013 59,Feb,1,2013,Cincinnati,Claims JO 1,12/31/9999,Primary  ,Processed      ,Phy Dam   ,1,4140,COLL ,090,Coll All   ,Auto Phy Dam     ,-                        ,60001457994,Regular      ,Auto     ,Pennsylvania,INDIANA,,,,,,1,,,,,,,4140.0,
-                        ,2/28/2013 59,Feb,1,2013,Phoenix,Claims JO 6,12/31/9999,Primary  ,Processed      ,Phy Dam   ,2,3130,PD   ,102,PD All     ,Auto Phy Dam     ,-                        ,60001456506,Deferred     ,Auto     ,Arizona,ARIZONA,,,1,,,,,,,3130.0,,,,
-                        ,2/28/2013 59,Feb,1,2013,Concord,Claims JO 3,12/31/9999,Primary  ,Processed      ,Phy Dam   ,1,2950,PD   ,102,PD All     ,Auto Phy Dam     ,-                        ,60001458771,Deferred     ,Auto     ,North Carolina,NEW HAMPSHIRE,,,1,,,,,,,2950.0,,,,
-                        ,2/28/2013 59,Feb,1,2013,Houston,Claims JO 3,12/31/9999,Primary  ,Processed      ,Injury    ,2,2850,PIP  ,130,PIP All    ,Auto Injury      ,-                        ,60001457874,Deferred     ,Auto     ,Texas,TEXAS,,,1,,,,,,,2850.0,,,,
-                        ,2/28/2013 59,Feb,1,2013,Richmond,Claims JO 2,12/31/9999,Primary  ,Processed      ,Injury    ,5,6560,BI   ,101,BI All     ,Auto Injury      ,-                        ,60001449807,Deferred     ,Auto     ,Virginia,RHODE ISLAND,,,1,,,1,,,,6560.0,,,6560.0,
-                        ,2/28/2013 59,Feb,1,2013,Greenville,Claims JO 2,12/31/9999,Primary  ,Processed      ,Phy Dam   ,1,7500,OTHER,250,Sec I Dam  ,Home Sec I       ,-                        ,60001457519,Regular      ,Home     ,South Carolina,SOUTH CAROLINA,,,1,,,,,,,7500.0,,,,
-                        ,2/28/2013 59,Feb,1,2013,SCO - East,Serv Ctr Ops,12/31/9999,Primary  ,Processed      ,Phy Dam   ,1,4370,COLL ,090,Coll All   ,Auto Phy Dam     ,-                        ,60001458557,Deferred     ,Auto     ,Texas,TEXAS,,,1,,,,,,,4370.0,,,,
-                        ,2/28/2013 59,Feb,1,2013,RI Claims,Claims JO 3,12/31/9999,Primary  ,Processed      ,Phy Dam   ,1,40400,WATER,230,Sec I Dam  ,Home Sec I       ,-                        ,60001458374,Regular      ,Home     ,Rhode Island,RHODE ISLAND,,,1,,,,,,,40400.0,,,,
-                        ,4/30/2012 121,Apr,2,2012,C MA,Claims JO 4,12/31/9999,Primary  ,Processed      ,Injury    ,3,20000,BI   ,101,BI All     ,Auto Injury      ,-                        ,60001197851,Regular      ,Auto     ,Massachusetts,MASSACHUSETTS,,,1,,,,,,,20000.0,,,,
-                        ,4/30/2012 121,Apr,2,2012,Albany,Claims JO 5,12/31/9999,Primary  ,Processed      ,Phy Dam   ,1,3540,COLL ,090,Coll All   ,Auto Phy Dam     ,-                        ,60001200612,Deferred     ,Auto     ,Massachusetts,NEW YORK,,,1,,,,,,,3540.0,,,,
-                        ,4/30/2012 121,Apr,2,2012,Raleigh,Claims JO 2,12/31/9999,Primary  ,Processed      ,Phy Dam   ,2,410,RENT ,025,OTC All    ,Auto Phy Dam     ,-                        ,60001200799,Deferred     ,Auto     ,Georgia,NORTH CAROLINA,,,1,,,,,,,410.0,,,,
-                        ,4/30/2012 121,Apr,2,2012,Houston,Claims JO 3,12/31/9999,Primary  ,Processed      ,Phy Dam   ,1,4030,THEFT,020,OTC All    ,Auto Phy Dam     ,-                        ,60001200671,Deferred     ,Auto     ,Texas,TEXAS,,,1,,,,,,,4030.0,,,,
-                        ,4/30/2012 121,Apr,2,2012,Houston,Claims JO 3,12/31/9999,Primary  ,Processed      ,Phy Dam   ,2,410,RENT ,025,OTC All    ,Auto Phy Dam     ,-                        ,60001200671,Deferred     ,Auto     ,Texas,TEXAS,,,1,,,,,,,410.0,,,,
-                        ,4/30/2012 121,Apr,2,2012,S NJ,Claims JO 5,12/31/9999,Primary  ,Processed      ,Phy Dam   ,1,3540,COLL ,090,Coll All   ,Auto Phy Dam     ,-                        ,60001200919,Deferred     ,Auto     ,New Jersey,NEW JERSEY,,,1,,,1,,,,3540.0,,,3540.0,
-                        ,4/30/2012 121,Apr,2,2012,SCO - East,Serv Ctr Ops,12/31/9999,Primary  ,Processed      ,Phy Dam   ,1,240,GLASS,030,Glass & Tow,Auto Phy Dam     ,-                        ,60001200565,Deferred     ,Auto     ,Washington,WASHINGTON,,,1,,,1,,,,240.0,,,240.0,
-                        ,2/29/2012 60,Feb,1,2012,Seattle,Claims JO 6,12/31/9999,Primary  ,Processed      ,Phy Dam   ,1,3300,COLL ,090,Coll All   ,Auto Phy Dam     ,-                        ,60001153391,Deferred     ,Auto     ,Washington,WASHINGTON,,,1,,,,,,,3300.0,,,,
-                        ,2/29/2012 60,Feb,1,2012,Seattle,Claims JO 6,12/31/9999,Primary  ,Processed      ,Phy Dam   ,2,2340,PD   ,102,PD All     ,Auto Phy Dam     ,-                        ,60001153391,Deferred     ,Auto     ,Washington,WASHINGTON,,,1,,,,,,,2340.0,,,,
-                        ,2/29/2012 60,Feb,1,2012,Dallas,Claims JO 3,12/31/9999,Primary  ,Processed      ,Phy Dam   ,5,2340,UMPD ,122,PD All     ,Auto Phy Dam     ,-                        ,60001142246,Deferred     ,Auto     ,Texas,TEXAS,,,1,,,,,,,2340.0,,,,
-                        ,2/29/2012 60,Feb,1,2012,Richmond,Claims JO 2,12/31/9999,Primary  ,Processed      ,Injury    ,3,2000,MP   ,140,MP All     ,Auto Injury      ,-                        ,60001148496,Deferred     ,Auto     ,Virginia,VIRGINIA,,,1,,,1,,,,2000.0,,,2000.0,
-                        ,2/29/2012 60,Feb,1,2012,Orlando,Claims JO 2,12/31/9999,Primary  ,Processed      ,Injury    ,2,2210,PIP  ,130,PIP All    ,Auto Injury      ,-                        ,60001152479,Deferred     ,Auto     ,Florida,FLORIDA,,,1,,,,,,,2210.0,,,,
-                        ,11/30/2011 334,Nov,4,2011,Oregon,Claims JO 6,12/31/9999,Primary  ,Processed      ,Injury    ,3,2040,PIP  ,130,PIP All    ,Auto Injury      ,-                        ,60001064948,Deferred     ,Auto     ,Washington,WASHINGTON,,,1,,,1,,,,2040.0,,,2040.0,
-                        ,11/30/2011 334,Nov,4,2011,Cincinnati,Claims JO 1,12/31/9999,Primary  ,Processed      ,Injury    ,2,2040,PIP  ,130,PIP All    ,Auto Injury      ,-                        ,60001069791,Deferred     ,Auto     ,Kentucky,KENTUCKY,,,1,,,1,,,,2040.0,,,2040.0,
-                        ,9/30/2011 273,Sep,3,2011,Rochester,Claims JO 5,12/31/9999,Primary  ,Processed      ,Injury    ,4,5275,BI   ,101,BI All     ,Auto Injury      ,-                        ,60001029359,Deferred     ,Auto     ,New York,NEW YORK,,,1,,,1,,,,5275.0,,,5275.0,
-                        ,2/28/2011 59,Feb,1,2011,C MA,Claims JO 4,12/31/9999,Primary  ,Processed      ,Injury    ,1,6400,UMBI ,120,BI All     ,Auto Injury      ,-                        ,60000850521,Deferred     ,Auto     ,Massachusetts,MASSACHUSETTS,,,1,,,,,,,6400.0,,,,
-                        ,2/28/2011 59,Feb,1,2011,C MA,Claims JO 4,12/31/9999,Primary  ,Processed      ,Injury    ,3,1315,PIP  ,130,PIP All    ,Auto Injury      ,-                        ,60000821802,Deferred     ,Auto     ,Massachusetts,MASSACHUSETTS,,,1,,,,,,,1315.0,,,,
-                        ,2/28/2011 59,Feb,1,2011,C MA,Claims JO 4,12/31/9999,Primary  ,Processed      ,Phy Dam   ,1,3400,COLL ,090,Coll All   ,Auto Phy Dam     ,-                        ,60000850238,Deferred     ,Auto     ,Massachusetts,MASSACHUSETTS,,,1,,,,,,,3400.0,,,,
-                        ,2/28/2011 59,Feb,1,2011,C MA,Claims JO 4,12/31/9999,Primary  ,Processed      ,Phy Dam   ,2,2425,PD   ,102,PD All     ,Auto Phy Dam     ,-                        ,60000850242,Deferred     ,Auto     ,Rhode Island,MASSACHUSETTS,,,1,,,1,,,,2425.0,,,2425.0,
-                        ,2/28/2011 59,Feb,1,2011,Hartford,Claims JO 5,12/31/9999,Primary  ,Processed      ,Injury    ,2,5275,BI   ,101,BI All     ,Auto Injury      ,-                        ,60000847241,Deferred     ,Auto     ,Connecticut,CONNECTICUT,,,1,,,,,,,5275.0,,,,
-                        ,2/28/2011 59,Feb,1,2011,Hartford,Claims JO 5,12/31/9999,Primary  ,Processed      ,Phy Dam   ,1,3075,WATER,230,Sec I Dam  ,Home Sec I       ,-                        ,60000849027,Deferred     ,Home     ,Connecticut,CONNECTICUT,,,1,,,1,1,,,3075.0,,,3075.0,3075.0
-                        ,2/28/2011 59,Feb,1,2011,SE MA,Claims JO 4,12/31/9999,Primary  ,Processed      ,Injury    ,4,1460,PIP  ,130,PIP All    ,Auto Injury      ,-                        ,60000850088,Deferred     ,Auto     ,Massachusetts,MASSACHUSETTS,1,,,,,,,1460.0,,,,,,
-                        ,2/28/2011 59,Feb,1,2011,SE MA,Claims JO 4,12/31/9999,Primary  ,Processed      ,Phy Dam   ,3,2425,PD   ,102,PD All     ,Auto Phy Dam     ,-                        ,60000850088,Deferred     ,Auto     ,Massachusetts,MASSACHUSETTS,,,1,,,,,,,2425.0,,,,
-                        ,2/28/2011 59,Feb,1,2011,Chicago,Claims JO 1,12/31/9999,Primary  ,Processed      ,Phy Dam   ,1,3265,WIND ,220,Sec I Dam  ,Home Sec I       ,-                        ,60000850164,Deferred     ,Home     ,Missouri,MISSOURI,,,1,,,1,,,,3265.0,,,3265.0,
-                        ,2/28/2011 59,Feb,1,2011,Dallas,Claims JO 3,12/31/9999,Primary  ,Processed      ,Injury    ,6,5275,BI   ,101,BI All     ,Auto Injury      ,-                        ,60000844459,Deferred     ,Auto     ,Texas,TEXAS,,,1,,,1,,,,5275.0,,,5275.0,
-                        ,2/28/2011 59,Feb,1,2011,Dallas,Claims JO 3,12/31/9999,Primary  ,Processed      ,Injury    ,7,5275,BI   ,101,BI All     ,Auto Injury      ,-                        ,60000844459,Deferred     ,Auto     ,Texas,TEXAS,,,1,,,1,,,,5275.0,,,5275.0,
-                        ,2/28/2011 59,Feb,1,2011,Concord,Claims JO 3,12/31/9999,Primary  ,Processed      ,Phy Dam   ,1,3400,COLL ,090,Coll All   ,Auto Phy Dam     ,-                        ,60000850428,Deferred     ,Auto     ,Vermont,NEW HAMPSHIRE,,,1,,,,,,,3400.0,,,,
-                        ,2/28/2011 59,Feb,1,2011,Baltimore,Claims JO 2,12/31/9999,Primary  ,Processed      ,Phy Dam   ,1,3650,THEFT,020,OTC All    ,Auto Phy Dam     ,-                        ,60000850113,Regular      ,Auto     ,Maryland,MARYLAND,,,1,,,1,,,,3650.0,,,3650.0,
-                        ,2/28/2011 59,Feb,1,2011,Baltimore,Claims JO 2,12/31/9999,Primary  ,Processed      ,Phy Dam   ,2,550,RENT ,025,OTC All    ,Auto Phy Dam     ,-                        ,60000850113,Regular      ,Auto     ,Maryland,MARYLAND,,,1,,,1,,,,550.0,,,550.0,
-                        ,2/28/2011 59,Feb,1,2011,S NJ,Claims JO 5,12/31/9999,Primary  ,Processed      ,Phy Dam   ,2,2425,PD   ,102,PD All     ,Auto Phy Dam     ,-                        ,60000814879,Deferred     ,Auto     ,New Jersey,NEW JERSEY,,,1,,,,,,,2425.0,,,,
-                        ,2/28/2011 59,Feb,1,2011,RI Claims,Claims JO 3,12/31/9999,Primary  ,Processed      ,Phy Dam   ,1,3000,WATER,230,Sec I Dam  ,Home Sec I       ,-                        ,60000850412,Regular      ,Home     ,Rhode Island,RHODE ISLAND,1,,1,,,1,1,3000.0,,3000.0,,,3000.0,3000.0
-                        ,11/30/2010 334,Nov,4,2010,Greenville,Claims JO 2,12/31/9999,Primary  ,Processed      ,Injury    ,1,20000,BI   ,101,BI All     ,Auto Injury      ,-                        ,60000771574,Regular      ,Auto     ,South Carolina,CONNECTICUT,,,1,,,1,,,,20000.0,,,20000.0,
-                        ,11/30/2010 334,Nov,4,2010,Greenville,Claims JO 2,12/31/9999,Primary  ,Processed      ,Injury    ,1,150000,BI   ,101,BI All     ,Auto Injury      ,-                        ,60000771574,Regular      ,Auto     ,South Carolina,CONNECTICUT,1,1,,,,,1,150000.0,150000.0,,,,,150000.0
-                        ,9/30/2010 273,Sep,3,2010,Phoenix,Claims JO 6,12/31/9999,Primary  ,Processed      ,Phy Dam   ,1,3400,COLL ,090,Coll All   ,Auto Phy Dam     ,-                        ,60000725541,Deferred     ,Auto     ,New Mexico,NEW MEXICO,,,1,,,,,,,3400.0,,,,
-                        ,11/30/2009 334,Nov,4,2009,SE MA,Claims JO 4,12/31/9999,Primary  ,Processed      ,Injury    ,2,1315,PIP  ,130,PIP All    ,Auto Injury      ,-                        ,60000438456,Deferred     ,Auto     ,Massachusetts,MASSACHUSETTS,,,1,,,1,1,,,1315.0,,,1315.0,1315.0
-                        ,11/30/2009 334,Nov,4,2009,Dallas,Claims JO 3,12/31/9999,Primary  ,Processed      ,Phy Dam   ,1,15210,FIRE ,210,Sec I Dam  ,Home Sec I       ,-                        ,60000438994,Regular      ,Home     ,Texas,TEXAS,,,,,,,1,,,,,,,15210.0
-                        ,11/30/2009 334,Nov,4,2009,Phoenix,Claims JO 6,12/31/9999,Primary  ,Processed      ,Phy Dam   ,4,2425,PD   ,102,PD All     ,Auto Phy Dam     ,-                        ,60000433267,Deferred     ,Auto     ,New York,NEW YORK,,,,,,1,1,,,,,,2425.0,2425.0
-                        ,11/30/2009 334,Nov,4,2009,Houston,Claims JO 3,12/31/9999,Primary  ,Processed      ,Injury    ,3,3000,MP   ,140,MP All     ,Auto Injury      ,-                        ,60000439591,Deferred     ,Auto     ,Louisiana,LOUISIANA,,,1,,,1,1,,,3000.0,,,3000.0,3000.0
-                        ,11/30/2009 334,Nov,4,2009,Houston,Claims JO 3,12/31/9999,Primary  ,Processed      ,Phy Dam   ,2,550,RENT ,025,OTC All    ,Auto Phy Dam     ,-                        ,60000439591,Deferred     ,Auto     ,Louisiana,LOUISIANA,,,1,,,1,1,,,550.0,,,550.0,550.0
-                        ,6/30/2009 181,Jun,2,2009,W MA,Claims JO 4,12/31/9999,Primary  ,Processed      ,Injury    ,3,1315,PIP  ,130,PIP All    ,Auto Injury      ,-                        ,60000308996,Deferred     ,Auto     ,Massachusetts,MASSACHUSETTS,,,1,,,1,,,,1315.0,,,1315.0,
-                        ,6/30/2009 181,Jun,2,2009,Houston,Claims JO 3,12/31/9999,Primary  ,Processed      ,Injury    ,3,1315,PIP  ,130,PIP All    ,Auto Injury      ,-                        ,60000268610,Deferred     ,Auto     ,Texas,TEXAS,,,1,,,1,,,,1315.0,,,1315.0,
-                        ,4/30/2009 120,Apr,2,2009,C MA,Claims JO 4,12/31/9999,Primary  ,Processed      ,Injury    ,4,1315,PIP  ,130,PIP All    ,Auto Injury      ,-                        ,60000256754,Deferred     ,Auto     ,Massachusetts,MASSACHUSETTS,,,1,,,,,,,1315.0,,,,
-                        ,4/30/2009 120,Apr,2,2009,C MA,Claims JO 4,12/31/9999,Primary  ,Processed      ,Injury    ,5,1315,PIP  ,130,PIP All    ,Auto Injury      ,-                        ,60000256754,Deferred     ,Auto     ,Massachusetts,MASSACHUSETTS,,,1,,,,,,,1315.0,,,,
-                        ,9/30/2008 274,Sep,3,2008,C MA,Claims JO 4,12/31/9999,Primary  ,Processed      ,Injury    ,2,1315,PIP  ,130,PIP All    ,Auto Injury      ,-                        ,60000085951,Deferred     ,Auto     ,Massachusetts,MASSACHUSETTS,,,1,,,1,,,,1315.0,,,1315.0,
-                        ,9/30/2008 274,Sep,3,2008,Greenville,Claims JO 2,12/31/9999,Primary  ,Processed      ,Phy Dam   ,1,2425,UMPD ,122,PD All     ,Auto Phy Dam     ,-                        ,60000084982,Deferred     ,Auto     ,South Carolina,SOUTH CAROLINA,,,1,,,1,,,,2425.0,,,2425.0,
Completed                ,9/30/2015 273,Sep,3,2015,Atlanta,Claims JO 2,12/31/9999,Primary  ,Processed      ,Injury    ,2,7460,BI   ,101,BI All     ,Auto Injury      ,-                        ,60002268078,Deferred     ,Auto     ,Georgia,GEORGIA,,,,,,1,,,,,,,7460.0,
Completed                ,9/30/2015 273,Sep,3,2015,Atlanta,Claims JO 2,12/31/9999,Primary  ,Processed      ,Phy Dam   ,1,4070,COLL ,090,Coll All   ,Auto Phy Dam     ,-                        ,60002264673,Deferred     ,Auto     ,Georgia,GEORGIA,,,1,,,,,,,4070.0,,,,
